--
-- PostgreSQL database dump
--

\restrict 0cgNTwRQbreM03fr2wP1oAWraYXByPNqKezIKVseLMK2RppurgXoEfMlZbdqWFP

-- Dumped from database version 18.0
-- Dumped by pg_dump version 18.0

SET statement_timeout = 0;
SET lock_timeout = 0;
SET idle_in_transaction_session_timeout = 0;
SET transaction_timeout = 0;
SET client_encoding = 'UTF8';
SET standard_conforming_strings = on;
SELECT pg_catalog.set_config('search_path', '', false);
SET check_function_bodies = false;
SET xmloption = content;
SET client_min_messages = warning;
SET row_security = off;

SET default_tablespace = '';

SET default_table_access_method = heap;

--
-- Name: auth_group; Type: TABLE; Schema: public; Owner: postgres
--

CREATE TABLE public.auth_group (
    id integer NOT NULL,
    name character varying(150) NOT NULL
);


ALTER TABLE public.auth_group OWNER TO postgres;

--
-- Name: auth_group_id_seq; Type: SEQUENCE; Schema: public; Owner: postgres
--

ALTER TABLE public.auth_group ALTER COLUMN id ADD GENERATED BY DEFAULT AS IDENTITY (
    SEQUENCE NAME public.auth_group_id_seq
    START WITH 1
    INCREMENT BY 1
    NO MINVALUE
    NO MAXVALUE
    CACHE 1
);


--
-- Name: auth_group_permissions; Type: TABLE; Schema: public; Owner: postgres
--

CREATE TABLE public.auth_group_permissions (
    id bigint NOT NULL,
    group_id integer NOT NULL,
    permission_id integer NOT NULL
);


ALTER TABLE public.auth_group_permissions OWNER TO postgres;

--
-- Name: auth_group_permissions_id_seq; Type: SEQUENCE; Schema: public; Owner: postgres
--

ALTER TABLE public.auth_group_permissions ALTER COLUMN id ADD GENERATED BY DEFAULT AS IDENTITY (
    SEQUENCE NAME public.auth_group_permissions_id_seq
    START WITH 1
    INCREMENT BY 1
    NO MINVALUE
    NO MAXVALUE
    CACHE 1
);


--
-- Name: auth_permission; Type: TABLE; Schema: public; Owner: postgres
--

CREATE TABLE public.auth_permission (
    id integer NOT NULL,
    name character varying(255) NOT NULL,
    content_type_id integer NOT NULL,
    codename character varying(100) NOT NULL
);


ALTER TABLE public.auth_permission OWNER TO postgres;

--
-- Name: auth_permission_id_seq; Type: SEQUENCE; Schema: public; Owner: postgres
--

ALTER TABLE public.auth_permission ALTER COLUMN id ADD GENERATED BY DEFAULT AS IDENTITY (
    SEQUENCE NAME public.auth_permission_id_seq
    START WITH 1
    INCREMENT BY 1
    NO MINVALUE
    NO MAXVALUE
    CACHE 1
);


--
-- Name: auth_user; Type: TABLE; Schema: public; Owner: postgres
--

CREATE TABLE public.auth_user (
    id integer NOT NULL,
    password character varying(128) NOT NULL,
    last_login timestamp with time zone,
    is_superuser boolean NOT NULL,
    username character varying(150) NOT NULL,
    first_name character varying(150) NOT NULL,
    last_name character varying(150) NOT NULL,
    email character varying(254) NOT NULL,
    is_staff boolean NOT NULL,
    is_active boolean NOT NULL,
    date_joined timestamp with time zone NOT NULL
);


ALTER TABLE public.auth_user OWNER TO postgres;

--
-- Name: auth_user_groups; Type: TABLE; Schema: public; Owner: postgres
--

CREATE TABLE public.auth_user_groups (
    id bigint NOT NULL,
    user_id integer NOT NULL,
    group_id integer NOT NULL
);


ALTER TABLE public.auth_user_groups OWNER TO postgres;

--
-- Name: auth_user_groups_id_seq; Type: SEQUENCE; Schema: public; Owner: postgres
--

ALTER TABLE public.auth_user_groups ALTER COLUMN id ADD GENERATED BY DEFAULT AS IDENTITY (
    SEQUENCE NAME public.auth_user_groups_id_seq
    START WITH 1
    INCREMENT BY 1
    NO MINVALUE
    NO MAXVALUE
    CACHE 1
);


--
-- Name: auth_user_id_seq; Type: SEQUENCE; Schema: public; Owner: postgres
--

ALTER TABLE public.auth_user ALTER COLUMN id ADD GENERATED BY DEFAULT AS IDENTITY (
    SEQUENCE NAME public.auth_user_id_seq
    START WITH 1
    INCREMENT BY 1
    NO MINVALUE
    NO MAXVALUE
    CACHE 1
);


--
-- Name: auth_user_user_permissions; Type: TABLE; Schema: public; Owner: postgres
--

CREATE TABLE public.auth_user_user_permissions (
    id bigint NOT NULL,
    user_id integer NOT NULL,
    permission_id integer NOT NULL
);


ALTER TABLE public.auth_user_user_permissions OWNER TO postgres;

--
-- Name: auth_user_user_permissions_id_seq; Type: SEQUENCE; Schema: public; Owner: postgres
--

ALTER TABLE public.auth_user_user_permissions ALTER COLUMN id ADD GENERATED BY DEFAULT AS IDENTITY (
    SEQUENCE NAME public.auth_user_user_permissions_id_seq
    START WITH 1
    INCREMENT BY 1
    NO MINVALUE
    NO MAXVALUE
    CACHE 1
);


--
-- Name: dashboard_connectionsbookentry; Type: TABLE; Schema: public; Owner: postgres
--

CREATE TABLE public.dashboard_connectionsbookentry (
    id bigint NOT NULL,
    slot integer NOT NULL,
    book_id character varying(100) NOT NULL,
    group_id bigint NOT NULL
);


ALTER TABLE public.dashboard_connectionsbookentry OWNER TO postgres;

--
-- Name: dashboard_connectionsbookentry_id_seq; Type: SEQUENCE; Schema: public; Owner: postgres
--

ALTER TABLE public.dashboard_connectionsbookentry ALTER COLUMN id ADD GENERATED BY DEFAULT AS IDENTITY (
    SEQUENCE NAME public.dashboard_connectionsbookentry_id_seq
    START WITH 1
    INCREMENT BY 1
    NO MINVALUE
    NO MAXVALUE
    CACHE 1
);


--
-- Name: dashboard_connectionsdraft; Type: TABLE; Schema: public; Owner: postgres
--

CREATE TABLE public.dashboard_connectionsdraft (
    id bigint NOT NULL,
    created_at timestamp with time zone NOT NULL,
    updated_at timestamp with time zone NOT NULL,
    data jsonb NOT NULL,
    created_by_id integer NOT NULL
);


ALTER TABLE public.dashboard_connectionsdraft OWNER TO postgres;

--
-- Name: dashboard_connectionsdraft_id_seq; Type: SEQUENCE; Schema: public; Owner: postgres
--

ALTER TABLE public.dashboard_connectionsdraft ALTER COLUMN id ADD GENERATED BY DEFAULT AS IDENTITY (
    SEQUENCE NAME public.dashboard_connectionsdraft_id_seq
    START WITH 1
    INCREMENT BY 1
    NO MINVALUE
    NO MAXVALUE
    CACHE 1
);


--
-- Name: dashboard_connectionsgroup; Type: TABLE; Schema: public; Owner: postgres
--

CREATE TABLE public.dashboard_connectionsgroup (
    id bigint NOT NULL,
    category character varying(200) NOT NULL,
    difficulty integer NOT NULL,
    "order" integer NOT NULL,
    puzzle_id bigint NOT NULL
);


ALTER TABLE public.dashboard_connectionsgroup OWNER TO postgres;

--
-- Name: dashboard_connectionsgroup_id_seq; Type: SEQUENCE; Schema: public; Owner: postgres
--

ALTER TABLE public.dashboard_connectionsgroup ALTER COLUMN id ADD GENERATED BY DEFAULT AS IDENTITY (
    SEQUENCE NAME public.dashboard_connectionsgroup_id_seq
    START WITH 1
    INCREMENT BY 1
    NO MINVALUE
    NO MAXVALUE
    CACHE 1
);


--
-- Name: dashboard_connectionspuzzle; Type: TABLE; Schema: public; Owner: postgres
--

CREATE TABLE public.dashboard_connectionspuzzle (
    id bigint NOT NULL,
    created_at timestamp with time zone NOT NULL,
    updated_at timestamp with time zone NOT NULL,
    created_by_id integer
);


ALTER TABLE public.dashboard_connectionspuzzle OWNER TO postgres;

--
-- Name: dashboard_connectionspuzzle_id_seq; Type: SEQUENCE; Schema: public; Owner: postgres
--

ALTER TABLE public.dashboard_connectionspuzzle ALTER COLUMN id ADD GENERATED BY DEFAULT AS IDENTITY (
    SEQUENCE NAME public.dashboard_connectionspuzzle_id_seq
    START WITH 1
    INCREMENT BY 1
    NO MINVALUE
    NO MAXVALUE
    CACHE 1
);


--
-- Name: django_admin_log; Type: TABLE; Schema: public; Owner: postgres
--

CREATE TABLE public.django_admin_log (
    id integer NOT NULL,
    action_time timestamp with time zone NOT NULL,
    object_id text,
    object_repr character varying(200) NOT NULL,
    action_flag smallint NOT NULL,
    change_message text NOT NULL,
    content_type_id integer,
    user_id integer NOT NULL,
    CONSTRAINT django_admin_log_action_flag_check CHECK ((action_flag >= 0))
);


ALTER TABLE public.django_admin_log OWNER TO postgres;

--
-- Name: django_admin_log_id_seq; Type: SEQUENCE; Schema: public; Owner: postgres
--

ALTER TABLE public.django_admin_log ALTER COLUMN id ADD GENERATED BY DEFAULT AS IDENTITY (
    SEQUENCE NAME public.django_admin_log_id_seq
    START WITH 1
    INCREMENT BY 1
    NO MINVALUE
    NO MAXVALUE
    CACHE 1
);


--
-- Name: django_content_type; Type: TABLE; Schema: public; Owner: postgres
--

CREATE TABLE public.django_content_type (
    id integer NOT NULL,
    app_label character varying(100) NOT NULL,
    model character varying(100) NOT NULL
);


ALTER TABLE public.django_content_type OWNER TO postgres;

--
-- Name: django_content_type_id_seq; Type: SEQUENCE; Schema: public; Owner: postgres
--

ALTER TABLE public.django_content_type ALTER COLUMN id ADD GENERATED BY DEFAULT AS IDENTITY (
    SEQUENCE NAME public.django_content_type_id_seq
    START WITH 1
    INCREMENT BY 1
    NO MINVALUE
    NO MAXVALUE
    CACHE 1
);


--
-- Name: django_migrations; Type: TABLE; Schema: public; Owner: postgres
--

CREATE TABLE public.django_migrations (
    id bigint NOT NULL,
    app character varying(255) NOT NULL,
    name character varying(255) NOT NULL,
    applied timestamp with time zone NOT NULL
);


ALTER TABLE public.django_migrations OWNER TO postgres;

--
-- Name: django_migrations_id_seq; Type: SEQUENCE; Schema: public; Owner: postgres
--

ALTER TABLE public.django_migrations ALTER COLUMN id ADD GENERATED BY DEFAULT AS IDENTITY (
    SEQUENCE NAME public.django_migrations_id_seq
    START WITH 1
    INCREMENT BY 1
    NO MINVALUE
    NO MAXVALUE
    CACHE 1
);


--
-- Name: django_session; Type: TABLE; Schema: public; Owner: postgres
--

CREATE TABLE public.django_session (
    session_key character varying(40) NOT NULL,
    session_data text NOT NULL,
    expire_date timestamp with time zone NOT NULL
);


ALTER TABLE public.django_session OWNER TO postgres;

--
-- Name: game_category; Type: TABLE; Schema: public; Owner: postgres
--

CREATE TABLE public.game_category (
    id bigint NOT NULL,
    display_name character varying(200) NOT NULL,
    logic_code character varying(100) NOT NULL,
    description character varying(500) NOT NULL,
    is_active boolean NOT NULL,
    created_at timestamp with time zone NOT NULL
);


ALTER TABLE public.game_category OWNER TO postgres;

--
-- Name: game_category_id_seq; Type: SEQUENCE; Schema: public; Owner: postgres
--

ALTER TABLE public.game_category ALTER COLUMN id ADD GENERATED BY DEFAULT AS IDENTITY (
    SEQUENCE NAME public.game_category_id_seq
    START WITH 1
    INCREMENT BY 1
    NO MINVALUE
    NO MAXVALUE
    CACHE 1
);


--
-- Name: game_dailypuzzle; Type: TABLE; Schema: public; Owner: postgres
--

CREATE TABLE public.game_dailypuzzle (
    id bigint NOT NULL,
    date date NOT NULL,
    created_at timestamp with time zone NOT NULL,
    col_1_id bigint NOT NULL,
    col_2_id bigint NOT NULL,
    col_3_id bigint NOT NULL,
    row_1_id bigint NOT NULL,
    row_2_id bigint NOT NULL,
    row_3_id bigint NOT NULL
);


ALTER TABLE public.game_dailypuzzle OWNER TO postgres;

--
-- Name: game_dailypuzzle_id_seq; Type: SEQUENCE; Schema: public; Owner: postgres
--

ALTER TABLE public.game_dailypuzzle ALTER COLUMN id ADD GENERATED BY DEFAULT AS IDENTITY (
    SEQUENCE NAME public.game_dailypuzzle_id_seq
    START WITH 1
    INCREMENT BY 1
    NO MINVALUE
    NO MAXVALUE
    CACHE 1
);


--
-- Name: library_author; Type: TABLE; Schema: public; Owner: postgres
--

CREATE TABLE public.library_author (
    id bigint NOT NULL,
    name character varying(500) NOT NULL,
    debut_novel_id character varying(100)
);


ALTER TABLE public.library_author OWNER TO postgres;

--
-- Name: library_author_id_seq; Type: SEQUENCE; Schema: public; Owner: postgres
--

ALTER TABLE public.library_author ALTER COLUMN id ADD GENERATED BY DEFAULT AS IDENTITY (
    SEQUENCE NAME public.library_author_id_seq
    START WITH 1
    INCREMENT BY 1
    NO MINVALUE
    NO MAXVALUE
    CACHE 1
);


--
-- Name: library_book; Type: TABLE; Schema: public; Owner: postgres
--

CREATE TABLE public.library_book (
    google_book_id character varying(100) NOT NULL,
    title character varying(500) NOT NULL,
    publish_year integer,
    page_count integer,
    thumbnail_url character varying(500),
    isbn character varying(13),
    author_id bigint,
    cover_override character varying(500)
);


ALTER TABLE public.library_book OWNER TO postgres;

--
-- Name: library_book_subjects; Type: TABLE; Schema: public; Owner: postgres
--

CREATE TABLE public.library_book_subjects (
    id bigint NOT NULL,
    book_id character varying(100) NOT NULL,
    subject_id bigint NOT NULL
);


ALTER TABLE public.library_book_subjects OWNER TO postgres;

--
-- Name: library_book_subjects_id_seq; Type: SEQUENCE; Schema: public; Owner: postgres
--

ALTER TABLE public.library_book_subjects ALTER COLUMN id ADD GENERATED BY DEFAULT AS IDENTITY (
    SEQUENCE NAME public.library_book_subjects_id_seq
    START WITH 1
    INCREMENT BY 1
    NO MINVALUE
    NO MAXVALUE
    CACHE 1
);


--
-- Name: library_subject; Type: TABLE; Schema: public; Owner: postgres
--

CREATE TABLE public.library_subject (
    id bigint NOT NULL,
    name character varying(500) NOT NULL
);


ALTER TABLE public.library_subject OWNER TO postgres;

--
-- Name: library_subject_id_seq; Type: SEQUENCE; Schema: public; Owner: postgres
--

ALTER TABLE public.library_subject ALTER COLUMN id ADD GENERATED BY DEFAULT AS IDENTITY (
    SEQUENCE NAME public.library_subject_id_seq
    START WITH 1
    INCREMENT BY 1
    NO MINVALUE
    NO MAXVALUE
    CACHE 1
);


--
-- Data for Name: auth_group; Type: TABLE DATA; Schema: public; Owner: postgres
--

COPY public.auth_group (id, name) FROM stdin;
\.


--
-- Data for Name: auth_group_permissions; Type: TABLE DATA; Schema: public; Owner: postgres
--

COPY public.auth_group_permissions (id, group_id, permission_id) FROM stdin;
\.


--
-- Data for Name: auth_permission; Type: TABLE DATA; Schema: public; Owner: postgres
--

COPY public.auth_permission (id, name, content_type_id, codename) FROM stdin;
1	Can add log entry	1	add_logentry
2	Can change log entry	1	change_logentry
3	Can delete log entry	1	delete_logentry
4	Can view log entry	1	view_logentry
5	Can add permission	2	add_permission
6	Can change permission	2	change_permission
7	Can delete permission	2	delete_permission
8	Can view permission	2	view_permission
9	Can add group	3	add_group
10	Can change group	3	change_group
11	Can delete group	3	delete_group
12	Can view group	3	view_group
13	Can add user	4	add_user
14	Can change user	4	change_user
15	Can delete user	4	delete_user
16	Can view user	4	view_user
17	Can add content type	5	add_contenttype
18	Can change content type	5	change_contenttype
19	Can delete content type	5	delete_contenttype
20	Can view content type	5	view_contenttype
21	Can add session	6	add_session
22	Can change session	6	change_session
23	Can delete session	6	delete_session
24	Can view session	6	view_session
25	Can add author	7	add_author
26	Can change author	7	change_author
27	Can delete author	7	delete_author
28	Can view author	7	view_author
29	Can add subject	8	add_subject
30	Can change subject	8	change_subject
31	Can delete subject	8	delete_subject
32	Can view subject	8	view_subject
33	Can add book	9	add_book
34	Can change book	9	change_book
35	Can delete book	9	delete_book
36	Can view book	9	view_book
37	Can add category	10	add_category
38	Can change category	10	change_category
39	Can delete category	10	delete_category
40	Can view category	10	view_category
41	Can add daily puzzle	11	add_dailypuzzle
42	Can change daily puzzle	11	change_dailypuzzle
43	Can delete daily puzzle	11	delete_dailypuzzle
44	Can view daily puzzle	11	view_dailypuzzle
45	Can add connections book entry	12	add_connectionsbookentry
46	Can change connections book entry	12	change_connectionsbookentry
47	Can delete connections book entry	12	delete_connectionsbookentry
48	Can view connections book entry	12	view_connectionsbookentry
49	Can add connections puzzle	13	add_connectionspuzzle
50	Can change connections puzzle	13	change_connectionspuzzle
51	Can delete connections puzzle	13	delete_connectionspuzzle
52	Can view connections puzzle	13	view_connectionspuzzle
53	Can add connections group	14	add_connectionsgroup
54	Can change connections group	14	change_connectionsgroup
55	Can delete connections group	14	delete_connectionsgroup
56	Can view connections group	14	view_connectionsgroup
57	Can add connections draft	15	add_connectionsdraft
58	Can change connections draft	15	change_connectionsdraft
59	Can delete connections draft	15	delete_connectionsdraft
60	Can view connections draft	15	view_connectionsdraft
\.


--
-- Data for Name: auth_user; Type: TABLE DATA; Schema: public; Owner: postgres
--

COPY public.auth_user (id, password, last_login, is_superuser, username, first_name, last_name, email, is_staff, is_active, date_joined) FROM stdin;
1	pbkdf2_sha256$1000000$CERpFT9jHmhst4MZaAbNTf$0egnSczugSZEhii//zeFy2N2yNTxZ2i+4V5s/SkS3UY=	2026-05-20 14:44:16.138569-04	t	ingrahamc			colinringraham@gmail.com	t	t	2025-12-08 17:46:59.515252-05
\.


--
-- Data for Name: auth_user_groups; Type: TABLE DATA; Schema: public; Owner: postgres
--

COPY public.auth_user_groups (id, user_id, group_id) FROM stdin;
\.


--
-- Data for Name: auth_user_user_permissions; Type: TABLE DATA; Schema: public; Owner: postgres
--

COPY public.auth_user_user_permissions (id, user_id, permission_id) FROM stdin;
\.


--
-- Data for Name: dashboard_connectionsbookentry; Type: TABLE DATA; Schema: public; Owner: postgres
--

COPY public.dashboard_connectionsbookentry (id, slot, book_id, group_id) FROM stdin;
17	0	U3afEAAAQBAJ	5
18	1	bgpJn-Oq22MC	5
19	2	7wdQa2hG16MC	5
20	3	u-QdEAAAQBAJ	5
21	0	-Ff2DwAAQBAJ	6
22	1	ibOrDwAAQBAJ	6
23	2	9xHCAgAAQBAJ	6
25	0	7rnTEAAAQBAJ	7
26	1	6P_jN6zUuMcC	7
27	2	pK0X5FyUs28C	7
28	3	-QehYPAaLrAC	7
29	0	3PabEAAAQBAJ	8
30	1	LUtaAAAAMAAJ	8
31	2	XirTbN3qo1MC	8
32	3	Nhe2yvx6hP8C	8
33	0	kKiOEAAAQBAJ	9
34	1	Gz-d8SIFAcgC	9
35	2	ECuBswEACAAJ	9
36	3	mrpPEAAAQBAJ	9
37	0	r26PEAAAQBAJ	10
38	1	p5ozDwAAQBAJ	10
39	2	6Yc-DwAAQBAJ	10
40	3	wrOQLV6xB-wC	10
41	0	NeMtSAAACAAJ	11
42	1	ha6GIYze5lEC	11
43	2	CBC5DwAAQBAJ	11
44	3	oRPmEAAAQBAJ	11
45	0	AfB8EAAAQBAJ	12
46	1	zKEKkAEACAAJ	12
47	2	CPPxMXgaKhAC	12
48	3	x8xtwgEACAAJ	12
24	3	qhQAywOYz10C	6
49	0	vH3LDwAAQBAJ	13
50	1	t5yFTpIJYhcC	13
51	2	W4r7lF_MSMYC	13
52	3	rpLxEAAAQBAJ	13
53	0	J04YAAAAYAAJ	14
54	1	iGO1EAAAQBAJ	14
55	2	ittzoegmRpAC	14
56	3	Ss5PDQAAQBAJ	14
57	0	WYSLDQAAQBAJ	15
58	1	1qdPEAAAQBAJ	15
59	2	ghKyLjIU4-QC	15
60	3	BfyLDQAAQBAJ	15
61	0	O8GmVV4IGR8C	16
62	1	1pCbDwAAQBAJ	16
63	2	jA_ADwAAQBAJ	16
64	3	jM5vzwEACAAJ	16
65	0	iyfgqV5dxXQC	17
66	1	NeMtSAAACAAJ	17
67	2	jpqCEAAAQBAJ	17
68	3	_It_EAAAQBAJ	17
69	0	lmy-EAAAQBAJ	18
70	1	iCWgDwAAQBAJ	18
71	2	QVn-CgAAQBAJ	18
73	0	hoGkPfds4tAC	19
74	1	ECuBswEACAAJ	19
75	2	owFWa3p5h28C	19
76	3	iSrI-BQqFf0C	19
77	0	Dgv0DwAAQBAJ	20
78	1	s9q60rLUbRcC	20
79	2	mdnrlnf9IGwC	20
80	3	lSMGAAAAQAAJ	20
72	3	V2-ChsYrvloC	18
81	0	5EIPAAAAQAAJ	21
82	1	pWyLDQAAQBAJ	21
83	2	gTycDAEACAAJ	21
84	3	ZrNzAwAAQBAJ	21
85	0	jpqCEAAAQBAJ	22
86	1	23ftDwAAQBAJ	22
87	2	C_dvDwAAQBAJ	22
88	3	anJrbWGCdmAC	22
89	0	OlCHcjX0RT4C	23
90	1	wrOQLV6xB-wC	23
91	2	ghKyLjIU4-QC	23
92	3	gm1_ZjzjEboC	23
93	0	dFsPAQAAIAAJ	24
94	1	pgvqsaYvgacC	24
95	2	dRoGDQAAQBAJ	24
96	3	rWIHTxHGVTcC	24
97	0	9F90xQEACAAJ	25
98	1	M-CocWLBGB4C	25
99	2	DU0LDAAAQBAJ	25
100	3	IxWOEAAAQBAJ	25
101	0	SQCxEHEXBykC	26
102	1	r119-dYq0mwC	26
103	2	pWyLDQAAQBAJ	26
104	3	D6uZDwAAQBAJ	26
105	0	bZnHBAAAQBAJ	27
106	1	lmy-EAAAQBAJ	27
107	2	WZ0f_yUgc0UC	27
108	3	ebW2JpsaOxkC	27
109	0	B1hSG45JCX4C	28
110	1	WEW1cC7yaCQC	28
111	2	cLhVjQGs83QC	28
112	3	etukl7GfrxQC	28
113	0	7mWHXbGlc6UC	29
114	1	bgpJn-Oq22MC	29
115	2	8FWTZTkKKUkC	29
116	3	s9q60rLUbRcC	29
117	0	OwsBBAAAQBAJ	30
118	1	TxFxDwAAQBAJ	30
119	2	G0KJzgEACAAJ	30
120	3	HJ8Wg0u7CUgC	30
121	0	owFWa3p5h28C	31
122	1	twDVs4UIU_kC	31
123	2	GXYH1C_esq0C	31
124	3	hTy7QzxZSEUC	31
125	0	7wdQa2hG16MC	32
126	1	wrOQLV6xB-wC	32
127	2	lDKoFjT_tT0C	32
128	3	O8GmVV4IGR8C	32
145	0	49fWEAAAQBAJ	37
146	1	lmy-EAAAQBAJ	37
147	2	zKEKkAEACAAJ	37
148	3	6qzHDAAAQBAJ	37
149	0	mrpPEAAAQBAJ	38
150	1	O8XZAAAAMAAJ	38
151	2	rWuODQAAQBAJ	38
152	3	Yfj1DwAAQBAJ	38
153	0	FCTYDwAAQBAJ	39
154	1	ZbBOAAAAMAAJ	39
155	2	GrGdDwAAQBAJ	39
156	3	zKl_4L9AWccC	39
157	0	hoGkPfds4tAC	40
158	1	oR1avgEACAAJ	40
159	2	ScdAEQAAQBAJ	40
160	3	gTycDAEACAAJ	40
\.


--
-- Data for Name: dashboard_connectionsdraft; Type: TABLE DATA; Schema: public; Owner: postgres
--

COPY public.dashboard_connectionsdraft (id, created_at, updated_at, data, created_by_id) FROM stdin;
13	2026-05-26 15:50:43.552765-04	2026-05-26 16:00:47.350692-04	{"groups": [{"books": [{"id": "iXn5U2IzVH0C", "cover": "https://books.google.com/books/content?id=iXn5U2IzVH0C&printsec=frontcover&img=1&zoom=1&edge=curl&imgtk=AFLRE73FgFqbFmwY-tKHUFlVaTDFbTsgFU_Q_c_UsjGJ5c0FbnpzIVqUX72qpqgpnY9Vv0S-gGDFL3-hOXAf8lPvwwuE3xmfvKYH0hECXCCAe5C1wHdN5W7HfwlEqvOBeHHbvrzapGb6&source=gbs_api", "title": "The Great Gatsby", "author": "F. Scott Fitzgerald", "cover_override": ""}, null, null, null], "category": ""}, {"books": [null, null, null, null], "category": ""}, {"books": [null, null, null, null], "category": ""}, {"books": [null, null, null, null], "category": ""}]}	1
\.


--
-- Data for Name: dashboard_connectionsgroup; Type: TABLE DATA; Schema: public; Owner: postgres
--

COPY public.dashboard_connectionsgroup (id, category, difficulty, "order", puzzle_id) FROM stdin;
5	Books with a color in the title	1	0	3
7	Epistolary Novels	3	2	3
8	Title comes from Shakespeare	4	3	3
9	Title contains a body part	1	0	4
10	Set in a university or school	2	1	4
12	Originally published in a language other than English	4	3	4
6	2026 Book to Screen Adaptations	2	1	3
13	Title contains a person's full name	1	0	5
14	Animal protagonists	2	1	5
15	Title is based on a line from the Bible	3	2	5
16	Published posthumously	4	3	5
17	Title contains an animal	1	0	6
19	Unnamed Protagonists	3	2	6
20	Originally published under a pen name	4	3	6
18	Books over 300,000 words	2	1	6
21	Books with numbers in the title	1	0	7
22	Novellas	2	1	7
23	Debut novels	3	2	7
24	Books set during World War 1	4	3	7
11	One-hit-wonder authors	3	2	4
25	Titles containing 'where'	1	0	8
26	Books with Time Travel	2	1	8
28	Hugo Award Winners	4	3	8
27	Titles containing nobility	3	2	8
29	Fruit in the title	1	0	9
30	Popular Disney adaptations	2	1	9
31	Pulitzer Winners	3	2	9
32	Title was changed for an American audience	4	3	9
37	French literature	1	0	10
38	Movie adaptations directed by Spielberg	2	1	10
39	Mononym Protagonists	3	2	10
40	Unreliable Narrators	4	3	10
\.


--
-- Data for Name: dashboard_connectionspuzzle; Type: TABLE DATA; Schema: public; Owner: postgres
--

COPY public.dashboard_connectionspuzzle (id, created_at, updated_at, created_by_id) FROM stdin;
3	2026-05-19 16:17:58.556077-04	2026-05-20 14:34:26.430135-04	1
4	2026-05-20 15:46:44.255153-04	2026-05-20 15:46:44.255177-04	1
5	2026-05-22 11:31:34.634509-04	2026-05-22 11:31:34.634548-04	1
6	2026-05-22 12:07:47.184126-04	2026-05-22 12:07:47.184164-04	1
7	2026-05-23 11:42:50.091667-04	2026-05-23 11:42:50.091698-04	1
8	2026-05-23 12:31:42.286969-04	2026-05-23 12:31:42.287003-04	1
9	2026-05-26 15:21:16.033126-04	2026-05-26 15:21:16.033175-04	1
10	2026-05-26 15:41:09.566605-04	2026-05-26 16:00:31.854015-04	1
\.


--
-- Data for Name: django_admin_log; Type: TABLE DATA; Schema: public; Owner: postgres
--

COPY public.django_admin_log (id, action_time, object_id, object_repr, action_flag, change_message, content_type_id, user_id) FROM stdin;
1	2025-12-08 17:52:49.358436-05	sRO94JTt3OUC	Through the Looking-Glass	3		9	1
2	2025-12-09 16:24:05.781895-05	1-1aEMGGPBsC	A Tale of Two Cities	3		9	1
3	2025-12-26 18:17:40.124947-05	1	Puzzle for 2025-12-25	3		11	1
4	2025-12-27 08:17:22.040522-05	19	Published during World War 2	2	[{"changed": {"fields": ["Is active"]}}]	10	1
5	2025-12-27 08:28:06.569257-05	10	Autobiography	2	[{"changed": {"fields": ["Is active"]}}]	10	1
6	2025-12-27 08:28:22.397935-05	4	Graphic Novels	2	[{"changed": {"fields": ["Is active"]}}]	10	1
7	2025-12-27 08:28:36.486668-05	30	Title Contains a Season	2	[{"changed": {"fields": ["Is active"]}}]	10	1
8	2025-12-27 08:43:15.385596-05	20	Published in a leap year	2	[{"changed": {"fields": ["Is active"]}}]	10	1
9	2026-01-02 15:10:51.0085-05	21	Books under 250 pages	2	[{"changed": {"fields": ["Display name", "Logic code", "Description"]}}]	10	1
10	2026-01-05 15:56:13.058472-05	23	Books over 1000 pages	2	[{"changed": {"fields": ["Is active"]}}]	10	1
11	2026-05-19 16:11:50.899601-04	2	Connections Puzzle #2	3		13	1
12	2026-05-20 14:34:26.439858-04	3	Connections Puzzle #3	2	[{"changed": {"name": "connections group", "object": "Puzzle #3 | G4: Title comes from Shakespeare", "fields": ["Category"]}}]	13	1
13	2026-05-20 15:50:15.994028-04	6	Puzzle #3 | G2: 2026 Book to Screen Adaptations	2	[{"changed": {"name": "connections book entry", "object": "Puzzle #3 | G2: 2026 Book to Screen Adaptations | Slot 3: The Odyssey", "fields": ["Book"]}}]	14	1
14	2026-05-22 12:09:03.706324-04	18	Puzzle #6 | G2: Books over 300,000 words	2	[{"changed": {"name": "connections book entry", "object": "Puzzle #6 | G2: Books over 300,000 words | Slot 3: Don Quixote", "fields": ["Book"]}}]	14	1
15	2026-05-23 11:59:24.584973-04	11	Puzzle #4 | G3: One-hit-wonder authors	2	[{"changed": {"fields": ["Category"]}}]	14	1
16	2026-05-23 12:32:52.921182-04	27	Puzzle #8 | G3: Titles containing nobility	2	[{"changed": {"fields": ["Category"]}}]	14	1
\.


--
-- Data for Name: django_content_type; Type: TABLE DATA; Schema: public; Owner: postgres
--

COPY public.django_content_type (id, app_label, model) FROM stdin;
1	admin	logentry
2	auth	permission
3	auth	group
4	auth	user
5	contenttypes	contenttype
6	sessions	session
7	library	author
8	library	subject
9	library	book
10	game	category
11	game	dailypuzzle
12	dashboard	connectionsbookentry
13	dashboard	connectionspuzzle
14	dashboard	connectionsgroup
15	dashboard	connectionsdraft
\.


--
-- Data for Name: django_migrations; Type: TABLE DATA; Schema: public; Owner: postgres
--

COPY public.django_migrations (id, app, name, applied) FROM stdin;
1	contenttypes	0001_initial	2025-12-08 17:46:43.555529-05
2	auth	0001_initial	2025-12-08 17:46:43.63766-05
3	admin	0001_initial	2025-12-08 17:46:43.674477-05
4	admin	0002_logentry_remove_auto_add	2025-12-08 17:46:43.685378-05
5	admin	0003_logentry_add_action_flag_choices	2025-12-08 17:46:43.692894-05
6	contenttypes	0002_remove_content_type_name	2025-12-08 17:46:43.715245-05
7	auth	0002_alter_permission_name_max_length	2025-12-08 17:46:43.728792-05
8	auth	0003_alter_user_email_max_length	2025-12-08 17:46:43.736761-05
9	auth	0004_alter_user_username_opts	2025-12-08 17:46:43.744411-05
10	auth	0005_alter_user_last_login_null	2025-12-08 17:46:43.752352-05
11	auth	0006_require_contenttypes_0002	2025-12-08 17:46:43.753704-05
12	auth	0007_alter_validators_add_error_messages	2025-12-08 17:46:43.766023-05
13	auth	0008_alter_user_username_max_length	2025-12-08 17:46:43.785116-05
14	auth	0009_alter_user_last_name_max_length	2025-12-08 17:46:43.795874-05
15	auth	0010_alter_group_name_max_length	2025-12-08 17:46:43.806899-05
16	auth	0011_update_proxy_permissions	2025-12-08 17:46:43.814959-05
17	auth	0012_alter_user_first_name_max_length	2025-12-08 17:46:43.823293-05
18	library	0001_initial	2025-12-08 17:46:43.880294-05
19	sessions	0001_initial	2025-12-08 17:46:43.890942-05
20	game	0001_initial	2025-12-18 18:19:36.177124-05
21	game	0002_dailypuzzle	2025-12-25 17:49:44.948307-05
22	dashboard	0001_initial	2026-05-18 16:48:42.276967-04
23	dashboard	0002_alter_connectionspuzzle_options_and_more	2026-05-19 15:51:06.514691-04
24	dashboard	0003_connectionsdraft	2026-05-20 14:59:46.388553-04
25	library	0002_book_cover_override	2026-05-26 15:43:17.57721-04
\.


--
-- Data for Name: django_session; Type: TABLE DATA; Schema: public; Owner: postgres
--

COPY public.django_session (session_key, session_data, expire_date) FROM stdin;
n1lcf6yyocyjyy00jpwuhadbig2twlvf	.eJxVjEEOwiAQRe_C2pChQwu4dO8ZyDCAVA0kpV0Z765NutDtf-_9l_C0rcVvPS1-juIslDj9boH4keoO4p3qrUludV3mIHdFHrTLa4vpeTncv4NCvXzrkTChBa05TzggOmU0EgA6ZsRIYA2oCJxU4OBcdplNDpMOBgZ0oxXvD8GXNzk:1vSk0k:FkVseD06vEEze_5DjjZxcqFBw7PBokl2ahLyAU_RU90	2025-12-22 17:47:18.920739-05
mkkuuvamsrdr19prooc06kp9fqilq21q	.eJxVjEEOwiAQRe_C2pChQwu4dO8ZyDCAVA0kpV0Z765NutDtf-_9l_C0rcVvPS1-juIslDj9boH4keoO4p3qrUludV3mIHdFHrTLa4vpeTncv4NCvXzrkTChBa05TzggOmU0EgA6ZsRIYA2oCJxU4OBcdplNDpMOBgZ0oxXvD8GXNzk:1vYuFz:cANOZdst2Eo-WYNdEtXudJFRvV3N7PHjlkAt4tsdJEc	2026-01-08 17:56:31.561043-05
3gjdzq5eksg19dh4diw5okqtbq5744bj	.eJxlj0FrhDAQhf9LzkESx12Nx17aS089ikgSR9euaySJLcvif28itlSWB8PwZvLmy4M0cvGXZnFom6ElJeGE_veU1Fec4qD9lFNvEm0mbweVxJVkn7rk3bQ4vuy7h4CLdJfw-iQBoWBZprszpACC5xlIxkBoDdBKVuSMt0wjV1oJ0YlO5506ZypnKYhTEULD5Qm1H8zkGm1u84geA9iDZLH0Czr3Njhv7J2UVcXopppWnHIKlO8dp-mhA7rpz4t7Kd1U15TcQqK8oiMlUPJtJlJ6u-C6HnFma3ob7kcQiMWZ8QvbV2uWOZhVwCDzKO9oP54Hz-TxeiT__cORY13XH5F3isU:1wQova:ayIUh_YqmITkveh0nvr-9KNn2hxj76rAf52Kf4OoBnA	2026-06-06 12:10:18.661623-04
\.


--
-- Data for Name: game_category; Type: TABLE DATA; Schema: public; Owner: postgres
--

COPY public.game_category (id, display_name, logic_code, description, is_active, created_at) FROM stdin;
1	Fantasy	SFantasy	Listed under Fantasy subjects or genres.	t	2025-12-18 18:19:40.22491-05
2	Historical Fiction	SHistorical	Listed under Historical Fiction subjects.	t	2025-12-18 18:19:40.230352-05
3	Literary Fiction	SLiterary	Listed under Literary Fiction or General Fiction subjects.	t	2025-12-18 18:19:40.232917-05
5	Romance	SRomance	Listed under Romance subjects.	t	2025-12-18 18:19:40.238468-05
6	Juvenile Fiction	SJuvenile	Books categorized as Children's or Young Adult fiction.	t	2025-12-18 18:19:40.241262-05
7	Poetry Collections	SPoetry	Collections of poetry or single epic poems.	t	2025-12-18 18:19:40.244015-05
8	Mystery	SMystery	Listed under Mystery, Thriller, Crime, or Detective fiction.	t	2025-12-18 18:19:40.248175-05
9	Horror	SHorror	Listed under Horror subjects.	t	2025-12-18 18:19:40.250405-05
11	From the 19th Century	Tc19	Published between 1800 and 1899.	t	2025-12-18 18:19:40.255643-05
12	From the 20th Century	Tc20	Published between 1900 and 1999.	t	2025-12-18 18:19:40.259283-05
13	From the 21st Century	Tc21	Published in or after the year 2000.	t	2025-12-18 18:19:40.262871-05
14	From the 2020s	Td22	Published in 2020 or later.	t	2025-12-18 18:19:40.26645-05
15	From the 2010s	Td21	Published between 2010 and 2019.	t	2025-12-18 18:19:40.269331-05
16	From the 1990s	Td99	Published between 1990 and 1999.	t	2025-12-18 18:19:40.27171-05
17	From the 1980s	Td98	Published between 1980 and 1989.	t	2025-12-18 18:19:40.273935-05
18	From the 1970s	Td97	Published between 1970 and 1979.	t	2025-12-18 18:19:40.276155-05
22	Books over 600 pages	Lo600	Must have 600 pages or more.	t	2025-12-18 18:19:40.286115-05
24	One Word Title	Nw1	Title consists of exactly one word (excluding subtitles).	t	2025-12-18 18:19:40.290324-05
25	Title has 7+ words	Nw7+	The main title must contain 7 or more words.	t	2025-12-18 18:19:40.29208-05
26	Title Starts with 'The'	Nsthe	The very first word of the title must be 'The'.	t	2025-12-18 18:19:40.296552-05
27	Title Contains a Number	Ncnum	Title must include a number word (e.g. Seven) or a digit.	t	2025-12-18 18:19:40.299456-05
28	Title Contains a Color	Nccol	Title includes a color like Red, Blue, Green, Gold, etc.	t	2025-12-18 18:19:40.301796-05
29	Title Contains a Family Member	Ncfam	Title includes words like Sister, Father, Aunt, Son, etc.	t	2025-12-18 18:19:40.303607-05
31	Author has alliterative name	Aall	First and Last names start with the same letter (e.g., Jack Jones).	t	2025-12-18 18:19:40.307242-05
32	Author name has initials	Aini	Author uses initials in their pen name (e.g., C.S. Lewis).	t	2025-12-18 18:19:40.308956-05
33	Single name Authors	Asin	Author is known by a mononym (e.g., Plato).	t	2025-12-18 18:19:40.311876-05
34	Author with first name John	ANjohn	Author's first name is John or Jon.	t	2025-12-18 18:19:40.315416-05
35	Author with first name James	ANjames	Author's first name is James.	t	2025-12-18 18:19:40.317491-05
36	Author with first name Michael	ANmichael	Author's first name is Michael or Mike.	t	2025-12-18 18:19:40.319478-05
37	Author with first name Mary	ANmary	Author's first name is Mary.	t	2025-12-18 18:19:40.322079-05
38	Author with first name Susan	ANsusan	Author's first name is Susan or Sue.	t	2025-12-18 18:19:40.324201-05
19	Published during World War 2	Tp19391945	Published between 1939 and 1945.	f	2025-12-18 18:19:40.278822-05
10	Autobiography	SAutobiography	Non-fiction accounts of a person's life written by that person.	f	2025-12-18 18:19:40.252609-05
4	Graphic Novels	SGraphic Novels	Comics, Manga, or Graphic Novels.	f	2025-12-18 18:19:40.235381-05
30	Title Contains a Season	Ncsea	Title includes Spring, Summer, Autumn, Fall, or Winter.	f	2025-12-18 18:19:40.305333-05
20	Published in a leap year	Tmleap	Published in a year with 366 days (e.g., 2004, 2016).	f	2025-12-18 18:19:40.28087-05
21	Books under 250 pages	Lu250	Must have strictly fewer than 250 pages.	t	2025-12-18 18:19:40.283698-05
23	Books over 1000 pages	Lo1000	Must have 1000 pages or more.	f	2025-12-18 18:19:40.288419-05
\.


--
-- Data for Name: game_dailypuzzle; Type: TABLE DATA; Schema: public; Owner: postgres
--

COPY public.game_dailypuzzle (id, date, created_at, col_1_id, col_2_id, col_3_id, row_1_id, row_2_id, row_3_id) FROM stdin;
151	2026-05-18	2026-05-18 16:17:40.101047-04	36	28	12	3	22	8
152	2026-05-19	2026-05-18 16:17:40.130493-04	38	1	5	15	29	21
153	2026-05-20	2026-05-18 16:17:40.134457-04	13	3	1	22	25	38
154	2026-05-21	2026-05-18 16:17:40.139197-04	16	7	8	22	29	34
155	2026-05-22	2026-05-18 16:17:40.147379-04	22	9	6	14	24	38
156	2026-05-23	2026-05-18 16:17:40.153994-04	12	9	6	36	22	25
157	2026-05-24	2026-05-18 16:17:40.15752-04	21	14	31	7	3	24
158	2026-05-25	2026-05-18 16:17:40.161817-04	36	26	21	1	2	8
159	2026-05-26	2026-05-18 16:17:40.164567-04	36	8	2	21	29	14
160	2026-05-27	2026-05-18 16:17:40.168446-04	8	11	2	29	22	34
161	2026-05-28	2026-05-18 16:17:40.172483-04	3	2	8	37	27	21
162	2026-05-29	2026-05-18 16:17:40.178514-04	22	14	27	8	34	5
163	2026-05-30	2026-05-18 16:17:40.18226-04	11	26	34	21	8	3
164	2026-05-31	2026-05-18 16:17:40.185493-04	26	9	2	21	38	11
165	2026-06-01	2026-05-18 16:17:40.189366-04	17	22	24	3	7	2
166	2026-06-02	2026-05-18 16:17:40.192849-04	2	5	11	29	36	21
167	2026-06-03	2026-05-18 16:17:40.195809-04	27	16	22	34	7	9
168	2026-06-04	2026-05-18 16:17:40.198197-04	3	27	6	11	21	35
169	2026-06-05	2026-05-18 16:17:40.200462-04	2	5	6	28	32	22
170	2026-06-06	2026-05-18 16:17:40.202961-04	24	16	21	3	31	8
171	2026-06-07	2026-05-18 16:17:40.206035-04	36	24	15	1	6	22
172	2026-06-08	2026-05-18 16:17:40.209808-04	8	24	1	22	36	12
173	2026-06-09	2026-05-18 16:17:40.213949-04	1	5	7	34	16	22
174	2026-06-10	2026-05-18 16:17:40.217118-04	22	26	13	5	7	32
175	2026-06-11	2026-05-18 16:17:40.220568-04	25	14	31	5	6	7
176	2026-06-12	2026-05-18 16:17:40.224296-04	28	22	33	8	1	12
177	2026-06-13	2026-05-18 16:17:40.231305-04	7	5	6	21	28	14
178	2026-06-14	2026-05-18 16:17:40.234287-04	36	25	21	3	2	1
179	2026-06-15	2026-05-18 16:17:40.237437-04	37	22	27	7	11	6
180	2026-06-16	2026-05-18 16:17:40.241498-04	5	2	8	15	25	21
121	2025-12-27	2025-12-27 08:34:16.506842-05	6	7	9	22	24	20
122	2025-12-28	2025-12-27 08:34:16.516828-05	22	31	29	3	1	6
123	2025-12-29	2025-12-27 08:34:16.523724-05	21	29	37	2	9	1
124	2025-12-30	2025-12-27 08:34:16.530327-05	8	1	9	15	26	32
125	2025-12-31	2025-12-27 08:34:16.535029-05	21	27	14	3	9	5
126	2026-01-01	2025-12-27 08:34:16.541434-05	5	34	7	22	27	20
127	2026-01-02	2025-12-27 08:34:16.546061-05	21	26	16	8	9	35
128	2026-01-03	2025-12-27 08:34:16.549729-05	13	24	22	1	32	7
129	2026-01-04	2025-12-27 08:34:16.553482-05	27	18	23	9	2	34
130	2026-01-05	2025-12-27 08:34:16.558051-05	18	26	23	5	8	6
131	2026-01-06	2025-12-27 08:34:16.561591-05	8	2	5	37	23	14
132	2026-01-07	2025-12-27 08:34:16.564687-05	26	36	18	3	23	5
133	2026-01-08	2025-12-27 08:34:16.567999-05	23	32	25	2	6	18
134	2026-01-09	2025-12-27 08:34:16.573187-05	2	1	7	21	26	37
135	2026-01-10	2025-12-27 08:34:16.577478-05	23	34	26	5	1	6
136	2026-01-11	2025-12-27 08:34:16.581426-05	21	13	37	28	3	9
137	2026-01-12	2025-12-27 08:34:16.585682-05	26	36	14	22	5	2
138	2026-01-13	2025-12-27 08:34:16.591832-05	11	26	36	1	6	3
139	2026-01-14	2025-12-27 08:34:16.595936-05	23	11	29	32	1	2
140	2026-01-15	2025-12-27 08:34:16.600444-05	8	7	29	18	37	22
141	2026-01-16	2025-12-27 08:34:16.607376-05	1	8	2	14	26	37
142	2026-01-17	2025-12-27 08:34:16.611424-05	35	24	22	16	2	6
143	2026-01-18	2025-12-27 08:34:16.615236-05	34	23	25	11	2	1
144	2026-01-19	2025-12-27 08:34:16.619966-05	12	21	24	8	3	1
145	2026-01-20	2025-12-27 08:34:16.625118-05	31	25	13	3	6	9
146	2026-01-21	2025-12-27 08:34:16.629134-05	9	8	23	28	36	12
147	2026-01-22	2025-12-27 08:34:16.633256-05	8	9	16	33	22	25
148	2026-01-23	2025-12-27 08:34:16.637308-05	18	23	31	6	5	8
149	2026-01-24	2025-12-27 08:34:16.641972-05	7	8	9	14	29	23
150	2026-01-25	2025-12-27 08:34:16.645973-05	15	23	26	6	5	8
61	2025-12-26	2025-12-26 18:17:26.721674-05	12	37	23	5	1	26
\.


--
-- Data for Name: library_author; Type: TABLE DATA; Schema: public; Owner: postgres
--

COPY public.library_author (id, name, debut_novel_id) FROM stdin;
1	Leo Tolstoy	\N
2	Lewis Carroll	\N
3	George R. R. Martin	\N
5	F. Scott Fitzgerald	\N
6	John Steinbeck	\N
7	Emily Brontë	\N
8	Khushwant Singh	\N
9	J. G. Ballard	\N
10	Antoine de Saint-Exupéry	\N
11	Neil Gaiman	\N
12	Harriet Beecher Stowe	\N
13	Charles Dickens	\N
14	Jill Santoriello	\N
15	Alexandre Dumas	\N
16	Charlotte Brontë	\N
17	Fyodor Dostoyevsky	\N
18	Brandon Sanderson	\N
19	J.R.R. Tolkien	\N
20	Michael Crichton	\N
21	John Lewis	\N
22	John Allison	\N
23	John McCain	\N
24	John Green	\N
25	Marvel Staff	\N
26	Bill Clinton	\N
27	Jeff Smith	\N
28	Ali Smith	\N
29	Paul Auster	\N
30	Stephen King	\N
31	Gary Paulsen	\N
32	J.K. Rowling	\N
33	Walt Whitman	\N
34	Dante Alighieri	\N
35	Unknown Author	\N
36	Suzanne Collins	\N
37	Danez Smith	\N
38	Fyodor Dostoevsky	\N
39	Mary Shelley	\N
40	Bill Campbell	\N
41	James Patterson	\N
42	Edgar Allan Poe	\N
43	Nicholas Sparks	\N
44	Shel Silverstein	\N
45	R. Lee Smith	\N
46	Susanna Clarke	\N
47	Kurt Vonnegut	\N
48	George Orwell	\N
49	Christopher Ruocchio	\N
50	Emily Henry	\N
51	Markus Zusak	\N
52	Nathaniel Hawthorne	\N
53	Anthony Burgess	\N
54	Oscar Wilde	\N
55	Lucy Maud Montgomery	\N
56	Andy Weir	\N
57	Shelby Van Pelt	\N
58	Bram Stoker	\N
59	Daniel Keyes	\N
60	Stephen Chbosky	\N
61	Max Brooks	\N
62	Aldous Huxley	\N
63	Ray Bradbury	\N
64	William Faulkner	\N
65	David Foster Wallace	\N
66	Philip Pullman	\N
67	Joseph Conrad	\N
68	Zora Neale Hurston	\N
69	Margaret Atwood	\N
70	Peter Benchley	\N
71	Donna Tartt	\N
72	R. J. Palacio	\N
73	John Williams	\N
74	Harper Lee	\N
75	S. E. Hinton	\N
76	Margaret Mitchell	\N
77	Sylvia Plath	\N
78	Gabriel García Márquez	\N
79	Albert Camus	\N
80	Haruki Murakami	\N
81	Paulo Coelho	\N
82	Homer	\N
83	V. E. Schwab	\N
84	Mark Twain	\N
85	Scott Lynch	\N
86	Jack London	\N
87	Richard Adams	\N
88	Roald Dahl	\N
89	Ernest Hemingway	\N
90	Toni Morrison	\N
91	Stieg Larsson	\N
92	John Kennedy Toole	\N
93	Franz Kafka	\N
94	Jane Austen	\N
95	William Golding	\N
96	C. S. Lewis	\N
97	Miguel de Cervantes	\N
98	Chuck Palahniuk	\N
99	Cormac McCarthy	\N
100	Ralph Ellison	\N
101	Yann Martel	\N
102	Cixin Liu	\N
103	Frank Kafka	\N
104	Robert Louis Stevenson	\N
105	Erich Maria Remarque	\N
106	Kate Quinn	\N
107	Sebastian Faulks	\N
108	Celeste Ng	\N
109	Maurice Sendak	\N
110	Delia Owens	\N
111	Madeleine L'Engle	\N
112	Blake Crouch	\N
113	J. K. Rowling	\N
114	William Goldman	\N
115	Frank Herbert	\N
116	Orson Scott Card	\N
117	Sandra Cisneros	\N
118	Victor Hugo	\N
119	Pamela Lyndon Travers	\N
120	Jeffrey Eugenides	\N
121	Larry McMurtry	\N
122	Alice Walker	\N
123	Ted Hughes	\N
124	Jules Verne	\N
125	Ernest Cline	\N
126	Thomas Keneally	\N
127	Edgar Rice Burroughs	\N
128	Madeline Miller	\N
129	Christopher Paolini	\N
130	Gillian Flynn	\N
131	J. D. Salinger	\N
\.


--
-- Data for Name: library_book; Type: TABLE DATA; Schema: public; Owner: postgres
--

COPY public.library_book (google_book_id, title, publish_year, page_count, thumbnail_url, isbn, author_id, cover_override) FROM stdin;
0N3tzwEACAAJ	War and Peace	1864	696	https://placehold.co/55x80/4a4a4a/ffffff?text=N/A	\N	1	\N
imKTEAAAQBAJ	A Game of Thrones	1996	704	http://books.google.com/books/publisher/content?id=imKTEAAAQBAJ&printsec=frontcover&img=1&zoom=1&imgtk=AFLRE73yIMkxfsHyHf53UAl0YyQiSdHC4VqSiIPV_Z-2a-sLUJczzU5RYg5_-LEfaG-G_yA_ooA9Ix1XQemlFRbQQ9tLYf7Q--KtHzajuiuk1veeEw5Hhb6O6MunUPDYBQ6nKX2BJxQy&source=gbs_api	0553103547	3	\N
iXn5U2IzVH0C	The Great Gatsby	1920	165	http://books.google.com/books/content?id=iXn5U2IzVH0C&printsec=frontcover&img=1&zoom=1&edge=curl&imgtk=AFLRE73FgFqbFmwY-tKHUFlVaTDFbTsgFU_Q_c_UsjGJ5c0FbnpzIVqUX72qpqgpnY9Vv0S-gGDFL3-hOXAf8lPvwwuE3xmfvKYH0hECXCCAe5C1wHdN5W7HfwlEqvOBeHHbvrzapGb6&source=gbs_api	074324639X	5	\N
jpqCEAAAQBAJ	Of Mice and Men	1937	70	http://books.google.com/books/publisher/content?id=jpqCEAAAQBAJ&printsec=frontcover&img=1&zoom=1&edge=curl&imgtk=AFLRE72hrGGiBbbTRPBAHVhs_7lbfvyhM1dHmnsVpdOmp_UK2ldAdglGWh32QkeiMcPaN5esSxSMJwu1uHKTzrJPO9cWPez-IXr17RogzE818vAqx-gF_xxVFOie9xp04llYG6V-Gb0m&source=gbs_api	\N	6	\N
HJ8Wg0u7CUgC	Alice's Adventures in Wonderland	1865	356	http://books.google.com/books/content?id=HJ8Wg0u7CUgC&printsec=frontcover&img=1&zoom=1&edge=curl&imgtk=AFLRE71QsOGvXVGrAU391v5UMnsAUmdWOOARDqRsS66B54qmzeFkuwfoVsBTzE8oC0UgrDwgFO5Gs7pqDigBStdSU-Is1devnIXK5mQQSYXYXIeO22cTntSA7JlSBXIvk_Ot0RbDnwNz&source=gbs_api	155111223X	2	\N
ibOrDwAAQBAJ	Wuthering Heights	1846	250	http://books.google.com/books/publisher/content?id=ibOrDwAAQBAJ&printsec=frontcover&img=1&zoom=1&edge=curl&imgtk=AFLRE71qPAugsCL_bzwzcaR9dhB1AUkJ8LqUDeFEbwaoNi1mHQAE2afJaDMddElFqZ5LJ9oJGciLGxG8XVuv6sKux9H5HmCxWi2zXvGhNAJnSk5WyTlznk1ze9CIkluZFFuiPkGG5Vrw&source=gbs_api	1094311162	7	\N
naLu3tkS-RwC	Train to Pakistan	1956	181	http://books.google.com/books/content?id=naLu3tkS-RwC&printsec=frontcover&img=1&zoom=1&edge=curl&imgtk=AFLRE72LNpy-rj1ox2EISOURKt6CTZ549DqNxtYV1zHPLrnZJCBv6-Xy6SWRwExlnM0lLNAM5mhaBBl_cVFBUE7IA7XFqMKsWf3YQmeIubGTnTn7dYA2Szqm7627nAXAx3iQjK4JQj5M&source=gbs_api	0802132219	8	\N
Nn16PW04GEIC	Empire of the Sun	1984	279	http://books.google.com/books/content?id=Nn16PW04GEIC&printsec=frontcover&img=1&zoom=1&edge=curl&imgtk=AFLRE73Jctz_tRECTVGF9YsK1MZP2b6vWDGTWrHhKrLy_JPfWzjZh9FO7UxL5TBEvztHs6w22og5c3hfuA93rTzpe1Bw7oFqjOjyrltMYomA375Q9AuB8gpQlHm8H1IBtBkTtgz8WzgB&source=gbs_api	0743265238	9	\N
CQYg20lTHtMC	The Little Prince	1943	109	http://books.google.com/books/content?id=CQYg20lTHtMC&printsec=frontcover&img=1&zoom=1&edge=curl&imgtk=AFLRE702WZTDCuzVISAkhrtH0P7ggxnztAbNrp1OzE87_x4SKZhad-CAwy0QbQjbfC5Rukqj9jbJbqmPq9T5Vs-4515acVYNYVOIitdsAPT5N4I_lj6GhPEYlFDKjGfrx3QqG-Xq4coi&source=gbs_api	1853261580	10	\N
C8NVhWNU_uIC	Coraline	2001	192	http://books.google.com/books/content?id=C8NVhWNU_uIC&printsec=frontcover&img=1&zoom=1&edge=curl&imgtk=AFLRE71kgQkTzyekaRlc3JiuOZHKgcfuV_Fa7vwNxK3ICDWkj6nUUTo1gy4XwF3AMpcmXRRU9K9VMsYU2ssd9NArQuRx_-qKmPD2eiL3Ex6txSShGTTMocG9iS0HDuWgKhLI8TUMbH-h&source=gbs_api	1408808196	11	\N
i2MCAAAAYAAJ	Through the Looking Glass	1865	209	http://books.google.com/books/content?id=i2MCAAAAYAAJ&printsec=frontcover&img=1&zoom=1&edge=curl&imgtk=AFLRE70hRLDqRjTRv1CnZaPd0L9tUN5C2uJ5fuZeVAqht7GzAdPAR4mGdedIXOa155_zNfRSyf_LUD7gupltZXR5xa6rgv0nosSse_qUIDdRyjuj1ajbHmCvAOo8JDRjCvFJnedANxK1&source=gbs_api	\N	2	\N
rlDaAAAAIAAJ	Uncle Tom's Cabin	1850	391	http://books.google.com/books/content?id=rlDaAAAAIAAJ&printsec=frontcover&img=1&zoom=1&edge=curl&imgtk=AFLRE73jQr54a0ATXKEXkTdNfeRoTqzL4QSq8o3eNHX60iGly1gdfPjaHV18ttc71PW5mZtINbS_ygO8T7SWC7J7HyyHxQQfcA6oPcSFLqbprdIA3syMhvIQibvNTTvXhN8fD9rSuhid&source=gbs_api	\N	12	\N
5EIPAAAAQAAJ	A Tale of Two Cities	1800	324	http://books.google.com/books/content?id=5EIPAAAAQAAJ&printsec=frontcover&img=1&zoom=1&edge=curl&imgtk=AFLRE73nMv6kSC9szjd30_zl2jeqsSR8SbRtNBAyKKb3_dRaR9Uvpjf6meoiodHwNKAhB2XL8OK0JYmZMaZXlhZT2-YPgPB7_zwWp5aId7jhc-GSzlbTMSrY8SGLMbEGbgS5lvVmEKnH&source=gbs_api	\N	13	\N
9R0jDAAAQBAJ	Alice Through the Looking Glass	1871	84	http://books.google.com/books/publisher/content?id=9R0jDAAAQBAJ&printsec=frontcover&img=1&zoom=1&edge=curl&imgtk=AFLRE72n9Ngtzuev3V6NcwMv2MrYk6QVNxNbPKw7w1cyI6REeeqkgpQxOUqSqjt9Rr3MLzcVIT2LBud9Kym06Z-7zmp_2um66OVsGYRboxNZyV5_T1VuuRWOLPmZCTafNGPqOzrZ0Y9e&source=gbs_api	1365029271	2	\N
bgV7AgAAQBAJ	Three Musketeers	1844	112	http://books.google.com/books/publisher/content?id=bgV7AgAAQBAJ&printsec=frontcover&img=1&zoom=1&edge=curl&imgtk=AFLRE727ux6fnocNFdk3_owDRGYbYxEWDAET7Sq3zC-RSxK_eP9k828rv2sef0G4jOTwWNPTOIYd-4YYpQmPDEf7WDYVnWifpwr0xtXn7GQIbMyQzZOi9wByEP9k_ped8oFtxrkSyZbO&source=gbs_api	1617874280	15	\N
ikTqEFVX9I0C	The Three Musketeers	1844	490	http://books.google.com/books/content?id=ikTqEFVX9I0C&printsec=frontcover&img=1&zoom=1&edge=curl&imgtk=AFLRE73Q99shiMDzNmGKYYQXnwzNyFvPorZOrl7b_eu2oXC9i6v8HeoPGYCG2Og8tLIU89fWn1nOjxIlbzizbphJQIzxDXRbmJO6Bf_4mSr-UzD8YO4Qhp90ogjNqAsP5vJAV_-Y83or&source=gbs_api	\N	15	\N
lSMGAAAAQAAJ	Jane Eyre	1847	483	http://books.google.com/books/content?id=lSMGAAAAQAAJ&printsec=frontcover&img=1&zoom=1&edge=curl&imgtk=AFLRE722OmhNI0uNCVzN8-s5sr3txMhod8YRIny7Ejz_rWnpCaoqvfyg4SzCXVfbYBUxXyRygRdekutMhsO-e0FiBsMnphLSXjO8NtUfbTlpFjfE0ZQZwq2x_hdrcK3D8TpE97PRPvIf&source=gbs_api	\N	16	\N
nVGKDgAAQBAJ	Crime and Punishment	1866	430	http://books.google.com/books/publisher/content?id=nVGKDgAAQBAJ&printsec=frontcover&img=1&zoom=1&edge=curl&imgtk=AFLRE70IpnkerSyceu9rRU-7j0aqxve-o6M2vc-Dd6QXtTN_1piQIb5b8qWcTqyKHan6U1zBM5pYJ71e47P34uwHmxy8b9JDs6kUSb6TPbhXS6mA4aBs_rhA_v9XsxU7VpyMxvLf6W4I&source=gbs_api	0486415872	17	\N
Nxl0BQAAQBAJ	A Game of Thrones: The Graphic Novel	2014	208	http://books.google.com/books/publisher/content?id=Nxl0BQAAQBAJ&printsec=frontcover&img=1&zoom=1&edge=curl&imgtk=AFLRE713JfPHFBiLTuxzKBckvb_GUVqsCy7dX9rUZDJnRtsTNKorI-ky-w2yN1Y0Zs04Hxhn0V0Th6fagHZ8KdHMPblP46Qb6gLEq3bqAFNtFzWJVHTBPaJXrM9Q1fSi90tSg52CPBZ_&source=gbs_api	0345539710	3	\N
QVn-CgAAQBAJ	The Way of Kings	2010	1008	http://books.google.com/books/publisher/content?id=QVn-CgAAQBAJ&printsec=frontcover&img=1&zoom=1&edge=curl&imgtk=AFLRE71KL13Sas6BANtGBU5JpZg2I0sqJrBwrRMY2Ls-HyQIl-VRCPBq7w_pjQ-yEw5P0JAJNwAvRACwf47SP0qqoRKZ-9AHgzxjWhZsV4gM_0KGzqrYJiIEZgS7FXaNoahY4VZPCcWM&source=gbs_api	0765376679	18	\N
yl4dILkcqm4C	The Lord Of The Rings	1954	1216	http://books.google.com/books/content?id=yl4dILkcqm4C&printsec=frontcover&img=1&zoom=1&edge=curl&imgtk=AFLRE72DVv3I0DdaH6BelhUDBxEtOqLZHkE7JzNlDxAAsXO767YYyasuzMJqTht1buJwwrpx5TcWWVuhbdQJMiZhxU9ZVAtLMLRmLXh6bc75TVr_orOarP1lCL85QZ8r1Ms3TIyz6rWb&source=gbs_api	0547951949	19	\N
1qdPEAAAQBAJ	East of Eden	1952	608	http://books.google.com/books/publisher/content?id=1qdPEAAAQBAJ&printsec=frontcover&img=1&zoom=1&edge=curl&imgtk=AFLRE73vrbZXpWdUUA2xoBF7M-3PToTaf9xSa-ZiDeai-CgSosihvqm5374y2-I9DKLOMKMjsqU1F8nyknP7Vr6ayUr3Glbgn_kuMOdXe1E5fNRN1BR_XSMqiNW4rYCcZJgGsfc_sayp&source=gbs_api	0670033049	6	\N
O8XZAAAAMAAJ	Jurassic Park	1990	400	http://books.google.com/books/content?id=O8XZAAAAMAAJ&printsec=frontcover&img=1&zoom=1&imgtk=AFLRE70Oqi6T2DGXO5yvozLya8XDSuzSI_KI-BqgvpgADwX2EOXMzqJ_Zkkp2jIlecMULIEp5QzExvD6elwXlj-2hsmD3saBUDobTim6_DKnuY-KLE2vwFpFw0VuhTepD1TC7u9nUUtx&source=gbs_api	0345418956	20	\N
aFxbAgAAQBAJ	March: Book One	2013	126	http://books.google.com/books/publisher/content?id=aFxbAgAAQBAJ&printsec=frontcover&img=1&zoom=1&edge=curl&imgtk=AFLRE71kAaUtqjnF7WEQL4Z-2Y-BtI_FsBQFYSnFounH_cPWUHPJRq3WM_ERmRS2cg8F2Hw2Xfy0YSyYiV_hnG9oOH3HcrBYKJSGCQTIoDUocaaYOZUFNcrcZuuk2GH9PzgWTHMR_3TE&source=gbs_api	1603093028	21	\N
gK4yDwAAQBAJ	Giant Days	2015	112	http://books.google.com/books/publisher/content?id=gK4yDwAAQBAJ&printsec=frontcover&img=1&zoom=1&edge=curl&imgtk=AFLRE71-ELRSyyaN53hBuO2pMhyZcq4k5x67diCPvfQs3ZwDZ0HdenbOc-nWTD-PAn3clUSqG14QZnpP2fs5OaHGFjF_ca2x1suWMXtol4iQAzQ1h7kvv84MYrCWYAWqJ5C08QVup1st&source=gbs_api	1608867897	22	\N
koNPEAAAQBAJ	Travels with Charley in Search of America	1962	240	http://books.google.com/books/publisher/content?id=koNPEAAAQBAJ&printsec=frontcover&img=1&zoom=1&edge=curl&imgtk=AFLRE70qa_CC1gpWZ02HUNPYjlvBKagcNXHQys-EGSkDWtUuPpD8aUhxg_NWXUCuxcHDoUqW8I3WtQBwqZ7o2giHDOMWP3FAQDFawkGLIJ-NLMizcLPXQO1lesT21hHohX89Y7VQnXOL&source=gbs_api	0140187413	6	\N
7C-sLg3rBNUC	Faith of My Fathers	1999	368	http://books.google.com/books/content?id=7C-sLg3rBNUC&printsec=frontcover&img=1&zoom=1&edge=curl&imgtk=AFLRE73_eHEkn1spm15Zaob-5Lrw5RG4k_HScdG3v9CPZOICpGVibwGnUAj6nL4z0Eb8XA39aGi5t3fblS6Bfg8cHmgKdqpXeLDbH8UMSovqU5Z9xpoTEVRlcYNVNmQl7AR1JZL6Qm64&source=gbs_api	0375504583	23	\N
Dc2LDQAAQBAJ	The Fault in Our Stars	2010	336	http://books.google.com/books/publisher/content?id=Dc2LDQAAQBAJ&printsec=frontcover&img=1&zoom=1&edge=curl&imgtk=AFLRE702DOItuloK1H_4Wmz3PB7tJrRLLzQJBOM8hEHGQd0Zp9TkqehRxsurl1nSCaPAvPBi8dqlqSal5hXbxy1zapGGPIzEZhUQWmk935CNA3yAgv51PgymzHEGu6F4WrF27HaGCBIT&source=gbs_api	0525478817	24	\N
7VPrnQEACAAJ	The Winter Soldier	2023	130	http://books.google.com/books/content?id=7VPrnQEACAAJ&printsec=frontcover&img=1&zoom=1&imgtk=AFLRE70AclL_0uOIF7iz95lYoNy8Hgl6rIBu9wdV24RrmB4A5DrUp860B42X0zivDT-6mCSxzervjejh_wKTv3iYbucEsg4_lSm-1f3TpI9sUcxHlENE49TiH1BxljTgWonhdIjvnFW9&source=gbs_api	1743623828	25	\N
KzCwDZ9gvG8C	My Life	2004	1537	http://books.google.com/books/content?id=KzCwDZ9gvG8C&printsec=frontcover&img=1&zoom=1&imgtk=AFLRE72_IWTvuG4xaQUsv3glwtdIu6Mc_F2aXNlEMB1nJL1-1mIl5BisQD5AzLzSXX8fdW_XV3mow7H3kU14XcGXi7Q1oxHOxK3Z4z_L18JFqqxPKhGrRlNYysB__aGoNkd6PupN7sfP&source=gbs_api	0375435190	26	\N
d5ydKQEACAAJ	Bone	1995	1344	http://books.google.com/books/content?id=d5ydKQEACAAJ&printsec=frontcover&img=1&zoom=1&imgtk=AFLRE73fvJzINTLRz5mrP_KYN1qNHXRR5Inqz9ZO3rMsMh04vqL1TuB_VN0w5guFKiaj06EYPwBPMGvTZ8BOu5Jj70zx2r2HXmJ80mjE0agWFCo8cYWqNF7l3nPoVp1YcXpi7kZ-WaM1&source=gbs_api	1888963271	27	\N
JlW9DwAAQBAJ	Summer	2020	400	http://books.google.com/books/publisher/content?id=JlW9DwAAQBAJ&printsec=frontcover&img=1&zoom=1&edge=curl&imgtk=AFLRE73zIEWqZxAEC7-xpcL8rnU19fkqQUw_NY3UpyeZVFHx5ytlfQ5hFN-sR7updTX-u3b-5IvjDdJff68Miz5nHl4xb6NdQn8v4QyiaSvHBmPFnId21QcMZxYP1vgf8IYRGJC5kmWZ&source=gbs_api	110187080X	28	\N
_nG6N7Zw6uIC	Winter Journal	2012	240	http://books.google.com/books/content?id=_nG6N7Zw6uIC&printsec=frontcover&img=1&zoom=1&edge=curl&imgtk=AFLRE72ygf-kh2vhb-ggbR-z9bflpG263fkj3irv7rMJu2tvYQIauAVn76_8BkHTR7Uh9MeceACltCCTPtDmLbjCAJbHHi6VkgifCoCCBvYIvv0i5E57Tqa3c3pKcy5s58alvWpi03S6&source=gbs_api	080509556X	29	\N
iCWgDwAAQBAJ	It	1986	1184	http://books.google.com/books/publisher/content?id=iCWgDwAAQBAJ&printsec=frontcover&img=1&zoom=1&edge=curl&imgtk=AFLRE73rciZNbqUAJmygL-rojQADoKMHgle1Bh1H3YGWHy8A4PHWXx_yCNVediMt_gKZhkV7ROKeZpqZoTulscSCTQ8_s0nhMnznwEEbD-j9A30p0fi2ocz5LA5zRR0E0T3z1J9n0lNU&source=gbs_api	1982127791	30	\N
YrQACwAAQBAJ	Cujo	1981	320	http://books.google.com/books/publisher/content?id=YrQACwAAQBAJ&printsec=frontcover&img=1&zoom=1&edge=curl&imgtk=AFLRE73etUO48yTPUXQfA7RA7uToKOJkh9vWV9Xw_unGVTDV3nO4f0Xd-pixfQ_-EP_kbPoCZyUEKiw20gpbBXpZ5CDMuaHPQE8mn0OcCxMWN2kB27bn_3xQ2zFJgZgy3BaVs7eOoZ1Y&source=gbs_api	1501141120	30	\N
QdX94z_OoukC	Hatchet	1986	192	http://books.google.com/books/content?id=QdX94z_OoukC&printsec=frontcover&img=1&zoom=1&edge=curl&imgtk=AFLRE732DOYm20iv-yqk34cfijY8eU-LZ01_zKQmJRufpOoIqRBy2E2V5XRYOkcx2i35RDgf4BjKmIJv4HCWLcpcNgE55Quvd2_zkfZWIL3Z4q8RodbGjPSbkE9qn8Qrd4tdh2Z_sInQ&source=gbs_api	1442403322	31	\N
etukl7GfrxQC	Harry Potter and the Goblet of Fire	2000	752	http://books.google.com/books/content?id=etukl7GfrxQC&printsec=frontcover&img=1&zoom=1&edge=curl&imgtk=AFLRE72mtcIfzDGHxVoNvJz0rkbDYu8fIZgPX3utnnC9ci5D95F4qDO_-o-zk3ClkFkSupXrjB5Mlch6sbxNBklQv1djCyDJH7dbfCa2r7Kwy2Z_7PNVb9DBOBo64Saa1QbHyPT9LEyA&source=gbs_api	1781100527	32	\N
0V5XAAAAYAAJ	Leaves of Grass	1855	88	http://books.google.com/books/content?id=0V5XAAAAYAAJ&printsec=frontcover&img=1&zoom=1&edge=curl&imgtk=AFLRE70w45iVIVLpv3nEtknPwUnHZgOXsiUmHt1lIqmp26X_tEJkhJrK44YGRLOTfH6ryjzxKosLekF-ec5xXli6YzSGVtcUwOk9PzjAgFMvlCNRZG5Hp-nBYWySpgueW9td-iRpAoY6&source=gbs_api	\N	33	\N
wmacUwleJv8C	The Divine Comedy	1472	741	http://books.google.com/books/content?id=wmacUwleJv8C&printsec=frontcover&img=1&zoom=1&edge=curl&imgtk=AFLRE73YQUkujifFxp9aIgTr-fzTKhcxhyrV7ruTqvK6XXC1NjMktdXwUWth0xhkHWZ-www_I4QOMRh6EGCywXulJ684DOXxEDUWE7FVcaFPiHewuEo-M5tgFPjgjg3Fz-TGuEPIX5R3&source=gbs_api	0192835025	34	\N
MDRPqozWYf4C	Beowulf	1990	204	http://books.google.com/books/content?id=MDRPqozWYf4C&printsec=frontcover&img=1&zoom=1&edge=curl&imgtk=AFLRE73L_CpSTTjq-HWYclcYRIcVSaaCzWhTCru3et-39A8rmXfLQqvZuxviUKPtm5oap2qPT2Mb-2U9ki7UkBv2uRm7fNVbVVSIVec-Pty0rl0m97kd9T5MFv6MG7G1rGxPf-yuapfV&source=gbs_api	1840226145	35	\N
unQIPQAACAAJ	The Hunger Games	2008	374	http://books.google.com/books/content?id=unQIPQAACAAJ&printsec=frontcover&img=1&zoom=1&imgtk=AFLRE71fNLvXRGPH2Q0E6Rmv2WRlbYWl4NPs_FBEJkjKyM4FU6XPwqPdOO4G7zuNYcAxX4PVQoUjs2TC9bxEjbl8cjPWXKchKlAmAyyrtpme9ltnOVgU2oyjbtCMlnXqFA2vXk0d-qIq&source=gbs_api	054531058X	36	\N
1iKZDwAAQBAJ	Homie	2020	96	http://books.google.com/books/publisher/content?id=1iKZDwAAQBAJ&printsec=frontcover&img=1&zoom=1&edge=curl&imgtk=AFLRE73C6yR1nKiHsPTfFeNcWKF4V5wM3nbXFVmoZjV8J-ksg2Z9PZMDmrp866PX5GfTPm4SvhYl0QBCvJBFg6tL6FlvdGFO1lEvWEdYWJ6cysKRphRwCzO6nxJU0nF7SPzq2XLIm4z6&source=gbs_api	1644451093	37	\N
v-IoDwAAQBAJ	The Green Mile	1996	512	http://books.google.com/books/publisher/content?id=v-IoDwAAQBAJ&printsec=frontcover&img=1&zoom=1&edge=curl&imgtk=AFLRE72zVj5Q6MRq4fgV7Q4RMQeT_eo_Khf01EK4GOBwUcOtRb1Gw9LTXLExoV01oIngwRrGUDmcakEDqVoG25ym3oEJyYxBy98v_dWXi9soSQq8741BQ0Ramaf_UzNeiYwTbje0n8od&source=gbs_api	1501160443	30	\N
OG0e6djUgUYC	The Brothers Karamazov	2002	832	http://books.google.com/books/content?id=OG0e6djUgUYC&printsec=frontcover&img=1&zoom=1&edge=curl&imgtk=AFLRE70cBwvUarV_xJIw-t4agQXfIxrST_2-Oik3nonN7v1DL5vhbUcgYadVuR8BV3LvQ-v-EuzwTeC4cFRYtKkmTDzamq6Mor1o5guIHtdrmlzcEx8xGCyt3JvXlWcWytb09AIbKCVi&source=gbs_api	1429927216	38	\N
9xHCAgAAQBAJ	Frankenstein	1818	176	http://books.google.com/books/publisher/content?id=9xHCAgAAQBAJ&printsec=frontcover&img=1&zoom=1&edge=curl&imgtk=AFLRE70qXrAdekP_s-zn_-cAiXtptViQAK88ZoL5oyCumH5Z8-OEPJ_YFaDRr749CasQ53dQ1wfWkMqvqQ39JR_G7ojEZvnlEjmIY7QTGpfP7qyp3cqmOrxHwE4JUp4i2DZYqIp76VM6&source=gbs_api	0486784754	39	\N
hUd0CwAAQBAJ	Mothership	2013	360	http://books.google.com/books/publisher/content?id=hUd0CwAAQBAJ&printsec=frontcover&img=1&zoom=1&edge=curl&imgtk=AFLRE71hofJG4C6gplQndj7kxyTY5Tr_vMSBTGncAE4I-DOiq8acFVpXY98jS1zX-sjO4A3V-4vhsjQXqDN8F4Pr3mXZoJgJRSooG5HniZmg6p2h6ja-gSHScGAqzrj8mSstO0ShhCKv&source=gbs_api	1495617890	40	\N
4xV-ZY50isAC	Kiss the Girls	1995	464	http://books.google.com/books/content?id=4xV-ZY50isAC&printsec=frontcover&img=1&zoom=1&edge=curl&imgtk=AFLRE72UbnCJaJ6odxg6pEAszwh9xsJwCiPuIgiI1VA60zHXn-14uZ-HkqrOP0l47_PtTS-Wg_GZe8mW3PYSf4rfLyxAnonAkpQdgQtd3P4eJx51ppOLN6jdKQD9xZdD7ZnxKAYUfm-H&source=gbs_api	0759527806	41	\N
YpyMCwAAQBAJ	The Long Walk	1979	320	http://books.google.com/books/publisher/content?id=YpyMCwAAQBAJ&printsec=frontcover&img=1&zoom=1&edge=curl&imgtk=AFLRE73JLg50w3bGkW2SeL2ZxYDMKW5vRFtwvPiHufr8-bJXPXz9F-Jx8u6za3wYszd_auDRgFmkhVU2hAPuffU7i-QxEp2o0OWEDYNnxMy7RXEomIInBhwKpC5WdaM9p2CFSB03Hwn8&source=gbs_api	150114426X	30	\N
1K_CDwAAQBAJ	The Tell-Tale Heart	1976	11	http://books.google.com/books/publisher/content?id=1K_CDwAAQBAJ&printsec=frontcover&img=1&zoom=1&edge=curl&imgtk=AFLRE70h9BipZKI58WI-LIcZq9Ins9YnawvqmFWRr40MDB4sf7IIstPs801koPDx7DnrmY8Ll7Hbd4em7Fi-auc3Io2CBIkM50GN2OTLjD9BJPCrmPHR0NMQ67u70xtNoXG5SxxBQbQz&source=gbs_api	\N	42	\N
GoI7PgAACAAJ	The Notebook	1996	268	http://books.google.com/books/content?id=GoI7PgAACAAJ&printsec=frontcover&img=1&zoom=1&imgtk=AFLRE71J7NGykT6v_AbPxegc-av24yIzy6e7ywYLG3I70X5D-CDoR0oMLpmL3scDEIL4Qftmcy9-19B8-MuQkRBsj5zzhnVAQxrJp5qkAMRjeLfj8sG71nzr9ybYQ8sDNT2tGxjCi_db&source=gbs_api	078620821X	43	\N
1IleAgAAQBAJ	The Giving Tree	1964	64	http://books.google.com/books/publisher/content?id=1IleAgAAQBAJ&printsec=frontcover&img=1&zoom=1&edge=curl&imgtk=AFLRE72VNCZQWhGpTISDrfV_Z3u5aFzUgcIYy2ZUGe06D0LzOjaw3bbcQVWxb2cAnYalHe4irozmV6vEvO2FJQHQHi7x98eeRzczjU7csarhELVWkLuXOAjAA9vkZBpf9g41GU2ZOKBG&source=gbs_api	0061965103	44	\N
TabJuwEACAAJ	The Last Hour of Gann	2018	694	https://placehold.co/55x80/4a4a4a/ffffff?text=N/A	1507565968	45	\N
FCTYDwAAQBAJ	Piranesi	2020	272	http://books.google.com/books/publisher/content?id=FCTYDwAAQBAJ&printsec=frontcover&img=1&zoom=1&edge=curl&imgtk=AFLRE70CaCv6fW3iF9CLg10m6djdjLsLA-OwM0kKM-eKSTlg2mRsuXXUnH2UklycLBIEN_TJB9U6IGeIltFZ7O-d4RSSOTR3c1D8KUVs0oaVRxnV68wvjRCLKmTYe2rYS6y-CAyAtDm6&source=gbs_api	1635575648	46	\N
pWyLDQAAQBAJ	Slaughterhouse-Five	1968	288	http://books.google.com/books/publisher/content?id=pWyLDQAAQBAJ&printsec=frontcover&img=1&zoom=1&edge=curl&imgtk=AFLRE7208AHyb-YqZuSBj-fSoDpv4Ps_xh-RROdHc66IgFDptHOuUyTIUQeTgqW4QbB3N2l1KklHmwumdGYMAkX7UMa2OP8RXrcaadSSO9Ynaazvk7YoGuup_Py_l16da4xLnGD2anX4&source=gbs_api	0385333846	47	\N
iGO1EAAAQBAJ	Animal Farm	1945	120	http://books.google.com/books/publisher/content?id=iGO1EAAAQBAJ&printsec=frontcover&img=1&zoom=1&edge=curl&imgtk=AFLRE71FlAeddfyYr2tmmt24SxDUw6T9L8RnpHjZ0AuxMzns6abJW4gzXHUiYFbIvHaBtVEvzUPEvXp-ZA0otLvRvmVa30fCiwL4GkQNHE45DDDda4T9BMmsZKPPzHmgAAVUy21TcRPa&source=gbs_api	3988830542	48	\N
7mWHXbGlc6UC	The Grapes of Wrath	1939	514	http://books.google.com/books/content?id=7mWHXbGlc6UC&printsec=frontcover&img=1&zoom=1&imgtk=AFLRE71QL5TS8ERg7oSjZcMQb29yAR7FeJpgmNQFcgsPMl6sEzbz7mr0iFwtf2FKBaLAGqysKkesezBAWUBeDbTpsdzI1XRSGnOqHOVxUWBEdnuLUbaQu3T8FpXz64ZhdJy1FOYl51d-&source=gbs_api	\N	6	\N
m5Uo4aEvsU4C	State of Fear	2004	603	http://books.google.com/books/content?id=m5Uo4aEvsU4C&printsec=frontcover&img=1&zoom=1&imgtk=AFLRE73fqhpIBeH-nKrJan1M3ReYAn-MHXSLLlea1mx0xDTQr7x5Rb8mBJp0GAvNAo8Gfy5fYL_JHNut-gNbOOzm-Cps_zGkK0Con-PiBZvC4_Ws7snCPULxel3wPQif4DXL_uO0iyts&source=gbs_api	0007181590	20	\N
iJx8EAAAQBAJ	Ashes of Man	2022	544	http://books.google.com/books/publisher/content?id=iJx8EAAAQBAJ&printsec=frontcover&img=1&zoom=1&edge=curl&imgtk=AFLRE72yZf2BHYhzLl_Kbbf2t_b64Ahfo_vfop-vBoG1QwYYCahQB3JcI7v_xHcoJgXmotnldW4y-LSvssprK_2Iy8syNGXLJ-owgxPmJEmXiBiutqQNZD284p86PL2r9ujt5isQGXZh&source=gbs_api	0756416604	49	\N
8NBHEQAAQBAJ	Shadows Upon Time	2025	928	http://books.google.com/books/publisher/content?id=8NBHEQAAQBAJ&printsec=frontcover&img=1&zoom=1&edge=curl&imgtk=AFLRE71iFbX_LsOTBu9wiohC2Ls1QG-P0-sodem3sPOUw6rT13zUnYg8NO33B-F8jrsu34FIV-RjsCBZIfXGkpnqRFFHVlSEMb28jG5WMLudcu57IWa1HxAiTCIU0EAhImrsUP_BP3Y3&source=gbs_api	0756420016	49	\N
DxC2zgEACAAJ	Book Lovers	2022	541	http://books.google.com/books/content?id=DxC2zgEACAAJ&printsec=frontcover&img=1&zoom=1&imgtk=AFLRE72rmmZyL3EaXNNcW6xH9Fm6uJCtqvgNOO-7ppOKBEkfqeOhuvyNw7TfXgQcCbxJAKpbOamaORD4sDj5hO4xK-KX-JJLM4cscGHanu9euSsF3GRyH0Wib4tx_y_IiglLflOpGl2Q&source=gbs_api	1432896040	50	\N
hIs8Sb2SLukC	The Book Thief	1998	552	http://books.google.com/books/content?id=hIs8Sb2SLukC&printsec=frontcover&img=1&zoom=1&edge=curl&imgtk=AFLRE71aGDLZeiGTKNJTOH6MLK412WjrNh9FvUGHQ50caFeNhezu-VrmLvk86tgqOfNF1KnxpKjKeElmZhXvNcYLEBLp-tAXUQY3EKHxNvbc9zD6UWF7RcIh4PAC0F0nz1aaDmSb2pfl&source=gbs_api	0375831002	51	\N
nAzVtjpDkjEC	The Scarlet Letter	1800	212	http://books.google.com/books/content?id=nAzVtjpDkjEC&printsec=frontcover&img=1&zoom=1&edge=curl&imgtk=AFLRE73skIT75y1dAcHn9ZBtTLvNsCONTF8ne6ydHcFP45zxJsui6zfmgzTU_9iJYv2HtvM9D8wPiv-U9DFp4S8B-u-F7ExrdLCzxshy6CoQmMQ3cSdujwJK309TzHukEaTuCzJf7uvE&source=gbs_api	1580495958	52	\N
bgpJn-Oq22MC	A Clockwork Orange	1962	162	http://books.google.com/books/content?id=bgpJn-Oq22MC&printsec=frontcover&img=1&zoom=1&edge=curl&imgtk=AFLRE73K4LLN8bzKnVRzdIxxCKgar3GnGvFcvx1StbducITt2XFQn0Bqcsaz3J5W4lXMM4F-e0XX_OaqUdSwesKBRSPMNC8C01eqMIrIcNFbp2Buj5KgJp1Q2HY5nuWbq74bSTtC7OQ6&source=gbs_api	0393343049	53	\N
u-QdEAAAQBAJ	The Picture of Dorian Gray	1890	304	http://books.google.com/books/publisher/content?id=u-QdEAAAQBAJ&printsec=frontcover&img=1&zoom=1&edge=curl&imgtk=AFLRE72wbIUxNtqtVq0JKemb9QKZ9cNpdrei7MQ49P2oE_aK-U43D1MbQGC55CcpluDfTocWB3DoswnNWg7BeyZE5sQiKF8WmBi_l28mXl5vw-VVxP_pZSu4M1dF3N2NWhgaa5tf-xGA&source=gbs_api	0375751513	54	\N
2c2LCwAAQBAJ	Anne of Green Gables	1908	334	http://books.google.com/books/publisher/content?id=2c2LCwAAQBAJ&printsec=frontcover&img=1&zoom=1&edge=curl&imgtk=AFLRE71LrBKhHzdoEHPs4688Yxp_SiU3m5AhtUbaGH9RR7EZjF8zQ7-mNUDpyn7dQwhs3Ipd-AbQ-bRXkzQe8sORsbUQSVdz1oCrot--CSp4HE4dxNEZF4un08IGJcIIsVYMuh0rdTSz&source=gbs_api	1467797618	55	\N
-Ff2DwAAQBAJ	Project Hail Mary	2021	496	http://books.google.com/books/publisher/content?id=-Ff2DwAAQBAJ&printsec=frontcover&img=1&zoom=1&edge=curl&imgtk=AFLRE72exYaeY6nEWAV4ZQIz_ADf7iD2ht7ZRYdCjc3QEkdb3WOONMz-9cTIHFTV8Azx-K2HIUk1K56g1ljBFREWr8Z09c7_hwguDGGPb7wJkPJjw-lq7t8EUQn5ghd3bGcuZoN1-Y7r&source=gbs_api	0593135210	56	\N
jo9AEAAAQBAJ	Remarkably Bright Creatures	2022	368	http://books.google.com/books/publisher/content?id=jo9AEAAAQBAJ&printsec=frontcover&img=1&zoom=1&imgtk=AFLRE72iqGgWHRAH9K6a2I3EWydxkwK_DDuqKlMAAC9SWdf4D434JPsl9xqEuTK5hfW0dSOas9N0xp9wq5V2_BN0K2FykBeJaZGEs3hopxa8bIhomfSA6YQPc4OFGuUZvEXKbQPcwWgS&source=gbs_api	1526649683	57	\N
7rnTEAAAQBAJ	Dracula	1897	283	http://books.google.com/books/publisher/content?id=7rnTEAAAQBAJ&printsec=frontcover&img=1&zoom=1&edge=curl&imgtk=AFLRE72UFQZjYLLYZPS678g8R9AC5rmlmXDFqkuAchc8dxcM_i-Pr9y_c3j2VmqOG5nIN672DSczDYd_aY2tX_tXfM8_ZSBH5wFrCnk5eSNWQT7Sqm5kFg5rIL03MKglR_7AG6VfKOeA&source=gbs_api	2384613065	58	\N
6P_jN6zUuMcC	Flowers for Algernon	1966	311	http://books.google.com/books/content?id=6P_jN6zUuMcC&printsec=frontcover&img=1&zoom=1&edge=curl&imgtk=AFLRE71g03WfKMHYgHYbba-QGExotav3zuBl1_dxnU0PQIwkLW-e4EcfD6gO0p4ArgwbBPcUU4sE-kzNV0m2U2uNm9YBDrVnc_3FZKN4dQp-WppEEZubLKGTLOFJKErGkNwov1tscsX0&source=gbs_api	9780156030083	59	\N
pK0X5FyUs28C	The Perks of Being a Wallflower	1999	213	http://books.google.com/books/content?id=pK0X5FyUs28C&printsec=frontcover&img=1&zoom=1&edge=curl&imgtk=AFLRE7344Z9xucwKPi0IXnKKFSg99eOrgF3tcFeTvoAcr5S3M6ztzX1oatmrIeiOvp54vPZH8WguRd_pic4-QstIyhmTyuWeQy8-snI_esv0fodR7gsCKcv2ij0_dRv38nzjBxzLSe9t&source=gbs_api	1451696191	60	\N
-QehYPAaLrAC	World War Z	2006	432	http://books.google.com/books/content?id=-QehYPAaLrAC&printsec=frontcover&img=1&zoom=1&edge=curl&imgtk=AFLRE71-QtzyxBePFuuEge5cBi2OrxUJ5i89ZFHc-2bteb-g1HrUo8XU2x1QP8TYPX3S-iBT-bKozC7sfmCXP4iJQUDrqrd_mkefNr5O4Ty6ET07ccwL4ei7kk3VcMhNPyAL0OWsYXCC&source=gbs_api	0770437400	61	\N
3PabEAAAQBAJ	Brave New World	1932	287	http://books.google.com/books/publisher/content?id=3PabEAAAQBAJ&printsec=frontcover&img=1&zoom=1&edge=curl&imgtk=AFLRE73j41mPSuExNC_t0Ye2_DAhL_o2kPVExC6wuz2I61-LSNxrOEsnzQaQTh6Vt8FSUSHwBAMB2Htt79buy6lxmxULW6VATY0dldmazJQ27Bll542t98TmumlfWDwnPHLDQ2FmrJOG&source=gbs_api	\N	62	\N
LUtaAAAAMAAJ	Something Wicked this Way Comes	1962	215	http://books.google.com/books/content?id=LUtaAAAAMAAJ&printsec=frontcover&img=1&zoom=1&imgtk=AFLRE72MoB7UNag7FyAn95MCPj5Sewzkb_WCGnQY0xRrxXoFmq2iVxctJdVjuVzwcYkiJAgESFI7ZfDPQ5xsDyxEgnMGSO6fdIOR4rl1RNBliwP8ItjRs1T1dyOgk3bgQHEuC4C-xJVa&source=gbs_api	055313695X	63	\N
XirTbN3qo1MC	The Sound and the Fury	1929	401	http://books.google.com/books/content?id=XirTbN3qo1MC&printsec=frontcover&img=1&zoom=1&imgtk=AFLRE73dQuBZ_0U8KtnTDXaVxqwYDsoCtAH6rwghCBNM5Qbc7WDwVnk_5LV6CDrGotHT-ckI-CUgiWIqhPg2sRyEG7-7lTtR592HctrvtS24xnW1A0otvD3kfaqjxCthFw8iW-bG0ld3&source=gbs_api	0679732241	64	\N
Nhe2yvx6hP8C	Infinite Jest	1996	1104	http://books.google.com/books/content?id=Nhe2yvx6hP8C&printsec=frontcover&img=1&zoom=1&edge=curl&imgtk=AFLRE70h5ZYQj4uCQ_Kd8SP3k-16z_6eNOS43wmrKWq9xH8G_79g04guUQg36QjHA9ez9g2XtDUWDkgT49-69ZW3X9WuemgIgtSLQnLLUIW8zifCyILTGeIjUhqBwJDhwf_LTKW7gBBz&source=gbs_api	0316073857	65	\N
U3afEAAAQBAJ	The Scarlett Letter	1800	266	http://books.google.com/books/publisher/content?id=U3afEAAAQBAJ&printsec=frontcover&img=1&zoom=1&edge=curl&imgtk=AFLRE72mdzMQe6bd1MuTFGGF41LwcnVEow9zmtYSOmyE2bzf_5tIY2QJMPYKj07qo9LiPqfx4qzFsOXz_p5kF4TFHrPN0CBKz5obL4A86-m7zIVyV4x1YZ9ecyGDbaZQBNAUbR6ltmYL&source=gbs_api	2322462187	52	\N
7wdQa2hG16MC	The Golden Compass	1995	399	http://books.google.com/books/content?id=7wdQa2hG16MC&printsec=frontcover&img=1&zoom=1&imgtk=AFLRE739sg1h67cb_uWs5BEYDu_jdUVgZR2RgNNW14mthOfrxxhi5ttE6uj8Iha2x_-EFE5G2T0tX1v1EYELjL_J-AZpAHTKANCLw5kmjeTnCtHXvKo3BLY7EbBwNqeHRnOY1qOuHymE&source=gbs_api	0679893105	66	\N
wrOQLV6xB-wC	Harry Potter and the Sorcerer's Stone	1997	309	http://books.google.com/books/content?id=wrOQLV6xB-wC&printsec=frontcover&img=1&zoom=1&edge=curl&imgtk=AFLRE71yA15TgutDzCB1vGs8QLrCrP_x0xWU8XGhScuvB30IX3R_Q_1pMUVSR_OBEsQKl5oXU1-m4pAP8bc7_prUQmDQfY1_ggPGWGnQK0HGUp54Uuypda3qLKxMQSwxsiK3ZDaCBmWN&source=gbs_api	1781100489	32	\N
kKiOEAAAQBAJ	Heart of Darkness	1899	144	http://books.google.com/books/publisher/content?id=kKiOEAAAQBAJ&printsec=frontcover&img=1&zoom=1&imgtk=AFLRE72h5O7Yz8pqMjOd57gPHPZR7TU8GSpziJgF3tecfvD_oBb97SYPxd5iAI01M8YKpzT0vl5-dYbhkKoktHHoQD7WTau6ceATHUT8dP66samgr-ECeg7MvOz5cg56uv8LJM4nOdjl&source=gbs_api	0679428011	67	\N
Gz-d8SIFAcgC	Their Eyes Were Watching God	1937	256	http://books.google.com/books/content?id=Gz-d8SIFAcgC&printsec=frontcover&img=1&zoom=1&edge=curl&imgtk=AFLRE70ePr11hL9H-y8H2NzxVWTUo5LHt3Y53dYsEf_WeQF5nkMqDdZCCnYKwiN_9nkKV4hLcHSfy2kc0i9BxDdvi3OGD3eHP2J5qPsV5zT7qSzTbgc6tBH8Zqr85CbWuqEhWyklVlsh&source=gbs_api	0061120065	68	\N
ECuBswEACAAJ	The Handmaid's Tale	1985	336	http://books.google.com/books/content?id=ECuBswEACAAJ&printsec=frontcover&img=1&zoom=1&imgtk=AFLRE72LfMQxpIBcGNkley8LlFaP44rSHcWxchfLevQW3w1APa8UknjYVr_cmcX7aQLCr280Ms9-HaE9gMBLC7u9kj7W0SrIWsad_lZXACxQ-HeU0oZ-2PspzhcWNNbuo5wLwRlRJQRB&source=gbs_api	1784708232	69	\N
mrpPEAAAQBAJ	Jaws	1973	368	http://books.google.com/books/publisher/content?id=mrpPEAAAQBAJ&printsec=frontcover&img=1&zoom=1&edge=curl&imgtk=AFLRE71Cg1HhEmNTEY-j_oEPKu65M4wgX9u89ieMnnwRr9y2Eq6a3myIq1WLl6JxbZMZJL7d5MX9PhDz75RUw4Sfi0YRyEPQvysDFNuFuV06OS_80BlqwQz8eJVB77LqqUKQDw0pfJzZ&source=gbs_api	1400064562	70	\N
r26PEAAAQBAJ	The Secret History	1992	576	http://books.google.com/books/publisher/content?id=r26PEAAAQBAJ&printsec=frontcover&img=1&zoom=1&imgtk=AFLRE71bmqvMEFLv_3oUWkHB9r1Zv8oZWmGDAywaeIrr4JmgZwbfZGOuiOpZb9kPeLJ_zgO__fzucegmMLz10R-0BUfRMi3W8Iz0B7N5_tKu_pXjosQBHiP6j8qfyVpSTFlKjUMYLCKD&source=gbs_api	1400031702	71	\N
p5ozDwAAQBAJ	Wonder	2001	315	http://books.google.com/books/publisher/content?id=p5ozDwAAQBAJ&printsec=frontcover&img=1&zoom=1&edge=curl&imgtk=AFLRE72-j-HcKBNOzoyVzU0NWP0jO00GBhwp6WeOE5Zag4uAkBwM1BPXqJkPUUE61hzTR9vcTsV_SIdhWHdJTGxYX9d0NTt3Bf9bKxDXN9WECA4FJsk2K117umUkHnCzmec9QQ2G0TWK&source=gbs_api	1524720194	72	\N
6Yc-DwAAQBAJ	Stoner	1965	336	http://books.google.com/books/publisher/content?id=6Yc-DwAAQBAJ&printsec=frontcover&img=1&zoom=1&edge=curl&imgtk=AFLRE71EX_GjMZiwR_UvRHSPVEO8IL3n484AJ6p3xtwKfU7opZ25wZ_gCrP3i9O07IOBevj9vcaT0VScjjH3tjkAyyqFGI1nx1eTvgOXGzbO0Wb9t-mho86jFjFii03yvMdkonelZHdc&source=gbs_api	1590179285	73	\N
NeMtSAAACAAJ	To Kill a Mockingbird	1960	384	http://books.google.com/books/content?id=NeMtSAAACAAJ&printsec=frontcover&img=1&zoom=1&imgtk=AFLRE71ojlxHCRIzLzLLoEHou0lDixMnbpfcWfw7j3pQg4hwCXhls-Kz8LxWdjVnntkbahwUp7zahH2sWEZsr_CMsAlo-NlZuLfl-RMtuOSqIIYhtL5pDM1-FHOPJZP2alnpebffX8t8&source=gbs_api	088103052X	74	\N
ha6GIYze5lEC	The Outsiders	1967	208	http://books.google.com/books/content?id=ha6GIYze5lEC&printsec=frontcover&img=1&zoom=1&edge=curl&imgtk=AFLRE71rlyqViWBuw7kx4Ia6N55g9xGIS8vDgRpvKAdc3PV5ZR8NbdlKgH38_PcX9fV_NNWjPL3xPvMzupi4jNEysBU5rzUbdJegN6JOTul8S5LCPj3V4VMHA-zxon8AJCkIWzJqD9rS&source=gbs_api	1101642610	75	\N
CBC5DwAAQBAJ	Gone with the Wind	1936	1484	http://books.google.com/books/publisher/content?id=CBC5DwAAQBAJ&printsec=frontcover&img=1&zoom=1&edge=curl&imgtk=AFLRE71L_uuyOn5RYe7iUg7eBj6KY3dvMPGIVwoGqfSu5DOXoelmyd6V5yIeJYEKyJPmXO8FNMni-3t5a9N11zuTymvNHR9FhmowFWKiExUysPpGOYJ9JMkXW0A0miNbI39_4znhkzO1&source=gbs_api	0735254168	76	\N
oRPmEAAAQBAJ	The Bell Jar	1948	179	http://books.google.com/books/publisher/content?id=oRPmEAAAQBAJ&printsec=frontcover&img=1&zoom=1&edge=curl&imgtk=AFLRE7390STMs6wyWlICj94s5qT454BDbvbvS7h2t7_9qZt8IhmTjWhA9P9gP6QXKssJ6PtjlDPz-fvufsk9x8zSFTz4gteWEgb0TAxvzNQ6jMImPTMCrkTo6_u_fMM2C6b5uX05P3mi&source=gbs_api	\N	77	\N
AfB8EAAAQBAJ	One Hundred Years of Solitude	1967	342	http://books.google.com/books/publisher/content?id=AfB8EAAAQBAJ&printsec=frontcover&img=1&zoom=1&edge=curl&imgtk=AFLRE70SlHFWsTa_Tv5e_1nj4X0Bi95kbNyIWgA-UY_GNTV1C7X8nyhDUqDZQ2-qGuu2mGMzYc3wJuiVJpu7n6san3zJArPhgSgTqx7Ct88960HgthrE-8r5811qx4uWAGueMIodiLJA&source=gbs_api	9798200952090	78	\N
zKEKkAEACAAJ	The Stranger	1942	90	http://books.google.com/books/content?id=zKEKkAEACAAJ&printsec=frontcover&img=1&zoom=1&imgtk=AFLRE72k6NTCXguYTHPppDKSQ_N_mgFWkpvSye2weNNBv3o-qIHr3zXVXVRXe1TxxBRbw9Kv0niezpi5zWq5deJ2vHxcUc6vLKN-4g2CqWaWHTA0ORXUVSP-5N2fMcgMYeDuAw_t6Yfc&source=gbs_api	1533464537	79	\N
CPPxMXgaKhAC	1Q84	2009	944	http://books.google.com/books/content?id=CPPxMXgaKhAC&printsec=frontcover&img=1&zoom=1&edge=curl&imgtk=AFLRE70uXMlot93cGfmlWPuOdKb9CaAt2QrH2l4ytpoTP6tjnb5YcU93QZGoXOkquxFRLvNsu5VeAUP7Ysqnj4lZTLHEUyMXRHWe4gErS2kZoM5CW02PLHBoG3jz-09KF3vSm90bULf8&source=gbs_api	0307957020	80	\N
x8xtwgEACAAJ	The Alchemist	1988	195	http://books.google.com/books/content?id=x8xtwgEACAAJ&printsec=frontcover&img=1&zoom=1&imgtk=AFLRE72y5HwdGsSIaxissObBgHx1YO2RHmGv-Vwc_qpbb2uUKQQ5648uao6-ECbEWrbSCyQFP0GrhZVLv_Ne45j3DHwk_tfjeAb8bf86-K0eI1YO_p8pZPYCPfy4o74B2k_yygYgKFdc&source=gbs_api	0007155662	81	\N
qhQAywOYz10C	The Odyssey	1488	407	http://books.google.com/books/content?id=qhQAywOYz10C&printsec=frontcover&img=1&zoom=1&edge=curl&imgtk=AFLRE73BNuGgzNriPUzea1GLdv2qTm-zn_JnzyLs2ZRmqGSU-9pMS78QeWLFO6NEWU5d6ag621vwxQpxZ0MzjM-bL9B00sdLISbxy24qOzFrTlmKa1zoEfuunvGWR17NwRSj8-UgkhPR&source=gbs_api	1904633374	82	\N
vH3LDwAAQBAJ	The Invisible Life of Addie LaRue	2015	480	http://books.google.com/books/publisher/content?id=vH3LDwAAQBAJ&printsec=frontcover&img=1&zoom=1&edge=curl&imgtk=AFLRE71bxdxPSfoOeFsaU59ucQqhwRh5QL7U3j8zp5nm3vV0ifeU8foU08dVOYCP4DWBnbvRQyO7ju4PxvaQhmxE5lzZygMTj4I2CNdTZwOfpsW5sKTCEw2GZQWkqGoZydXXpifqtOsb&source=gbs_api	0765387581	83	\N
t5yFTpIJYhcC	The Adventures of Tom Sawyer	1817	224	http://books.google.com/books/content?id=t5yFTpIJYhcC&printsec=frontcover&img=1&zoom=1&edge=curl&imgtk=AFLRE71QpVUFrwjOPaqjONm0Q6RG4leDHdJ6sqyxxmwnvIgcy-sKm56m_o-izPu8ah40lQvBBlfbbLE965YrGEvKYVOdUIdbF-VXjieXSeNsRiSWrsi_WX3LsSvIlpy7qvBBlf9xBNET&source=gbs_api	1402714602	84	\N
W4r7lF_MSMYC	Anna Karenina	1876	864	http://books.google.com/books/content?id=W4r7lF_MSMYC&printsec=frontcover&img=1&zoom=1&edge=curl&imgtk=AFLRE730kZAx2HUCrwsGbdw3FodFNn_0oMsgM6lILpI6uyaW7gSIyz2NJspz6roGKxsrmmRC7HoYPBnyiVJzMCsJbqyg5E9STlsoaYNivX7OqilwsoQj46sE7WfyKnWvoZb9xzKJphrG&source=gbs_api	1101042478	1	\N
rpLxEAAAQBAJ	The Lies of Locke Lamora	2011	640	http://books.google.com/books/publisher/content?id=rpLxEAAAQBAJ&printsec=frontcover&img=1&zoom=1&edge=curl&imgtk=AFLRE71C5_77d6L007AIgdwM_-fMsOYz_rYYj0scmsw2Gfc4GSq8GLTamC34lmS3Coav1XJGswrFJVqOoQTq4NcwSenHivVE5ECkYkryA7ALmXaZJr2i1cX0wudGO1hmOdexAh9iGlsg&source=gbs_api	0593725425	85	\N
J04YAAAAYAAJ	Call of the Wild	1903	197	http://books.google.com/books/content?id=J04YAAAAYAAJ&printsec=frontcover&img=1&zoom=1&edge=curl&imgtk=AFLRE70zAKoSCocCf91LK_3OSSfostwX-ty9xZOMjYjDFuDgF2mWZYqzia-F5NQcG6GYBYCpa4MlL4nd5t6HcP2wdT--_gG-CzzJCHC9mHY3wdmJR-A9Jc5B9hAvb9WAMfHOvn5cb2Ya&source=gbs_api	\N	86	\N
ittzoegmRpAC	Watership Down	1972	496	http://books.google.com/books/content?id=ittzoegmRpAC&printsec=frontcover&img=1&zoom=1&edge=curl&imgtk=AFLRE71JU-t0Sr7aJQV6_RP0benSj-PtecQv0DAK0DESdccIipzne9Ccq7BmipJjl_ogj0rsu7ddfL0mEZ98SnC109UlxiPDmQaUVbCHUjwhU58FHSys0JyJMGqhq0zkiNWKz-S6pByJ&source=gbs_api	1439176124	87	\N
Ss5PDQAAQBAJ	Fantastic Mr. Fox	1970	112	http://books.google.com/books/publisher/content?id=Ss5PDQAAQBAJ&printsec=frontcover&img=1&zoom=1&edge=curl&imgtk=AFLRE72xH38ypR38obiP9hsP_WEV7_LI9hqsohofXCP49fvtttTxGPYKUvHwcoh4UH60UTmHpEV09N5R9bmJXVm0QM2P7yWJMCVZ7CIC8anhw2EFC2thDpNRUzyrEjesHmAvWSr5wBbv&source=gbs_api	042528784X	88	\N
WYSLDQAAQBAJ	Absalom, Absalom!	1936	320	http://books.google.com/books/publisher/content?id=WYSLDQAAQBAJ&printsec=frontcover&img=1&zoom=1&edge=curl&imgtk=AFLRE738hQ3jgk3jmXzfCPhzzxJRZRTd2rVGHttIBJeGg-pFucoRmNDp3cvWbx6JT_ZC521JIPa0ClIyKtYJts7GxW3zXQJirxY2V0gkhBqggrYv02m7W4am1tjqsGXamM1rJXOCRdkC&source=gbs_api	0679732187	64	\N
ghKyLjIU4-QC	The Sun Also Rises	1926	251	http://books.google.com/books/content?id=ghKyLjIU4-QC&printsec=frontcover&img=1&zoom=1&edge=curl&imgtk=AFLRE70q0itR_3KF5Rs7rDU02YkuBVi87862KadluEN20ZDxJhSV5WX8Nani_4vqmbG9qMWpnQxnnQESSj_a5PuWesgcnZq8IxBvdIYkjKRYHDEBLbyVOg8ThAOlVNEwSZfSvQgsXg5c&source=gbs_api	0743297334	89	\N
BfyLDQAAQBAJ	Song of Solomon	1634	368	http://books.google.com/books/publisher/content?id=BfyLDQAAQBAJ&printsec=frontcover&img=1&zoom=1&edge=curl&imgtk=AFLRE70V2mW60zcsEjhkRwMMAqHd2fw3pbZvo6CwdbU8DFfVM27stC2Bubx6WWn5vhdodBjlxRbGJgVkkq3EyGj7qeZIUel-zk5ddm_ikX_1Nr4jOI5iQrrs72lRTLMEbn-hvKp32plt&source=gbs_api	140003342X	90	\N
O8GmVV4IGR8C	The Girl with the Dragon Tattoo	2005	600	http://books.google.com/books/content?id=O8GmVV4IGR8C&printsec=frontcover&img=1&zoom=1&edge=curl&imgtk=AFLRE7279sc49RgOh1pBSQZB5WXZ54SoKRKVP7H2ggJoqmSBknrW6RzhX2utXQ_IS8UgJQ0a9Tlz91H0lCXkg6qGg3-XNRcH2vI5bCojX20Zv7qMUglGXr8Ehuagx5nrE1dsLyGv7uZi&source=gbs_api	0307473473	91	\N
1pCbDwAAQBAJ	A Confederacy of Dunces	1980	352	http://books.google.com/books/publisher/content?id=1pCbDwAAQBAJ&printsec=frontcover&img=1&zoom=1&imgtk=AFLRE72bULsdxJR4Qgjc-5szOLyR1ycIW_TqtAQyLw3fYXYvBfUy_cGBry97FtCZdeDbYhHmcLvfUHDoYR4lqjwi9rjHSrmWhIiiAysWjhIwXCBEz-xRfBJZUggyxzEhtZy58Qv73CY5&source=gbs_api	0141991437	92	\N
jA_ADwAAQBAJ	The Trial	1825	304	http://books.google.com/books/publisher/content?id=jA_ADwAAQBAJ&printsec=frontcover&img=1&zoom=1&edge=curl&imgtk=AFLRE73M3qVwuLsawcpYreVjDnW3yjEF3HAtN3R4FwMJ8uFbxr4irmIr_4banTHUQuFqtkeV-Kb0ys_v7tpIF3ZrT_2SpXZ7Afb0b-COMZr-5ScKWR8Few5acCLUJGxznQWYwMnGKW42&source=gbs_api	1529036062	93	\N
jM5vzwEACAAJ	Persuasion	1789	156	http://books.google.com/books/content?id=jM5vzwEACAAJ&printsec=frontcover&img=1&zoom=1&imgtk=AFLRE71Tsu5MB7r2KK2RLhxEBVMAJR2ppqCTVdvHQZ-SiMpPPRWnfimdSWVFmae3oIakDhKaa6pPQlgUIAgZWb-onlyeBKCwn6ZUbxu30sxm4rOprQYdt6MwwVi1BKULlxvX4nwXvZ2a&source=gbs_api	1803968370	94	\N
iyfgqV5dxXQC	Lord of the Flies	1954	224	http://books.google.com/books/content?id=iyfgqV5dxXQC&printsec=frontcover&img=1&zoom=1&edge=curl&imgtk=AFLRE72u6cjG9-BxO1mmyS3mtsxEKO0JcvlwMKXee2eonRo6bsIX7AXTNGyTYIflotmRu07eAWLdoFxngKzjdKNFJ8AqfU9986BdoLfiVUIvn5CnuGLFCTdEc68t_mSy58llRslf8DjU&source=gbs_api	1101158107	95	\N
_It_EAAAQBAJ	The Lion, the Witch and the Wardrobe	2022	89	http://books.google.com/books/publisher/content?id=_It_EAAAQBAJ&printsec=frontcover&img=1&zoom=1&edge=curl&imgtk=AFLRE70LM9YaPUoRKE255Tqw_5EhecIWVoz8eRhjs_JwVllJABbVe5xr3f9PUkBkH_CmMkyqtM2C9rwtT8jrrooaVYKWKwWBAVqoQhUMOmcP7HSczHKzi9LwLKhg3QkCpbXtKEMvOIYA&source=gbs_api	\N	96	\N
lmy-EAAAQBAJ	The Count of Monte Cristo	1830	1165	http://books.google.com/books/publisher/content?id=lmy-EAAAQBAJ&printsec=frontcover&img=1&zoom=1&edge=curl&imgtk=AFLRE71DIO2XNZ1fsAm39WM1N7zFUaqO0nX4J4kiL1t25cqc0Bo1ZsTsGS9i5wlxlhysMnnsplRgaIhpp2ATPhWX-uOAjHRZ38D22DP032fDlk-LbUH2hmqqnCT6YjMdjYznC8jQaNdc&source=gbs_api	0369409426	15	\N
5x48MQAACAAJ	Don Quixote, Part II	2016	494	http://books.google.com/books/content?id=5x48MQAACAAJ&printsec=frontcover&img=1&zoom=1&imgtk=AFLRE73cULnc4q_8xnhgheQE-NfSXJtwjhUBJEr0H6I0o525tmdzyTmIEkNK3MzYEJ8wH1WAClO4HuaCR3xit4N6bZbO3eUD6V_3T5AO2FcabCd8bQFoE5kZ43IpyIzL1T0QO4svFt4U&source=gbs_api	1541269365	97	\N
hoGkPfds4tAC	Fight Club	1996	221	http://books.google.com/books/content?id=hoGkPfds4tAC&printsec=frontcover&img=1&zoom=1&edge=curl&imgtk=AFLRE71txdmHFSZpmCrT58s4Rn4XIdW67OKNOaw6Q1GPpDzSzA85vPYrMscESdUc1V0E4pBu1q7YHlx_V4PJKF6ZszkerAL6bzT_Jy62aa7NKEn0j6AzVx4PDmlMu6eur1m8BkfOZwl3&source=gbs_api	0393066398	98	\N
owFWa3p5h28C	The Road	2006	287	http://books.google.com/books/content?id=owFWa3p5h28C&printsec=frontcover&img=1&zoom=1&edge=curl&imgtk=AFLRE707PYhkPXCvNPAyQbD9BxZ3eFaNONhr93RXnDXPIbdkshziKDwou0ziG8MdCjZkeHLi1yYyqde688GJE6SLUtxCY4svDfbSUKfWU9r0y6ciKZOtSD6m5PcqfMEnMyIxI7Z3s-De&source=gbs_api	0307386457	99	\N
iSrI-BQqFf0C	Invisible Man	2010	608	http://books.google.com/books/content?id=iSrI-BQqFf0C&printsec=frontcover&img=1&zoom=1&edge=curl&imgtk=AFLRE72lLCz9izS8fBOgP76ITWp8-64y7QBZJnNmWupmcCP8_L3SBsZNOgCW9svseZQEPsI_0fvCYFTgICo6X6xAGQXjMPFVZ_QAHwqQADMfaMsGyFH1jN2BLw5nZpDHjm8RbFg6mvRL&source=gbs_api	0307743993	100	\N
Dgv0DwAAQBAJ	1984	1949	330	http://books.google.com/books/publisher/content?id=Dgv0DwAAQBAJ&printsec=frontcover&img=1&zoom=1&edge=curl&imgtk=AFLRE70L6jmyun2aKEdkpQss5Cjmae3umTk9dKEk8Ltn2Ho0YLiWPH4TjkXf5dxP7fycFVNp40ZtUvsA1qCPHa5qbYgsmda0S55Ay_GTtD5R5D3FDat-KeN9PQsyY1v6KSzqfiXH_vG4&source=gbs_api	9389647746	48	\N
s9q60rLUbRcC	The Adventures of Huckleberry Finn	1876	359	http://books.google.com/books/content?id=s9q60rLUbRcC&printsec=frontcover&img=1&zoom=1&edge=curl&imgtk=AFLRE73ltr6mHPwv6rBFkoO7j_DAudze0DZLuuSeNrRmdpng6bIxTpbSoQe1Ld5t0N95VFEc6T9uQOib2hA6nKFJO_aTj0PAqGhKrhJgLJenKG7j08dWxymJCjfYWoIXlTY8oi4LCYzv&source=gbs_api	1904633463	84	\N
mdnrlnf9IGwC	Pride and Prejudice	1813	401	http://books.google.com/books/content?id=mdnrlnf9IGwC&printsec=frontcover&img=1&zoom=1&edge=curl&imgtk=AFLRE72-w4BWbtW5k65tjNREc04WcQS1ofGiyorl-XeWqpNoPCXlsEpWHmH_EA_p-Y3OB-FNwl4uWh99pHMIauC1RzeywjPa_xD832wgw13LbLFqsESiXtIFPSA8XxFzQYScsUci1ziW&source=gbs_api	\N	94	\N
V2-ChsYrvloC	Don Quixote	1600	976	http://books.google.com/books/content?id=V2-ChsYrvloC&printsec=frontcover&img=1&zoom=1&edge=curl&imgtk=AFLRE72Ui3KFlpFAJjErcVXf6ytqEbbCPa65-zqGnCl_3XqSBhEmQ3ONH2HIUwyAvm2hmpqyBJZ-Ve5ctihX1VPXbRPoctyY6EQpR9Rlj6ULfwngcPXYxodS1nAOZzWVJTP7O2dVVbPe&source=gbs_api	0060188707	97	\N
gTycDAEACAAJ	Life of Pi	2000	335	http://books.google.com/books/content?id=gTycDAEACAAJ&printsec=frontcover&img=1&zoom=1&imgtk=AFLRE72KyKGU8CGj9rAE7RJEBk-LlLqzCeto-U-L9Z9rgXYusn_5BWt_1Yb-hBTh4g3y5F-ARBvCbcWyuYFsKBqNHsEdDHZitGmWDqETo0UAB4AWgYEcPWvs75d2JDpGbOEXpuOMkDhV&source=gbs_api	1782119213	101	\N
ZrNzAwAAQBAJ	The Three-Body Problem	2008	400	http://books.google.com/books/publisher/content?id=ZrNzAwAAQBAJ&printsec=frontcover&img=1&zoom=1&edge=curl&imgtk=AFLRE72d-5TIT7hx4bb5LRGmDZILFGvJgvqtfKX5YIBo9SOnGTjtHaVMoSgBqo_QYRMWAZnfrfHVyNBljBwoyzPtrepmFsjab3oF2S1ETVKaSbRGRY834RenN9sAElfx7AhU9UAeuG5m&source=gbs_api	1466853441	102	\N
23ftDwAAQBAJ	Metamorphosis	1915	47	http://books.google.com/books/publisher/content?id=23ftDwAAQBAJ&printsec=frontcover&img=1&zoom=1&edge=curl&imgtk=AFLRE70XXtHSl126LiPUv53m9OMLQK7eNovdwCJE8jcLIknxfj6HOSIWaAqL6aD6nMVq_-WCMHjODjTF4bhyhjXKnDYooYM2CvNSJzVyiX6arrE1oiLi8yuRK_Nj6Yv6z1qOjIaPqNVi&source=gbs_api	\N	103	\N
C_dvDwAAQBAJ	Dr. Jekyll and Mr. Hyde	1875	112	http://books.google.com/books/publisher/content?id=C_dvDwAAQBAJ&printsec=frontcover&img=1&zoom=1&edge=curl&imgtk=AFLRE73fvMs4npjGugh71Bq4Wu0VkYBELS62YV3KkvxE9lWKbM2b0yC0SgdOR_Y8uYtItdKnf0SGutvCLBpqvCX7gxZCfPSJu27bgMprDibGsCKWOo-9ibsa6IirYJRUjmWHA36gdpgy&source=gbs_api	055321277X	104	\N
anJrbWGCdmAC	The Old Man And The Sea	1952	127	http://books.google.com/books/content?id=anJrbWGCdmAC&printsec=frontcover&img=1&zoom=1&edge=curl&imgtk=AFLRE72JlYNzRuJIsT6YZESEaq00PVM2QL1QtWoBK2OpFmpg6i29LiYTS1ExegA0AM3HlE-ONnPcq-8kWjOv24uFl9p5oNjx7cWxdwYlvMhqEQ39-5orjNY_B7UeT549T-1svs86B4jZ&source=gbs_api	1443414557	89	\N
OlCHcjX0RT4C	The Hobbit	1937	320	http://books.google.com/books/content?id=OlCHcjX0RT4C&printsec=frontcover&img=1&zoom=1&edge=curl&imgtk=AFLRE73WMcEj43XGtmdjwqo0QOfT0elDr19B9iBD5doS3ow1A0682pVfsMB5qSb29gCDY7atUcplxnGrD6uosXGs8EIyQvl8aoplgyQbfNL_ABi8QILcxobnxfmN5CEZOYDBFfJQDJrM&source=gbs_api	0544115554	19	\N
gm1_ZjzjEboC	Carrie	1974	208	http://books.google.com/books/content?id=gm1_ZjzjEboC&printsec=frontcover&img=1&zoom=1&edge=curl&imgtk=AFLRE728cY0hfoVbHKqbClu4mFex9_HlUKMx9FEPhFCbBmwXo8DEOoo_BW7x8-m6WVBzHEUzRMUoANnpa7IJ7nZkvRR-Gt8i4_UZRxnC1jwFwIj4gXugQAr5GtSPkufxendmDT3oFkgG&source=gbs_api	0671039733	30	\N
dFsPAQAAIAAJ	A Farewell to Arms	1929	355	http://books.google.com/books/content?id=dFsPAQAAIAAJ&printsec=frontcover&img=1&zoom=1&edge=curl&imgtk=AFLRE70p0HxEZF_koesOGsVq3Petojr7GlVDpBHXw_pu5GxEH5H3SmC23pOI42dq49efbEzPap92W6TeC5PoC48plpKByVJYcukC8UkBWabeLDv2cvX75nauDQzD0n_px5ht4JIvB4HG&source=gbs_api	0684717972	89	\N
pgvqsaYvgacC	All Quiet on the Western Front	1928	240	http://books.google.com/books/content?id=pgvqsaYvgacC&printsec=frontcover&img=1&zoom=1&edge=curl&imgtk=AFLRE71FgeNJ65LYDe02yI3DNVgE-2aNwM2v1S3MbcKS4ibgtNmfsMPo1oq0-1bYvIRYS-FG3OvDf-ukvKcizS8ZgM6ckyMWDLPcFxxjXDz4fWRep28Xm9qDHNmFi6i9sMOhPNSs30Ix&source=gbs_api	9780812985535	105	\N
dRoGDQAAQBAJ	The Alice Network	2017	440	http://books.google.com/books/publisher/content?id=dRoGDQAAQBAJ&printsec=frontcover&img=1&zoom=1&edge=curl&imgtk=AFLRE73r4aCBAHWvLw6_g2RRP4MvL4YBZPfTrjVGtZeeeEfHBESuJGeblW8ppLbBTPAm7y4h23aOC9t4cEUISyuf1ZZGdI2j7nPw1up593WkI6ruAjHCdvmgOhEe2tBc4DQMuSfcEnhM&source=gbs_api	0062654209	106	\N
rWIHTxHGVTcC	Birdsong	1993	496	http://books.google.com/books/content?id=rWIHTxHGVTcC&printsec=frontcover&img=1&zoom=1&edge=curl&imgtk=AFLRE722pmsowIQSLLzzaSxxjfxuRTLSmlZZ1av6XLmc-ckVCFlg4sqASQ5lkSrB-xhNXhzrlIKLhPHCMu3DHUHeCkd1REr89os3IGV8NnzchLbwOPH6mbZ-xXkIJXEhMzCHJtUW2q7F&source=gbs_api	0679776818	107	\N
9F90xQEACAAJ	Little Fires Everywhere	2014	388	http://books.google.com/books/content?id=9F90xQEACAAJ&printsec=frontcover&img=1&zoom=1&imgtk=AFLRE70NL26O7ChWHWUq3JL7AikgoEtpymkBuQWK2UgHWxpuZ7Gh9E7qgttfRW12oTav6kjndavhj5CL4qVUI9LlghlHZTF7ieIupxpnQJ9F0hJP-oSnvSiX8MvCP-Gs-N_XO2SKXihH&source=gbs_api	0349142920	108	\N
M-CocWLBGB4C	Where the Wild Things Are	1963	48	http://books.google.com/books/content?id=M-CocWLBGB4C&printsec=frontcover&img=1&zoom=1&edge=curl&imgtk=AFLRE70TR_-xu-fE9_96c3l7hDoUVXk-mg-xfWmdo-SGtSJ-urTxMR3hnEsu2HRDKVOUpgO8aYT-Gbtqjv338fCvXeVF_Q1IuRxI9Gtdfll6Ja-cGg_xFpmhJWr7zollTPzQ8D0-yUU9&source=gbs_api	0060254920	109	\N
DU0LDAAAQBAJ	Fantastic Beasts and Where to Find Them: The Original Screenplay	2001	304	http://books.google.com/books/publisher/content?id=DU0LDAAAQBAJ&printsec=frontcover&img=1&zoom=1&edge=curl&imgtk=AFLRE727Fy8RFCnqAsD3mtsfi31kQkvEuhLGFTGQKx82iicbAn-Araxt0rD2zjN39_jsBnKEciwOUI65AiaEngLVEmVXg7vHUhVfRgAjaV92r22Uti0m9CHEmQQB2IBskEau8BlTvngb&source=gbs_api	1781109605	32	\N
IxWOEAAAQBAJ	Where the Crawdads Sing	2018	0	http://books.google.com/books/publisher/content?id=IxWOEAAAQBAJ&printsec=frontcover&img=1&zoom=1&imgtk=AFLRE73C2pgXi8bLSodD0JgQDYoEE3HzzUD-qTGR9-t4a0rr0oTTruciI_YFNWyknB9SuxO0a7nCdHG8j7r-zjNadyjtkaSFsI9-mLYsREJXgWg5t6xSGjwvwGWq4fkRoUE3-PPAzpla&source=gbs_api	0593105419	110	\N
SQCxEHEXBykC	11/22/63	1925	849	http://books.google.com/books/content?id=SQCxEHEXBykC&printsec=frontcover&img=1&zoom=1&edge=curl&imgtk=AFLRE72l53m3LAxQkoLUCTSYAB4Fr7ofRHqd0sUyM-0Z4VO1LB_wxQec5FX7posCbm3lDAFG6cEl0Wl2A1hnwBZOgrj2Sz3UKDKNvARBiV0OuF87LoFLhA6ssGztCEbpFJXhg-l0nmmx&source=gbs_api	1451627297	30	\N
r119-dYq0mwC	A Wrinkle in Time	1962	216	http://books.google.com/books/content?id=r119-dYq0mwC&printsec=frontcover&img=1&zoom=1&edge=curl&imgtk=AFLRE70CiDwf0SnAXinL3jrVit6evC95fiB4LNrWwODrNwwiBfC_MPcsXrt-bfA5j1darr1xJzkwH0dpgU2yeUOmDsJ2UCEIURSHp2A79LGofKKjNWwjyI9c8LHLrXu33YQzNl5fMIrg&source=gbs_api	1429915641	111	\N
D6uZDwAAQBAJ	Recursion	2019	336	http://books.google.com/books/publisher/content?id=D6uZDwAAQBAJ&printsec=frontcover&img=1&zoom=1&edge=curl&imgtk=AFLRE72PdgNtBIlRfN1y9cDnLmSRRfvzqtG1H_jgHsSUGoXFtwi_2bkNQlr07f5R399KWLcf5egR6kMft8A558uqDYfKM6-Wy0aIZquMLepy-txusK14uNVyPhjTrQ1GUvbWertv4Qm7&source=gbs_api	1524759783	112	\N
bZnHBAAAQBAJ	Harry Potter and the Half-Blood Prince	2005	541	http://books.google.com/books/publisher/content?id=bZnHBAAAQBAJ&printsec=frontcover&img=1&zoom=1&imgtk=AFLRE73GCMP1Z3btPHHD2G0a6efwdx9t4GMRyewuSl3nMVtyyBhUtWxo2cIaFM0KOjtN_OzctrLieokeYpRqwy2ov3h7OnH8h4Hj_00t74W4cmPwAdllj322qS4-816GKyRRHuFpEtRV&source=gbs_api	1408855704	113	\N
WZ0f_yUgc0UC	The Return Of The King	1950	432	http://books.google.com/books/content?id=WZ0f_yUgc0UC&printsec=frontcover&img=1&zoom=1&edge=curl&imgtk=AFLRE73GlSkR92SAhemOf5GNExy9M6fEdICitx8MdxW5oP5jpDJ91oSRP1cHDFKeoc3WnFRgnPg5HAUM9x1Ruz0lWKH94aeKn4zf0SlSLd5YFkmLXLIRon6t5nSXpEUTZtbpWm0I1kWX&source=gbs_api	054795204X	19	\N
ebW2JpsaOxkC	The Princess Bride	1976	288	http://books.google.com/books/content?id=ebW2JpsaOxkC&printsec=frontcover&img=1&zoom=1&edge=curl&imgtk=AFLRE73tWQlprwkMGV6XkXQaebLEp9Lt3oqxVUIt4JGjWd1D1l8zFIQXjnEPIhl16LxyLzMD1s0aXsk89KhrqnyrdpMjMqHJYQB6GjSnx9HPrrTwz9E4pinuy_8EBC0bJqL2owehF1Cw&source=gbs_api	1408845865	114	\N
B1hSG45JCX4C	Dune	1965	704	http://books.google.com/books/content?id=B1hSG45JCX4C&printsec=frontcover&img=1&zoom=1&edge=curl&imgtk=AFLRE70bE6tx5yujijM0nu-NSGaV0S5iGxeMAqboClToT033XCNkSRKyl8G-Ysg6dHDBneaZVIkqLmdLfmJb13TflBS92woPM53Vob18jZVqyVcq2fUMkwVH7R_1XUEULxP6X73CJQ8i&source=gbs_api	0441013597	115	\N
WEW1cC7yaCQC	Ender's Game	1985	226	http://books.google.com/books/content?id=WEW1cC7yaCQC&printsec=frontcover&img=1&zoom=1&edge=curl&imgtk=AFLRE70QPS1qEyejPuKLur5XFDWD4ev3ye3JL03Daj6MIFNw3u_syfW6HRKJeDjg7WJaFofKNJYc3ZjwYjARohiKNaGC7XOKSStsBg-2sv8CV1g3qovtKpdP8EGxYgZOdhVdteQhaLvL&source=gbs_api	076537062X	116	\N
cLhVjQGs83QC	American Gods	2001	624	http://books.google.com/books/content?id=cLhVjQGs83QC&printsec=frontcover&img=1&zoom=1&edge=curl&imgtk=AFLRE73qWvkeuoK-EwDrULaWS9IATdzAcPwSD2ixf_UNeascq-9ajCZBAjrD5zHqhODJBIFUhTIHKgcKLjmQ4RsHLxmP-tAKI_CUPJdMynLRzefWT3n_KJdvLG9ZKDSbm3UmF2R5uWJu&source=gbs_api	0380789035	11	\N
8FWTZTkKKUkC	The House on Mango Street	2013	144	http://books.google.com/books/content?id=8FWTZTkKKUkC&printsec=frontcover&img=1&zoom=1&edge=curl&imgtk=AFLRE7275qDFMNsvg-cT86c-3wu2bEJopneYvhuqMsHTPALluyc3SzE91HHNK1zrkMchZsAGb5Fy48PL0WEAD6Kmn4PgPjxccF8F_HhS28ujpSEyRy2L8NuFyJqRdUPbiGDi_5acZ0jY&source=gbs_api	0345807197	117	\N
OwsBBAAAQBAJ	The Hunchback of Notre Dame	2014	72	http://books.google.com/books/publisher/content?id=OwsBBAAAQBAJ&printsec=frontcover&img=1&zoom=1&edge=curl&imgtk=AFLRE72YXwP-FSGFkWrhI_7S5ypSCzjJa09QuOUtZT36kjh0ngR5-XtWVtwYOiQ6foZi4sI0oaUUELuv3Gj6sJ75MtPycgVBo6wgTWA6wM_FkbghiMFOZPZQ-VCkzwcvOqPU_BO9Di7w&source=gbs_api	1496500059	118	\N
TxFxDwAAQBAJ	Mary Poppins	2018	234	http://books.google.com/books/publisher/content?id=TxFxDwAAQBAJ&printsec=frontcover&img=1&zoom=1&edge=curl&imgtk=AFLRE72A8rUxywwwGY1n9kdVTf2hsPKxtNL1LHdws4k3Lwr4tQXY6ET_L1JbTehNHMLhTMGefiKgYIqhc6AnpOBW_KcyJiPhBJeRaCziCw_b80sEd6zt302Ls5iYsvkKPz40gJ7Njib6&source=gbs_api	1328498840	119	\N
G0KJzgEACAAJ	Treasure Island	2011	174	http://books.google.com/books/content?id=G0KJzgEACAAJ&printsec=frontcover&img=1&zoom=1&imgtk=AFLRE71B7xcm7KVmD3L3u3hcdoMQNKLEmDuA6G9RGRPTB9DVN5vmJ88Ga2yG_KMJcdW2BPGIbjCpQPObPgiy798YSDdvILBD7sFN0LOT7L_o4r3SXRJMpPcvgKv7GuwSfVmvYyJOw2ew&source=gbs_api	1456388118	104	\N
twDVs4UIU_kC	Middlesex	2002	529	http://books.google.com/books/content?id=twDVs4UIU_kC&printsec=frontcover&img=1&zoom=1&edge=curl&imgtk=AFLRE70tMcDGFkuqKUzkYqEPoA7cc3F0-vLYHpdWwyhwxA6Jv7bswWGlL0JdVxa69nDVxRk0--KjMxZF68ejKQEEzSQNlXIx0VHqTyFE79MQXUw9tnH6uvyDefVo1_c2KCmhQgOg6xg4&source=gbs_api	0312422156	120	\N
GXYH1C_esq0C	Lonesome Dove	2010	858	http://books.google.com/books/content?id=GXYH1C_esq0C&printsec=frontcover&img=1&zoom=1&edge=curl&imgtk=AFLRE72EbgRXhLcdZ8HAQ022cJkSQFwp6HtjPujtcUqyuMr9MW15VlVT_53LZpx46M5lXWXZGV0ayA8AWPf-EuN1OQT0dYDJ9bk_Anc0y-mcskECv7yTFWTN97y_AR-vdwDXzBT0swqV&source=gbs_api	1439195269	121	\N
hTy7QzxZSEUC	The Color Purple	1992	290	http://books.google.com/books/content?id=hTy7QzxZSEUC&printsec=frontcover&img=1&zoom=1&edge=curl&imgtk=AFLRE718ybaUVkMuptZE-eE6TLhz38oFaXYEIBHby_wbkEt5yJ1IJcuLmRi2sNpLix9vjEkvngVs1OMNHvZ4QHuQHc6KByn4AEpSsKSfsHBRuPrJFaB3MqCPwlYa5_b2XQmg3wK5OWyU&source=gbs_api	9780151191543	122	\N
lDKoFjT_tT0C	The Iron Giant	1999	79	http://books.google.com/books/content?id=lDKoFjT_tT0C&printsec=frontcover&img=1&zoom=1&edge=curl&imgtk=AFLRE735RRjTNF056CxBiDhhJI2Q4im95-A63-9rl64jpcP2F4HiXDAQ58padR-beFW8epFH6XIzNG5nJNw1AdwObOfs-J9qC-BfyeupH2OuAXn0Zc1s6L3PJZButqCmddeJn3eqyGGS&source=gbs_api	0375801677	123	\N
49fWEAAAQBAJ	Les Miserables	2017	1905	http://books.google.com/books/publisher/content?id=49fWEAAAQBAJ&printsec=frontcover&img=1&zoom=1&edge=curl&imgtk=AFLRE73eiai3Vw0SuxKXfYUNwE6H_bWR7REioB4tgh66JAfylRNf7ekCvWFTuMW7XcVRpQ9gGUbIuNgpXI4XCpA1r7_pwWIwo5ttGMgOJckq75uDFxQwtryZwBTgQpOPTSHPrHVoeGbp&source=gbs_api	1532404611	118	\N
6qzHDAAAQBAJ	Twenty Thousand Leagues Under the Sea	2017	528	http://books.google.com/books/publisher/content?id=6qzHDAAAQBAJ&printsec=frontcover&img=1&zoom=1&edge=curl&imgtk=AFLRE73riTH9pJo8vz0urLAuLn1FU4Bx4b8SyIpBW85o-lyjNBqby30dTCjfSpvY-Bfip-E3QjTMTPvaSIyp02LhkPBmTqFnOZt5C0ZdEGrdb-Xm6WkErqlLNk9AEsEzmNNboufGObeD&source=gbs_api	0141394943	124	\N
rWuODQAAQBAJ	Ready Player One	2012	384	http://books.google.com/books/publisher/content?id=rWuODQAAQBAJ&printsec=frontcover&img=1&zoom=1&edge=curl&imgtk=AFLRE701UWP0B9UwbPMkPqAJwyCqKvdesfjk9CUmU9A3-lzLuw8gfj4K3MckfsmkCB-crXUxLLdW_tWtjQ6olc_jp9DhFI8NKCAZWSUxz4wQrGPHmqzkczgufKLiFg_Or4z5ouHzVHaO&source=gbs_api	0307887448	125	\N
Yfj1DwAAQBAJ	Schindler's List	2020	416	http://books.google.com/books/publisher/content?id=Yfj1DwAAQBAJ&printsec=frontcover&img=1&zoom=1&edge=curl&imgtk=AFLRE72YW2miVUfk9_rwQuYsKiA-X82u_oYIIdqh5vsSU7tJy2tMQ8bd5W5HPn2BQKWafI5DuK396IWcLKT3m7ejU-QWkXppANTQf9nQ6qh5BT2ASR1XtR4xJJ4tSRbj9LYiavNokoHu&source=gbs_api	1982151048	126	\N
ZbBOAAAAMAAJ	Tarzan of the Apes	1914	401	http://books.google.com/books/content?id=ZbBOAAAAMAAJ&printsec=frontcover&img=1&zoom=1&edge=curl&imgtk=AFLRE73eTL9Tgr5rbrbc1QVaaWOSTJ0o7T4YvgZPGwd8x5wR2oOdiFFSqr7cZeziWKpFJpDjfUCMYFRG3uE2TURZgFok6QKtBn36hm1WHVs7X8upW7y6wUTXOyw4-3KKymqDOYUjQ5P-&source=gbs_api	9798692844330	127	\N
GrGdDwAAQBAJ	Circe	2019	542	http://books.google.com/books/publisher/content?id=GrGdDwAAQBAJ&printsec=frontcover&img=1&zoom=1&edge=curl&imgtk=AFLRE73tvDz9ZBTHWsJHlmBGP1HEwdvz7JKfzLIkn_yU7UYR_iGRGyeqHjj6EAgjUvmvjQbRjyJXTi1smifzr20iVTt0DrdY9GustwLYUq_xdeBlCoJn3kGHKiGUM7OTz40OM2LJEEwt&source=gbs_api	6020628957	128	\N
zKl_4L9AWccC	Eragon	2003	509	http://books.google.com/books/content?id=zKl_4L9AWccC&printsec=frontcover&img=1&zoom=1&edge=curl&imgtk=AFLRE73EEU0IXEMXIgqJLdZmwYu0v2nI0q2zLblLVsfqaedaGuURZBxCEpZerd6TnnpjUdBZ7tmqHzu4BctaqTdLSMyp-zb6JA8_TPMB5i2gLBpL1sDqbXFPMc5ZcvqFW93ITQyQ76ZA&source=gbs_api	0375840540	129	\N
oR1avgEACAAJ	Gone Girl	2012	416	http://books.google.com/books/content?id=oR1avgEACAAJ&printsec=frontcover&img=1&zoom=1&imgtk=AFLRE70bg89hze8u-Wv6SYD3573tfMf-pekoL6Z4QzXnm_57SsOEvwk97T7N5p657ZYZiVljsUxxKuqbcSfeSfuNiAzY28GF0eU7Z52knFJVjrCitVncCBSCR-CMg6N-T59u8C3HIbyw&source=gbs_api	0297859390	130	\N
ScdAEQAAQBAJ	The Catcher in the Rye	2025	232	http://books.google.com/books/publisher/content?id=ScdAEQAAQBAJ&printsec=frontcover&img=1&zoom=1&edge=curl&imgtk=AFLRE70VlLscjHM_BELoJ2LLONqziTaYPS6p1K_q9DRTvx-wfoVwQxlYcWHCY-t4cItKi0v5ZLS9Wq5EsZezfR4Hzxv1_PUXNYv29wrv_5EKLJcr-VgvcDmXNWMP3leffaY5rHs8wdjL&source=gbs_api	\N	131	\N
\.


--
-- Data for Name: library_book_subjects; Type: TABLE DATA; Schema: public; Owner: postgres
--

COPY public.library_book_subjects (id, book_id, subject_id) FROM stdin;
1	0N3tzwEACAAJ	1
2	0N3tzwEACAAJ	2
3	0N3tzwEACAAJ	3
4	0N3tzwEACAAJ	4
5	0N3tzwEACAAJ	5
6	0N3tzwEACAAJ	6
7	0N3tzwEACAAJ	7
8	0N3tzwEACAAJ	8
9	0N3tzwEACAAJ	9
10	0N3tzwEACAAJ	10
11	0N3tzwEACAAJ	11
12	0N3tzwEACAAJ	12
13	0N3tzwEACAAJ	13
14	0N3tzwEACAAJ	14
15	0N3tzwEACAAJ	15
16	0N3tzwEACAAJ	16
17	0N3tzwEACAAJ	17
18	0N3tzwEACAAJ	18
19	0N3tzwEACAAJ	19
20	0N3tzwEACAAJ	20
21	0N3tzwEACAAJ	21
22	0N3tzwEACAAJ	22
23	0N3tzwEACAAJ	23
24	0N3tzwEACAAJ	24
25	0N3tzwEACAAJ	25
26	0N3tzwEACAAJ	26
27	0N3tzwEACAAJ	27
28	0N3tzwEACAAJ	28
29	0N3tzwEACAAJ	29
30	0N3tzwEACAAJ	30
31	0N3tzwEACAAJ	31
32	0N3tzwEACAAJ	32
33	0N3tzwEACAAJ	33
34	0N3tzwEACAAJ	34
35	0N3tzwEACAAJ	35
36	0N3tzwEACAAJ	36
37	0N3tzwEACAAJ	37
38	0N3tzwEACAAJ	38
39	0N3tzwEACAAJ	39
40	0N3tzwEACAAJ	40
41	0N3tzwEACAAJ	41
42	0N3tzwEACAAJ	42
43	0N3tzwEACAAJ	43
44	0N3tzwEACAAJ	44
45	0N3tzwEACAAJ	45
46	0N3tzwEACAAJ	46
47	0N3tzwEACAAJ	47
48	0N3tzwEACAAJ	48
49	0N3tzwEACAAJ	49
50	0N3tzwEACAAJ	50
51	0N3tzwEACAAJ	51
52	0N3tzwEACAAJ	52
53	0N3tzwEACAAJ	53
54	0N3tzwEACAAJ	54
55	0N3tzwEACAAJ	55
56	0N3tzwEACAAJ	56
57	0N3tzwEACAAJ	57
58	0N3tzwEACAAJ	58
59	0N3tzwEACAAJ	59
60	0N3tzwEACAAJ	60
63	imKTEAAAQBAJ	128
64	imKTEAAAQBAJ	129
65	imKTEAAAQBAJ	130
66	imKTEAAAQBAJ	131
67	imKTEAAAQBAJ	58
68	imKTEAAAQBAJ	63
69	imKTEAAAQBAJ	64
70	imKTEAAAQBAJ	65
71	imKTEAAAQBAJ	66
72	imKTEAAAQBAJ	67
73	imKTEAAAQBAJ	68
74	imKTEAAAQBAJ	69
75	imKTEAAAQBAJ	70
76	imKTEAAAQBAJ	71
77	imKTEAAAQBAJ	72
78	imKTEAAAQBAJ	73
79	imKTEAAAQBAJ	74
80	imKTEAAAQBAJ	75
81	imKTEAAAQBAJ	76
82	imKTEAAAQBAJ	77
83	imKTEAAAQBAJ	78
84	imKTEAAAQBAJ	79
85	imKTEAAAQBAJ	80
86	imKTEAAAQBAJ	81
87	imKTEAAAQBAJ	82
88	imKTEAAAQBAJ	83
89	imKTEAAAQBAJ	84
90	imKTEAAAQBAJ	85
91	imKTEAAAQBAJ	86
92	imKTEAAAQBAJ	87
93	imKTEAAAQBAJ	88
94	imKTEAAAQBAJ	89
95	imKTEAAAQBAJ	90
96	imKTEAAAQBAJ	91
97	imKTEAAAQBAJ	92
98	imKTEAAAQBAJ	93
99	imKTEAAAQBAJ	94
100	imKTEAAAQBAJ	95
101	imKTEAAAQBAJ	96
102	imKTEAAAQBAJ	97
103	imKTEAAAQBAJ	98
104	imKTEAAAQBAJ	99
105	imKTEAAAQBAJ	100
106	imKTEAAAQBAJ	101
107	imKTEAAAQBAJ	102
108	imKTEAAAQBAJ	103
109	imKTEAAAQBAJ	104
110	imKTEAAAQBAJ	105
111	imKTEAAAQBAJ	106
112	imKTEAAAQBAJ	107
113	imKTEAAAQBAJ	108
114	imKTEAAAQBAJ	109
115	imKTEAAAQBAJ	110
116	imKTEAAAQBAJ	111
117	imKTEAAAQBAJ	112
118	imKTEAAAQBAJ	113
119	imKTEAAAQBAJ	114
120	imKTEAAAQBAJ	115
121	imKTEAAAQBAJ	116
122	imKTEAAAQBAJ	117
123	imKTEAAAQBAJ	118
124	imKTEAAAQBAJ	119
125	imKTEAAAQBAJ	120
126	imKTEAAAQBAJ	121
127	imKTEAAAQBAJ	122
128	imKTEAAAQBAJ	123
129	imKTEAAAQBAJ	124
130	imKTEAAAQBAJ	125
131	imKTEAAAQBAJ	126
132	imKTEAAAQBAJ	127
133	iXn5U2IzVH0C	6
134	iXn5U2IzVH0C	9
135	iXn5U2IzVH0C	11
136	iXn5U2IzVH0C	17
137	iXn5U2IzVH0C	21
138	iXn5U2IzVH0C	22
139	iXn5U2IzVH0C	33
140	iXn5U2IzVH0C	35
141	iXn5U2IzVH0C	36
142	iXn5U2IzVH0C	41
143	iXn5U2IzVH0C	58
144	iXn5U2IzVH0C	61
145	iXn5U2IzVH0C	75
146	iXn5U2IzVH0C	112
147	iXn5U2IzVH0C	129
148	iXn5U2IzVH0C	132
149	iXn5U2IzVH0C	133
150	iXn5U2IzVH0C	134
151	iXn5U2IzVH0C	135
152	iXn5U2IzVH0C	136
153	iXn5U2IzVH0C	137
154	iXn5U2IzVH0C	138
155	iXn5U2IzVH0C	139
156	iXn5U2IzVH0C	140
157	iXn5U2IzVH0C	141
158	iXn5U2IzVH0C	142
159	iXn5U2IzVH0C	143
160	iXn5U2IzVH0C	144
161	iXn5U2IzVH0C	145
162	iXn5U2IzVH0C	146
163	iXn5U2IzVH0C	147
164	iXn5U2IzVH0C	148
165	iXn5U2IzVH0C	149
166	iXn5U2IzVH0C	150
167	iXn5U2IzVH0C	151
168	iXn5U2IzVH0C	152
169	iXn5U2IzVH0C	153
170	iXn5U2IzVH0C	154
171	iXn5U2IzVH0C	155
172	iXn5U2IzVH0C	156
173	iXn5U2IzVH0C	157
174	iXn5U2IzVH0C	158
175	iXn5U2IzVH0C	159
176	iXn5U2IzVH0C	160
177	iXn5U2IzVH0C	161
178	iXn5U2IzVH0C	162
179	iXn5U2IzVH0C	163
180	iXn5U2IzVH0C	164
181	iXn5U2IzVH0C	165
182	iXn5U2IzVH0C	166
183	iXn5U2IzVH0C	167
184	iXn5U2IzVH0C	168
185	iXn5U2IzVH0C	169
186	iXn5U2IzVH0C	170
187	iXn5U2IzVH0C	171
188	iXn5U2IzVH0C	172
189	iXn5U2IzVH0C	173
190	iXn5U2IzVH0C	174
191	iXn5U2IzVH0C	175
192	iXn5U2IzVH0C	176
193	iXn5U2IzVH0C	177
194	iXn5U2IzVH0C	178
195	iXn5U2IzVH0C	179
196	iXn5U2IzVH0C	180
197	iXn5U2IzVH0C	181
198	iXn5U2IzVH0C	182
199	iXn5U2IzVH0C	183
200	iXn5U2IzVH0C	184
201	iXn5U2IzVH0C	185
202	iXn5U2IzVH0C	186
203	iXn5U2IzVH0C	187
204	iXn5U2IzVH0C	188
205	iXn5U2IzVH0C	189
206	iXn5U2IzVH0C	190
207	iXn5U2IzVH0C	191
208	iXn5U2IzVH0C	192
209	iXn5U2IzVH0C	193
210	iXn5U2IzVH0C	194
211	iXn5U2IzVH0C	195
212	iXn5U2IzVH0C	196
213	iXn5U2IzVH0C	197
214	iXn5U2IzVH0C	198
215	iXn5U2IzVH0C	199
216	iXn5U2IzVH0C	200
217	iXn5U2IzVH0C	201
218	iXn5U2IzVH0C	202
219	iXn5U2IzVH0C	203
220	iXn5U2IzVH0C	204
221	iXn5U2IzVH0C	205
222	iXn5U2IzVH0C	206
223	iXn5U2IzVH0C	207
224	iXn5U2IzVH0C	208
225	iXn5U2IzVH0C	209
226	iXn5U2IzVH0C	210
227	iXn5U2IzVH0C	211
228	iXn5U2IzVH0C	212
229	iXn5U2IzVH0C	213
230	iXn5U2IzVH0C	214
231	iXn5U2IzVH0C	215
232	iXn5U2IzVH0C	216
233	iXn5U2IzVH0C	217
234	iXn5U2IzVH0C	218
235	iXn5U2IzVH0C	219
236	iXn5U2IzVH0C	220
237	iXn5U2IzVH0C	221
238	iXn5U2IzVH0C	222
239	iXn5U2IzVH0C	223
240	iXn5U2IzVH0C	224
241	iXn5U2IzVH0C	225
242	iXn5U2IzVH0C	226
243	iXn5U2IzVH0C	227
244	iXn5U2IzVH0C	228
245	iXn5U2IzVH0C	229
246	iXn5U2IzVH0C	230
247	iXn5U2IzVH0C	231
248	iXn5U2IzVH0C	232
249	iXn5U2IzVH0C	233
250	iXn5U2IzVH0C	234
251	iXn5U2IzVH0C	235
252	iXn5U2IzVH0C	236
253	iXn5U2IzVH0C	237
254	iXn5U2IzVH0C	238
255	iXn5U2IzVH0C	239
256	iXn5U2IzVH0C	240
257	iXn5U2IzVH0C	241
258	jpqCEAAAQBAJ	256
259	jpqCEAAAQBAJ	257
260	jpqCEAAAQBAJ	258
261	jpqCEAAAQBAJ	259
262	jpqCEAAAQBAJ	260
263	jpqCEAAAQBAJ	261
264	jpqCEAAAQBAJ	262
265	jpqCEAAAQBAJ	263
266	jpqCEAAAQBAJ	264
267	jpqCEAAAQBAJ	9
268	jpqCEAAAQBAJ	265
269	jpqCEAAAQBAJ	266
270	jpqCEAAAQBAJ	267
271	jpqCEAAAQBAJ	268
272	jpqCEAAAQBAJ	269
273	jpqCEAAAQBAJ	270
274	jpqCEAAAQBAJ	10
275	jpqCEAAAQBAJ	271
276	jpqCEAAAQBAJ	146
277	jpqCEAAAQBAJ	147
278	jpqCEAAAQBAJ	272
279	jpqCEAAAQBAJ	21
280	jpqCEAAAQBAJ	273
281	jpqCEAAAQBAJ	274
282	jpqCEAAAQBAJ	275
283	jpqCEAAAQBAJ	276
284	jpqCEAAAQBAJ	277
285	jpqCEAAAQBAJ	278
286	jpqCEAAAQBAJ	279
287	jpqCEAAAQBAJ	24
288	jpqCEAAAQBAJ	280
289	jpqCEAAAQBAJ	281
290	jpqCEAAAQBAJ	282
291	jpqCEAAAQBAJ	283
292	jpqCEAAAQBAJ	284
293	jpqCEAAAQBAJ	35
294	jpqCEAAAQBAJ	36
295	jpqCEAAAQBAJ	285
296	jpqCEAAAQBAJ	286
297	jpqCEAAAQBAJ	287
298	jpqCEAAAQBAJ	288
299	jpqCEAAAQBAJ	289
300	jpqCEAAAQBAJ	170
301	jpqCEAAAQBAJ	290
302	jpqCEAAAQBAJ	291
303	jpqCEAAAQBAJ	173
304	jpqCEAAAQBAJ	52
305	jpqCEAAAQBAJ	58
306	jpqCEAAAQBAJ	61
307	jpqCEAAAQBAJ	191
308	jpqCEAAAQBAJ	195
309	jpqCEAAAQBAJ	198
310	jpqCEAAAQBAJ	204
311	jpqCEAAAQBAJ	211
312	jpqCEAAAQBAJ	120
313	jpqCEAAAQBAJ	101
314	jpqCEAAAQBAJ	229
315	jpqCEAAAQBAJ	232
316	jpqCEAAAQBAJ	238
317	jpqCEAAAQBAJ	242
318	jpqCEAAAQBAJ	243
319	jpqCEAAAQBAJ	244
320	jpqCEAAAQBAJ	245
321	jpqCEAAAQBAJ	246
322	jpqCEAAAQBAJ	247
323	jpqCEAAAQBAJ	248
324	jpqCEAAAQBAJ	249
325	jpqCEAAAQBAJ	250
326	jpqCEAAAQBAJ	251
327	jpqCEAAAQBAJ	252
328	jpqCEAAAQBAJ	253
329	jpqCEAAAQBAJ	254
330	jpqCEAAAQBAJ	255
331	HJ8Wg0u7CUgC	9
332	HJ8Wg0u7CUgC	10
333	HJ8Wg0u7CUgC	17
334	HJ8Wg0u7CUgC	21
335	HJ8Wg0u7CUgC	34
336	HJ8Wg0u7CUgC	36
337	HJ8Wg0u7CUgC	58
338	HJ8Wg0u7CUgC	68
339	HJ8Wg0u7CUgC	70
340	HJ8Wg0u7CUgC	71
341	HJ8Wg0u7CUgC	93
342	HJ8Wg0u7CUgC	101
343	HJ8Wg0u7CUgC	108
344	HJ8Wg0u7CUgC	112
345	HJ8Wg0u7CUgC	121
346	HJ8Wg0u7CUgC	136
347	HJ8Wg0u7CUgC	159
348	HJ8Wg0u7CUgC	229
349	HJ8Wg0u7CUgC	242
350	HJ8Wg0u7CUgC	269
351	HJ8Wg0u7CUgC	289
352	HJ8Wg0u7CUgC	292
353	HJ8Wg0u7CUgC	293
354	HJ8Wg0u7CUgC	294
355	HJ8Wg0u7CUgC	295
356	HJ8Wg0u7CUgC	296
357	HJ8Wg0u7CUgC	297
358	HJ8Wg0u7CUgC	298
359	HJ8Wg0u7CUgC	299
360	HJ8Wg0u7CUgC	300
361	HJ8Wg0u7CUgC	301
362	HJ8Wg0u7CUgC	302
363	HJ8Wg0u7CUgC	303
364	HJ8Wg0u7CUgC	304
365	HJ8Wg0u7CUgC	305
366	HJ8Wg0u7CUgC	306
367	HJ8Wg0u7CUgC	307
368	HJ8Wg0u7CUgC	308
369	HJ8Wg0u7CUgC	309
370	HJ8Wg0u7CUgC	310
371	HJ8Wg0u7CUgC	311
372	HJ8Wg0u7CUgC	312
373	HJ8Wg0u7CUgC	313
374	HJ8Wg0u7CUgC	314
375	HJ8Wg0u7CUgC	315
376	HJ8Wg0u7CUgC	316
377	HJ8Wg0u7CUgC	317
378	HJ8Wg0u7CUgC	318
379	HJ8Wg0u7CUgC	319
380	HJ8Wg0u7CUgC	320
381	HJ8Wg0u7CUgC	321
382	HJ8Wg0u7CUgC	322
383	HJ8Wg0u7CUgC	323
384	HJ8Wg0u7CUgC	324
385	HJ8Wg0u7CUgC	325
386	HJ8Wg0u7CUgC	326
387	HJ8Wg0u7CUgC	327
388	HJ8Wg0u7CUgC	328
389	HJ8Wg0u7CUgC	329
390	HJ8Wg0u7CUgC	330
391	HJ8Wg0u7CUgC	331
392	HJ8Wg0u7CUgC	332
393	HJ8Wg0u7CUgC	333
394	HJ8Wg0u7CUgC	334
395	HJ8Wg0u7CUgC	335
396	HJ8Wg0u7CUgC	336
397	HJ8Wg0u7CUgC	337
398	HJ8Wg0u7CUgC	338
399	HJ8Wg0u7CUgC	339
400	HJ8Wg0u7CUgC	340
401	HJ8Wg0u7CUgC	341
402	HJ8Wg0u7CUgC	342
403	HJ8Wg0u7CUgC	343
404	HJ8Wg0u7CUgC	344
405	HJ8Wg0u7CUgC	345
406	HJ8Wg0u7CUgC	346
407	HJ8Wg0u7CUgC	347
408	HJ8Wg0u7CUgC	348
409	HJ8Wg0u7CUgC	349
410	HJ8Wg0u7CUgC	350
411	HJ8Wg0u7CUgC	351
412	HJ8Wg0u7CUgC	352
413	HJ8Wg0u7CUgC	353
414	HJ8Wg0u7CUgC	354
415	HJ8Wg0u7CUgC	355
416	HJ8Wg0u7CUgC	356
417	HJ8Wg0u7CUgC	357
418	HJ8Wg0u7CUgC	358
419	HJ8Wg0u7CUgC	359
420	HJ8Wg0u7CUgC	360
421	HJ8Wg0u7CUgC	361
422	HJ8Wg0u7CUgC	362
423	HJ8Wg0u7CUgC	363
424	HJ8Wg0u7CUgC	364
425	HJ8Wg0u7CUgC	365
426	HJ8Wg0u7CUgC	366
427	HJ8Wg0u7CUgC	367
428	HJ8Wg0u7CUgC	368
429	HJ8Wg0u7CUgC	369
430	HJ8Wg0u7CUgC	370
431	HJ8Wg0u7CUgC	371
432	HJ8Wg0u7CUgC	372
433	HJ8Wg0u7CUgC	373
434	HJ8Wg0u7CUgC	374
435	HJ8Wg0u7CUgC	375
436	HJ8Wg0u7CUgC	376
437	HJ8Wg0u7CUgC	377
438	HJ8Wg0u7CUgC	378
439	HJ8Wg0u7CUgC	379
440	HJ8Wg0u7CUgC	380
441	HJ8Wg0u7CUgC	381
442	HJ8Wg0u7CUgC	382
443	HJ8Wg0u7CUgC	383
444	HJ8Wg0u7CUgC	384
445	HJ8Wg0u7CUgC	385
446	HJ8Wg0u7CUgC	386
447	HJ8Wg0u7CUgC	387
448	HJ8Wg0u7CUgC	388
449	HJ8Wg0u7CUgC	389
450	HJ8Wg0u7CUgC	390
451	HJ8Wg0u7CUgC	391
452	HJ8Wg0u7CUgC	392
453	HJ8Wg0u7CUgC	393
454	HJ8Wg0u7CUgC	394
455	HJ8Wg0u7CUgC	395
456	HJ8Wg0u7CUgC	396
457	HJ8Wg0u7CUgC	397
458	HJ8Wg0u7CUgC	398
459	HJ8Wg0u7CUgC	399
460	HJ8Wg0u7CUgC	400
461	HJ8Wg0u7CUgC	401
462	HJ8Wg0u7CUgC	402
463	HJ8Wg0u7CUgC	403
464	HJ8Wg0u7CUgC	404
465	HJ8Wg0u7CUgC	405
466	HJ8Wg0u7CUgC	406
467	HJ8Wg0u7CUgC	407
468	HJ8Wg0u7CUgC	408
469	HJ8Wg0u7CUgC	409
470	HJ8Wg0u7CUgC	410
471	HJ8Wg0u7CUgC	411
472	HJ8Wg0u7CUgC	412
473	HJ8Wg0u7CUgC	413
474	HJ8Wg0u7CUgC	414
475	HJ8Wg0u7CUgC	415
476	HJ8Wg0u7CUgC	416
477	HJ8Wg0u7CUgC	417
478	HJ8Wg0u7CUgC	418
479	HJ8Wg0u7CUgC	419
480	HJ8Wg0u7CUgC	420
481	HJ8Wg0u7CUgC	421
482	HJ8Wg0u7CUgC	422
483	HJ8Wg0u7CUgC	423
484	HJ8Wg0u7CUgC	424
485	HJ8Wg0u7CUgC	425
486	HJ8Wg0u7CUgC	426
487	HJ8Wg0u7CUgC	427
488	HJ8Wg0u7CUgC	428
489	HJ8Wg0u7CUgC	429
490	HJ8Wg0u7CUgC	430
491	HJ8Wg0u7CUgC	431
492	HJ8Wg0u7CUgC	432
493	HJ8Wg0u7CUgC	433
494	HJ8Wg0u7CUgC	434
495	HJ8Wg0u7CUgC	435
496	HJ8Wg0u7CUgC	436
497	HJ8Wg0u7CUgC	437
498	HJ8Wg0u7CUgC	438
499	HJ8Wg0u7CUgC	439
500	HJ8Wg0u7CUgC	440
501	HJ8Wg0u7CUgC	441
502	HJ8Wg0u7CUgC	442
503	HJ8Wg0u7CUgC	443
504	HJ8Wg0u7CUgC	444
505	HJ8Wg0u7CUgC	445
506	HJ8Wg0u7CUgC	446
507	ibOrDwAAQBAJ	512
508	ibOrDwAAQBAJ	513
509	ibOrDwAAQBAJ	514
510	ibOrDwAAQBAJ	3
511	ibOrDwAAQBAJ	515
512	ibOrDwAAQBAJ	516
513	ibOrDwAAQBAJ	6
514	ibOrDwAAQBAJ	517
515	ibOrDwAAQBAJ	518
516	ibOrDwAAQBAJ	519
517	ibOrDwAAQBAJ	10
518	ibOrDwAAQBAJ	11
519	ibOrDwAAQBAJ	520
520	ibOrDwAAQBAJ	521
521	ibOrDwAAQBAJ	522
522	ibOrDwAAQBAJ	13
523	ibOrDwAAQBAJ	523
524	ibOrDwAAQBAJ	17
525	ibOrDwAAQBAJ	524
526	ibOrDwAAQBAJ	525
527	ibOrDwAAQBAJ	35
528	ibOrDwAAQBAJ	36
529	ibOrDwAAQBAJ	41
530	ibOrDwAAQBAJ	52
531	ibOrDwAAQBAJ	58
532	ibOrDwAAQBAJ	61
533	ibOrDwAAQBAJ	75
534	ibOrDwAAQBAJ	129
535	ibOrDwAAQBAJ	148
536	ibOrDwAAQBAJ	149
537	ibOrDwAAQBAJ	152
538	ibOrDwAAQBAJ	154
539	ibOrDwAAQBAJ	158
540	ibOrDwAAQBAJ	161
541	ibOrDwAAQBAJ	170
542	ibOrDwAAQBAJ	173
543	ibOrDwAAQBAJ	182
544	ibOrDwAAQBAJ	191
545	ibOrDwAAQBAJ	204
546	ibOrDwAAQBAJ	229
547	ibOrDwAAQBAJ	234
548	ibOrDwAAQBAJ	240
549	ibOrDwAAQBAJ	241
550	ibOrDwAAQBAJ	269
551	ibOrDwAAQBAJ	273
552	ibOrDwAAQBAJ	285
553	ibOrDwAAQBAJ	290
554	ibOrDwAAQBAJ	293
555	ibOrDwAAQBAJ	294
556	ibOrDwAAQBAJ	323
557	ibOrDwAAQBAJ	350
558	ibOrDwAAQBAJ	415
559	ibOrDwAAQBAJ	431
560	ibOrDwAAQBAJ	442
561	ibOrDwAAQBAJ	447
562	ibOrDwAAQBAJ	448
563	ibOrDwAAQBAJ	449
564	ibOrDwAAQBAJ	450
565	ibOrDwAAQBAJ	451
566	ibOrDwAAQBAJ	452
567	ibOrDwAAQBAJ	453
568	ibOrDwAAQBAJ	454
569	ibOrDwAAQBAJ	455
570	ibOrDwAAQBAJ	456
571	ibOrDwAAQBAJ	457
572	ibOrDwAAQBAJ	458
573	ibOrDwAAQBAJ	459
574	ibOrDwAAQBAJ	460
575	ibOrDwAAQBAJ	461
576	ibOrDwAAQBAJ	462
577	ibOrDwAAQBAJ	463
578	ibOrDwAAQBAJ	464
579	ibOrDwAAQBAJ	465
580	ibOrDwAAQBAJ	466
581	ibOrDwAAQBAJ	467
582	ibOrDwAAQBAJ	468
583	ibOrDwAAQBAJ	469
584	ibOrDwAAQBAJ	470
585	ibOrDwAAQBAJ	471
586	ibOrDwAAQBAJ	472
587	ibOrDwAAQBAJ	473
588	ibOrDwAAQBAJ	474
589	ibOrDwAAQBAJ	475
590	ibOrDwAAQBAJ	476
591	ibOrDwAAQBAJ	477
592	ibOrDwAAQBAJ	478
593	ibOrDwAAQBAJ	479
594	ibOrDwAAQBAJ	480
595	ibOrDwAAQBAJ	481
596	ibOrDwAAQBAJ	482
597	ibOrDwAAQBAJ	483
598	ibOrDwAAQBAJ	484
599	ibOrDwAAQBAJ	485
600	ibOrDwAAQBAJ	486
601	ibOrDwAAQBAJ	487
602	ibOrDwAAQBAJ	488
603	ibOrDwAAQBAJ	489
604	ibOrDwAAQBAJ	490
605	ibOrDwAAQBAJ	491
606	ibOrDwAAQBAJ	492
607	ibOrDwAAQBAJ	493
608	ibOrDwAAQBAJ	494
609	ibOrDwAAQBAJ	495
610	ibOrDwAAQBAJ	496
611	ibOrDwAAQBAJ	497
612	ibOrDwAAQBAJ	498
613	ibOrDwAAQBAJ	499
614	ibOrDwAAQBAJ	500
615	ibOrDwAAQBAJ	501
616	ibOrDwAAQBAJ	502
617	ibOrDwAAQBAJ	503
618	ibOrDwAAQBAJ	504
619	ibOrDwAAQBAJ	505
620	ibOrDwAAQBAJ	506
621	ibOrDwAAQBAJ	507
622	ibOrDwAAQBAJ	508
623	ibOrDwAAQBAJ	509
624	ibOrDwAAQBAJ	510
625	ibOrDwAAQBAJ	511
626	naLu3tkS-RwC	526
627	naLu3tkS-RwC	527
628	naLu3tkS-RwC	528
629	naLu3tkS-RwC	529
630	naLu3tkS-RwC	530
631	naLu3tkS-RwC	531
632	naLu3tkS-RwC	532
633	naLu3tkS-RwC	533
634	naLu3tkS-RwC	534
635	naLu3tkS-RwC	535
636	naLu3tkS-RwC	536
637	naLu3tkS-RwC	23
638	naLu3tkS-RwC	537
639	naLu3tkS-RwC	538
640	naLu3tkS-RwC	539
641	naLu3tkS-RwC	34
642	naLu3tkS-RwC	38
643	naLu3tkS-RwC	174
644	naLu3tkS-RwC	58
645	Nn16PW04GEIC	23
646	Nn16PW04GEIC	538
647	Nn16PW04GEIC	540
648	Nn16PW04GEIC	541
649	Nn16PW04GEIC	542
650	Nn16PW04GEIC	543
651	Nn16PW04GEIC	544
652	Nn16PW04GEIC	545
653	Nn16PW04GEIC	34
654	Nn16PW04GEIC	546
655	Nn16PW04GEIC	547
656	Nn16PW04GEIC	35
657	Nn16PW04GEIC	548
658	Nn16PW04GEIC	549
659	Nn16PW04GEIC	550
660	Nn16PW04GEIC	551
661	Nn16PW04GEIC	552
662	Nn16PW04GEIC	48
663	Nn16PW04GEIC	58
664	Nn16PW04GEIC	61
665	Nn16PW04GEIC	218
666	CQYg20lTHtMC	390
667	CQYg20lTHtMC	266
668	CQYg20lTHtMC	269
669	CQYg20lTHtMC	154
670	CQYg20lTHtMC	31
671	CQYg20lTHtMC	57
672	CQYg20lTHtMC	35
673	CQYg20lTHtMC	292
674	CQYg20lTHtMC	36
675	CQYg20lTHtMC	294
676	CQYg20lTHtMC	553
677	CQYg20lTHtMC	554
678	CQYg20lTHtMC	555
679	CQYg20lTHtMC	556
680	CQYg20lTHtMC	557
681	CQYg20lTHtMC	558
682	CQYg20lTHtMC	559
683	CQYg20lTHtMC	560
684	CQYg20lTHtMC	561
685	CQYg20lTHtMC	562
686	CQYg20lTHtMC	563
687	CQYg20lTHtMC	564
688	CQYg20lTHtMC	565
689	CQYg20lTHtMC	430
690	CQYg20lTHtMC	566
691	CQYg20lTHtMC	567
692	CQYg20lTHtMC	313
693	CQYg20lTHtMC	58
694	CQYg20lTHtMC	568
695	CQYg20lTHtMC	569
696	CQYg20lTHtMC	570
697	CQYg20lTHtMC	571
698	CQYg20lTHtMC	572
699	CQYg20lTHtMC	573
700	CQYg20lTHtMC	574
701	CQYg20lTHtMC	575
702	CQYg20lTHtMC	576
703	CQYg20lTHtMC	577
704	CQYg20lTHtMC	68
705	CQYg20lTHtMC	70
706	CQYg20lTHtMC	578
707	CQYg20lTHtMC	579
708	CQYg20lTHtMC	73
709	CQYg20lTHtMC	580
710	CQYg20lTHtMC	581
711	CQYg20lTHtMC	582
712	CQYg20lTHtMC	583
713	CQYg20lTHtMC	584
714	CQYg20lTHtMC	585
715	CQYg20lTHtMC	586
716	CQYg20lTHtMC	587
717	CQYg20lTHtMC	588
718	CQYg20lTHtMC	87
719	CQYg20lTHtMC	170
720	CQYg20lTHtMC	345
721	CQYg20lTHtMC	348
722	CQYg20lTHtMC	349
723	CQYg20lTHtMC	71
724	CQYg20lTHtMC	362
725	CQYg20lTHtMC	366
726	CQYg20lTHtMC	242
727	CQYg20lTHtMC	432
728	C8NVhWNU_uIC	269
729	C8NVhWNU_uIC	146
730	C8NVhWNU_uIC	289
731	C8NVhWNU_uIC	294
732	C8NVhWNU_uIC	174
733	C8NVhWNU_uIC	58
734	C8NVhWNU_uIC	62
735	C8NVhWNU_uIC	68
736	C8NVhWNU_uIC	197
737	C8NVhWNU_uIC	326
738	C8NVhWNU_uIC	71
739	C8NVhWNU_uIC	74
740	C8NVhWNU_uIC	589
741	C8NVhWNU_uIC	590
742	C8NVhWNU_uIC	591
743	C8NVhWNU_uIC	592
744	C8NVhWNU_uIC	593
745	C8NVhWNU_uIC	594
746	C8NVhWNU_uIC	595
747	C8NVhWNU_uIC	596
748	C8NVhWNU_uIC	597
749	C8NVhWNU_uIC	598
750	C8NVhWNU_uIC	599
751	C8NVhWNU_uIC	600
752	C8NVhWNU_uIC	601
753	C8NVhWNU_uIC	602
754	C8NVhWNU_uIC	603
755	C8NVhWNU_uIC	211
756	C8NVhWNU_uIC	604
757	C8NVhWNU_uIC	605
758	C8NVhWNU_uIC	606
759	C8NVhWNU_uIC	607
760	C8NVhWNU_uIC	608
761	C8NVhWNU_uIC	95
762	C8NVhWNU_uIC	378
763	i2MCAAAAYAAJ	1
764	i2MCAAAAYAAJ	10
765	i2MCAAAAYAAJ	41
766	i2MCAAAAYAAJ	555
767	i2MCAAAAYAAJ	58
768	i2MCAAAAYAAJ	68
769	i2MCAAAAYAAJ	71
770	i2MCAAAAYAAJ	609
771	i2MCAAAAYAAJ	610
772	i2MCAAAAYAAJ	611
773	i2MCAAAAYAAJ	612
774	i2MCAAAAYAAJ	613
775	i2MCAAAAYAAJ	614
776	i2MCAAAAYAAJ	615
777	i2MCAAAAYAAJ	101
778	i2MCAAAAYAAJ	616
779	i2MCAAAAYAAJ	617
780	i2MCAAAAYAAJ	618
781	i2MCAAAAYAAJ	619
782	i2MCAAAAYAAJ	620
783	i2MCAAAAYAAJ	621
784	i2MCAAAAYAAJ	622
785	i2MCAAAAYAAJ	623
786	i2MCAAAAYAAJ	624
787	i2MCAAAAYAAJ	625
788	i2MCAAAAYAAJ	626
789	i2MCAAAAYAAJ	108
790	i2MCAAAAYAAJ	627
791	i2MCAAAAYAAJ	628
792	i2MCAAAAYAAJ	631
793	i2MCAAAAYAAJ	632
794	i2MCAAAAYAAJ	633
795	i2MCAAAAYAAJ	629
796	i2MCAAAAYAAJ	635
797	i2MCAAAAYAAJ	630
798	i2MCAAAAYAAJ	634
799	i2MCAAAAYAAJ	638
800	i2MCAAAAYAAJ	636
801	i2MCAAAAYAAJ	637
802	i2MCAAAAYAAJ	639
803	i2MCAAAAYAAJ	640
804	i2MCAAAAYAAJ	190
805	i2MCAAAAYAAJ	211
806	i2MCAAAAYAAJ	254
807	i2MCAAAAYAAJ	269
808	i2MCAAAAYAAJ	289
809	i2MCAAAAYAAJ	293
810	i2MCAAAAYAAJ	294
811	i2MCAAAAYAAJ	295
812	i2MCAAAAYAAJ	301
813	i2MCAAAAYAAJ	306
814	i2MCAAAAYAAJ	313
815	i2MCAAAAYAAJ	320
816	i2MCAAAAYAAJ	323
817	i2MCAAAAYAAJ	331
818	i2MCAAAAYAAJ	337
819	i2MCAAAAYAAJ	340
820	i2MCAAAAYAAJ	342
821	i2MCAAAAYAAJ	343
822	i2MCAAAAYAAJ	345
823	i2MCAAAAYAAJ	346
824	i2MCAAAAYAAJ	348
825	i2MCAAAAYAAJ	362
826	i2MCAAAAYAAJ	364
827	i2MCAAAAYAAJ	366
828	i2MCAAAAYAAJ	378
829	i2MCAAAAYAAJ	384
830	i2MCAAAAYAAJ	389
831	i2MCAAAAYAAJ	392
832	i2MCAAAAYAAJ	409
833	i2MCAAAAYAAJ	412
834	i2MCAAAAYAAJ	415
835	i2MCAAAAYAAJ	419
836	i2MCAAAAYAAJ	430
837	i2MCAAAAYAAJ	436
838	i2MCAAAAYAAJ	437
839	i2MCAAAAYAAJ	438
840	i2MCAAAAYAAJ	442
841	i2MCAAAAYAAJ	446
842	rlDaAAAAIAAJ	641
843	rlDaAAAAIAAJ	642
844	rlDaAAAAIAAJ	643
845	rlDaAAAAIAAJ	644
846	rlDaAAAAIAAJ	645
847	rlDaAAAAIAAJ	646
848	rlDaAAAAIAAJ	647
849	rlDaAAAAIAAJ	648
850	rlDaAAAAIAAJ	649
851	rlDaAAAAIAAJ	10
852	rlDaAAAAIAAJ	650
853	rlDaAAAAIAAJ	651
854	rlDaAAAAIAAJ	652
855	rlDaAAAAIAAJ	653
856	rlDaAAAAIAAJ	654
857	rlDaAAAAIAAJ	655
858	rlDaAAAAIAAJ	656
859	rlDaAAAAIAAJ	657
860	rlDaAAAAIAAJ	658
861	rlDaAAAAIAAJ	659
862	rlDaAAAAIAAJ	660
863	rlDaAAAAIAAJ	22
864	rlDaAAAAIAAJ	23
865	rlDaAAAAIAAJ	661
866	rlDaAAAAIAAJ	537
867	rlDaAAAAIAAJ	662
868	rlDaAAAAIAAJ	663
869	rlDaAAAAIAAJ	664
870	rlDaAAAAIAAJ	665
871	rlDaAAAAIAAJ	666
872	rlDaAAAAIAAJ	667
873	rlDaAAAAIAAJ	668
874	rlDaAAAAIAAJ	669
875	rlDaAAAAIAAJ	34
876	rlDaAAAAIAAJ	35
877	rlDaAAAAIAAJ	36
878	rlDaAAAAIAAJ	670
879	rlDaAAAAIAAJ	671
880	rlDaAAAAIAAJ	38
881	rlDaAAAAIAAJ	672
882	rlDaAAAAIAAJ	389
883	rlDaAAAAIAAJ	673
884	rlDaAAAAIAAJ	674
885	rlDaAAAAIAAJ	294
886	rlDaAAAAIAAJ	676
887	rlDaAAAAIAAJ	677
888	rlDaAAAAIAAJ	678
889	rlDaAAAAIAAJ	304
890	rlDaAAAAIAAJ	518
891	rlDaAAAAIAAJ	681
892	rlDaAAAAIAAJ	682
893	rlDaAAAAIAAJ	683
894	rlDaAAAAIAAJ	684
895	rlDaAAAAIAAJ	685
896	rlDaAAAAIAAJ	686
897	rlDaAAAAIAAJ	520
898	rlDaAAAAIAAJ	58
899	rlDaAAAAIAAJ	191
900	rlDaAAAAIAAJ	159
901	rlDaAAAAIAAJ	13
902	rlDaAAAAIAAJ	195
903	rlDaAAAAIAAJ	675
904	rlDaAAAAIAAJ	269
905	rlDaAAAAIAAJ	41
906	rlDaAAAAIAAJ	211
907	rlDaAAAAIAAJ	271
908	rlDaAAAAIAAJ	679
909	rlDaAAAAIAAJ	218
910	rlDaAAAAIAAJ	474
911	rlDaAAAAIAAJ	348
912	rlDaAAAAIAAJ	680
913	rlDaAAAAIAAJ	229
914	rlDaAAAAIAAJ	365
915	rlDaAAAAIAAJ	238
916	rlDaAAAAIAAJ	498
917	5EIPAAAAQAAJ	129
918	5EIPAAAAQAAJ	52
919	5EIPAAAAQAAJ	8
920	5EIPAAAAQAAJ	9
921	5EIPAAAAQAAJ	10
922	5EIPAAAAQAAJ	269
923	5EIPAAAAQAAJ	17
924	5EIPAAAAQAAJ	146
925	5EIPAAAAQAAJ	531
926	5EIPAAAAQAAJ	22
927	5EIPAAAAQAAJ	407
928	5EIPAAAAQAAJ	283
929	5EIPAAAAQAAJ	159
930	5EIPAAAAQAAJ	34
931	5EIPAAAAQAAJ	35
932	5EIPAAAAQAAJ	36
933	5EIPAAAAQAAJ	549
934	5EIPAAAAQAAJ	38
935	5EIPAAAAQAAJ	294
936	5EIPAAAAQAAJ	41
937	5EIPAAAAQAAJ	170
938	5EIPAAAAQAAJ	687
939	5EIPAAAAQAAJ	688
940	5EIPAAAAQAAJ	689
941	5EIPAAAAQAAJ	690
942	5EIPAAAAQAAJ	691
943	5EIPAAAAQAAJ	692
944	5EIPAAAAQAAJ	693
945	5EIPAAAAQAAJ	694
946	5EIPAAAAQAAJ	695
947	5EIPAAAAQAAJ	696
948	5EIPAAAAQAAJ	697
949	5EIPAAAAQAAJ	58
950	5EIPAAAAQAAJ	442
951	5EIPAAAAQAAJ	698
952	5EIPAAAAQAAJ	699
953	5EIPAAAAQAAJ	700
954	5EIPAAAAQAAJ	701
955	5EIPAAAAQAAJ	702
956	5EIPAAAAQAAJ	703
957	5EIPAAAAQAAJ	704
958	5EIPAAAAQAAJ	323
959	5EIPAAAAQAAJ	705
960	5EIPAAAAQAAJ	706
961	5EIPAAAAQAAJ	707
962	5EIPAAAAQAAJ	708
963	5EIPAAAAQAAJ	709
964	5EIPAAAAQAAJ	710
965	5EIPAAAAQAAJ	711
966	5EIPAAAAQAAJ	712
967	5EIPAAAAQAAJ	713
968	5EIPAAAAQAAJ	714
969	5EIPAAAAQAAJ	715
970	5EIPAAAAQAAJ	79
971	5EIPAAAAQAAJ	716
972	5EIPAAAAQAAJ	717
973	5EIPAAAAQAAJ	718
974	5EIPAAAAQAAJ	719
975	5EIPAAAAQAAJ	720
976	5EIPAAAAQAAJ	721
977	5EIPAAAAQAAJ	722
978	5EIPAAAAQAAJ	723
979	5EIPAAAAQAAJ	724
980	5EIPAAAAQAAJ	725
981	5EIPAAAAQAAJ	601
982	5EIPAAAAQAAJ	726
983	5EIPAAAAQAAJ	476
984	5EIPAAAAQAAJ	229
985	5EIPAAAAQAAJ	490
986	5EIPAAAAQAAJ	239
987	5EIPAAAAQAAJ	112
988	5EIPAAAAQAAJ	242
989	5EIPAAAAQAAJ	636
1288	nVGKDgAAQBAJ	232
1289	nVGKDgAAQBAJ	61
1302	QVn-CgAAQBAJ	518
1303	QVn-CgAAQBAJ	806
1304	QVn-CgAAQBAJ	809
1305	QVn-CgAAQBAJ	810
1306	QVn-CgAAQBAJ	811
1307	QVn-CgAAQBAJ	180
1308	QVn-CgAAQBAJ	58
1309	QVn-CgAAQBAJ	70
1310	QVn-CgAAQBAJ	71
1311	QVn-CgAAQBAJ	84
1312	QVn-CgAAQBAJ	86
1313	QVn-CgAAQBAJ	599
1314	QVn-CgAAQBAJ	88
1315	QVn-CgAAQBAJ	96
1316	QVn-CgAAQBAJ	98
1317	QVn-CgAAQBAJ	101
1318	QVn-CgAAQBAJ	108
1319	QVn-CgAAQBAJ	238
1320	QVn-CgAAQBAJ	111
1321	QVn-CgAAQBAJ	127
1361	1qdPEAAAQBAJ	129
1362	1qdPEAAAQBAJ	3
1363	1qdPEAAAQBAJ	6
1364	1qdPEAAAQBAJ	8
1365	1qdPEAAAQBAJ	9
1366	1qdPEAAAQBAJ	10
1367	1qdPEAAAQBAJ	521
1368	1qdPEAAAQBAJ	11
1369	1qdPEAAAQBAJ	269
1370	1qdPEAAAQBAJ	275
1371	1qdPEAAAQBAJ	148
1372	1qdPEAAAQBAJ	21
1373	1qdPEAAAQBAJ	24
1374	1qdPEAAAQBAJ	154
1375	1qdPEAAAQBAJ	284
1376	1qdPEAAAQBAJ	541
1377	1qdPEAAAQBAJ	34
1378	1qdPEAAAQBAJ	35
1379	1qdPEAAAQBAJ	52
1380	1qdPEAAAQBAJ	58
1381	1qdPEAAAQBAJ	61
1382	1qdPEAAAQBAJ	195
1383	1qdPEAAAQBAJ	836
1384	1qdPEAAAQBAJ	837
1385	1qdPEAAAQBAJ	838
1386	1qdPEAAAQBAJ	839
1387	1qdPEAAAQBAJ	840
1388	1qdPEAAAQBAJ	841
1389	1qdPEAAAQBAJ	842
1390	1qdPEAAAQBAJ	75
1391	1qdPEAAAQBAJ	843
1392	1qdPEAAAQBAJ	844
1393	1qdPEAAAQBAJ	845
1394	1qdPEAAAQBAJ	846
1395	1qdPEAAAQBAJ	847
1396	1qdPEAAAQBAJ	848
1397	1qdPEAAAQBAJ	849
1398	1qdPEAAAQBAJ	850
1399	1qdPEAAAQBAJ	211
1400	1qdPEAAAQBAJ	851
1401	1qdPEAAAQBAJ	852
1402	1qdPEAAAQBAJ	853
1403	1qdPEAAAQBAJ	854
1404	1qdPEAAAQBAJ	855
1405	1qdPEAAAQBAJ	856
1406	1qdPEAAAQBAJ	857
1407	1qdPEAAAQBAJ	858
1408	1qdPEAAAQBAJ	859
1409	1qdPEAAAQBAJ	860
1410	1qdPEAAAQBAJ	861
1411	1qdPEAAAQBAJ	862
1412	1qdPEAAAQBAJ	863
1413	1qdPEAAAQBAJ	864
1414	1qdPEAAAQBAJ	865
1415	1qdPEAAAQBAJ	866
1416	1qdPEAAAQBAJ	230
1417	1qdPEAAAQBAJ	487
1069	9R0jDAAAQBAJ	599
1070	bgV7AgAAQBAJ	136
1071	bgV7AgAAQBAJ	8
1072	bgV7AgAAQBAJ	10
1073	bgV7AgAAQBAJ	269
1074	bgV7AgAAQBAJ	13
1075	bgV7AgAAQBAJ	23
1076	bgV7AgAAQBAJ	27
1077	bgV7AgAAQBAJ	34
1078	bgV7AgAAQBAJ	35
1079	bgV7AgAAQBAJ	292
1080	bgV7AgAAQBAJ	36
1081	bgV7AgAAQBAJ	162
1082	bgV7AgAAQBAJ	38
1083	bgV7AgAAQBAJ	294
1084	bgV7AgAAQBAJ	553
1085	bgV7AgAAQBAJ	41
1086	bgV7AgAAQBAJ	303
1087	bgV7AgAAQBAJ	689
1088	bgV7AgAAQBAJ	52
1089	bgV7AgAAQBAJ	437
1090	bgV7AgAAQBAJ	696
1091	bgV7AgAAQBAJ	57
1092	bgV7AgAAQBAJ	58
1093	bgV7AgAAQBAJ	318
1094	bgV7AgAAQBAJ	705
1095	bgV7AgAAQBAJ	73
1096	bgV7AgAAQBAJ	349
1097	bgV7AgAAQBAJ	375
1098	bgV7AgAAQBAJ	345
1099	bgV7AgAAQBAJ	218
1100	bgV7AgAAQBAJ	348
1101	bgV7AgAAQBAJ	733
1102	bgV7AgAAQBAJ	734
1103	bgV7AgAAQBAJ	735
1104	bgV7AgAAQBAJ	736
1105	bgV7AgAAQBAJ	737
1106	bgV7AgAAQBAJ	738
1107	bgV7AgAAQBAJ	739
1108	bgV7AgAAQBAJ	740
1109	bgV7AgAAQBAJ	741
1110	bgV7AgAAQBAJ	742
1111	bgV7AgAAQBAJ	743
1112	bgV7AgAAQBAJ	744
1113	bgV7AgAAQBAJ	745
1114	bgV7AgAAQBAJ	746
1115	bgV7AgAAQBAJ	229
1116	bgV7AgAAQBAJ	747
1117	bgV7AgAAQBAJ	365
1118	bgV7AgAAQBAJ	748
1119	bgV7AgAAQBAJ	749
1120	bgV7AgAAQBAJ	750
1121	bgV7AgAAQBAJ	751
1122	bgV7AgAAQBAJ	752
1123	bgV7AgAAQBAJ	753
1124	bgV7AgAAQBAJ	754
1125	bgV7AgAAQBAJ	755
1126	bgV7AgAAQBAJ	240
1127	bgV7AgAAQBAJ	756
1128	bgV7AgAAQBAJ	757
1129	bgV7AgAAQBAJ	380
1130	ikTqEFVX9I0C	136
1131	ikTqEFVX9I0C	8
1132	ikTqEFVX9I0C	10
1133	ikTqEFVX9I0C	269
1134	ikTqEFVX9I0C	13
1135	ikTqEFVX9I0C	23
1136	ikTqEFVX9I0C	27
1137	ikTqEFVX9I0C	34
1138	ikTqEFVX9I0C	35
1139	ikTqEFVX9I0C	292
1140	ikTqEFVX9I0C	36
1141	ikTqEFVX9I0C	162
1142	ikTqEFVX9I0C	38
1143	ikTqEFVX9I0C	294
1144	ikTqEFVX9I0C	553
1145	ikTqEFVX9I0C	41
1146	ikTqEFVX9I0C	303
1147	ikTqEFVX9I0C	689
1148	ikTqEFVX9I0C	52
1149	ikTqEFVX9I0C	437
1150	ikTqEFVX9I0C	696
1151	ikTqEFVX9I0C	57
1152	ikTqEFVX9I0C	58
1153	ikTqEFVX9I0C	318
1154	ikTqEFVX9I0C	705
1155	ikTqEFVX9I0C	73
1156	ikTqEFVX9I0C	345
1157	ikTqEFVX9I0C	218
1158	ikTqEFVX9I0C	348
1159	ikTqEFVX9I0C	733
1160	ikTqEFVX9I0C	734
1161	ikTqEFVX9I0C	735
1162	ikTqEFVX9I0C	736
1163	ikTqEFVX9I0C	737
1164	ikTqEFVX9I0C	738
1165	ikTqEFVX9I0C	739
1166	ikTqEFVX9I0C	740
1167	ikTqEFVX9I0C	741
1168	ikTqEFVX9I0C	742
1169	ikTqEFVX9I0C	229
1170	ikTqEFVX9I0C	375
1171	ikTqEFVX9I0C	745
1172	ikTqEFVX9I0C	746
1173	ikTqEFVX9I0C	747
1174	ikTqEFVX9I0C	748
1175	ikTqEFVX9I0C	365
1176	ikTqEFVX9I0C	749
1177	ikTqEFVX9I0C	750
1178	ikTqEFVX9I0C	751
1179	ikTqEFVX9I0C	752
1180	ikTqEFVX9I0C	753
1181	ikTqEFVX9I0C	754
1182	ikTqEFVX9I0C	755
1183	ikTqEFVX9I0C	240
1184	ikTqEFVX9I0C	756
1185	ikTqEFVX9I0C	757
1186	ikTqEFVX9I0C	380
1187	lSMGAAAAQAAJ	1
1188	lSMGAAAAQAAJ	3
1189	lSMGAAAAQAAJ	6
1190	lSMGAAAAQAAJ	521
1191	lSMGAAAAQAAJ	10
1192	lSMGAAAAQAAJ	523
1193	lSMGAAAAQAAJ	11
1194	lSMGAAAAQAAJ	17
1195	lSMGAAAAQAAJ	21
1196	lSMGAAAAQAAJ	22
1197	lSMGAAAAQAAJ	34
1198	lSMGAAAAQAAJ	35
1199	lSMGAAAAQAAJ	551
1200	lSMGAAAAQAAJ	41
1201	lSMGAAAAQAAJ	58
1202	lSMGAAAAQAAJ	618
1203	lSMGAAAAQAAJ	658
1204	lSMGAAAAQAAJ	148
1205	lSMGAAAAQAAJ	152
1206	lSMGAAAAQAAJ	159
1207	lSMGAAAAQAAJ	170
1208	lSMGAAAAQAAJ	171
1209	lSMGAAAAQAAJ	181
1210	lSMGAAAAQAAJ	182
1211	lSMGAAAAQAAJ	698
1212	lSMGAAAAQAAJ	710
1213	lSMGAAAAQAAJ	204
1214	lSMGAAAAQAAJ	229
1215	lSMGAAAAQAAJ	234
1216	lSMGAAAAQAAJ	240
1217	lSMGAAAAQAAJ	241
1218	lSMGAAAAQAAJ	758
1219	lSMGAAAAQAAJ	759
1220	lSMGAAAAQAAJ	760
1221	lSMGAAAAQAAJ	761
1222	lSMGAAAAQAAJ	762
1223	lSMGAAAAQAAJ	763
1224	lSMGAAAAQAAJ	764
1225	lSMGAAAAQAAJ	765
1226	lSMGAAAAQAAJ	766
1227	lSMGAAAAQAAJ	767
1228	lSMGAAAAQAAJ	768
1229	lSMGAAAAQAAJ	769
1230	lSMGAAAAQAAJ	770
1231	lSMGAAAAQAAJ	771
1232	lSMGAAAAQAAJ	772
1233	lSMGAAAAQAAJ	773
1234	lSMGAAAAQAAJ	774
1235	lSMGAAAAQAAJ	775
1236	lSMGAAAAQAAJ	776
1237	lSMGAAAAQAAJ	777
1238	lSMGAAAAQAAJ	778
1239	lSMGAAAAQAAJ	779
1240	lSMGAAAAQAAJ	780
1241	lSMGAAAAQAAJ	269
1242	lSMGAAAAQAAJ	781
1243	lSMGAAAAQAAJ	782
1244	lSMGAAAAQAAJ	783
1245	lSMGAAAAQAAJ	784
1246	lSMGAAAAQAAJ	273
1247	lSMGAAAAQAAJ	787
1248	lSMGAAAAQAAJ	785
1249	lSMGAAAAQAAJ	789
1250	lSMGAAAAQAAJ	790
1251	lSMGAAAAQAAJ	791
1252	lSMGAAAAQAAJ	786
1253	lSMGAAAAQAAJ	788
1254	lSMGAAAAQAAJ	792
1255	lSMGAAAAQAAJ	793
1256	lSMGAAAAQAAJ	794
1257	lSMGAAAAQAAJ	285
1258	lSMGAAAAQAAJ	795
1259	lSMGAAAAQAAJ	796
1260	lSMGAAAAQAAJ	797
1261	lSMGAAAAQAAJ	798
1262	lSMGAAAAQAAJ	799
1263	lSMGAAAAQAAJ	800
1264	lSMGAAAAQAAJ	801
1265	lSMGAAAAQAAJ	802
1266	lSMGAAAAQAAJ	294
1267	lSMGAAAAQAAJ	803
1268	lSMGAAAAQAAJ	804
1269	lSMGAAAAQAAJ	323
1270	lSMGAAAAQAAJ	334
1271	lSMGAAAAQAAJ	378
1272	lSMGAAAAQAAJ	384
1273	lSMGAAAAQAAJ	391
1274	lSMGAAAAQAAJ	442
1275	lSMGAAAAQAAJ	448
1276	lSMGAAAAQAAJ	450
1277	lSMGAAAAQAAJ	456
1278	lSMGAAAAQAAJ	468
1279	lSMGAAAAQAAJ	470
1280	lSMGAAAAQAAJ	474
1281	lSMGAAAAQAAJ	476
1282	lSMGAAAAQAAJ	487
1283	lSMGAAAAQAAJ	494
1284	lSMGAAAAQAAJ	496
1285	lSMGAAAAQAAJ	506
1286	lSMGAAAAQAAJ	508
1287	lSMGAAAAQAAJ	510
1290	Nxl0BQAAQBAJ	96
1291	Nxl0BQAAQBAJ	805
1292	Nxl0BQAAQBAJ	806
1293	Nxl0BQAAQBAJ	70
1294	Nxl0BQAAQBAJ	807
1295	Nxl0BQAAQBAJ	808
1296	Nxl0BQAAQBAJ	108
1297	Nxl0BQAAQBAJ	146
1298	Nxl0BQAAQBAJ	84
1299	Nxl0BQAAQBAJ	88
1300	Nxl0BQAAQBAJ	123
1301	Nxl0BQAAQBAJ	125
1322	yl4dILkcqm4C	21
1323	yl4dILkcqm4C	415
1324	yl4dILkcqm4C	35
1325	yl4dILkcqm4C	806
1326	yl4dILkcqm4C	550
1327	yl4dILkcqm4C	812
1328	yl4dILkcqm4C	813
1329	yl4dILkcqm4C	814
1330	yl4dILkcqm4C	815
1331	yl4dILkcqm4C	816
1332	yl4dILkcqm4C	817
1333	yl4dILkcqm4C	818
1334	yl4dILkcqm4C	819
1335	yl4dILkcqm4C	820
1336	yl4dILkcqm4C	821
1337	yl4dILkcqm4C	822
1338	yl4dILkcqm4C	823
1339	yl4dILkcqm4C	824
1340	yl4dILkcqm4C	825
1341	yl4dILkcqm4C	58
1342	yl4dILkcqm4C	826
1343	yl4dILkcqm4C	827
1344	yl4dILkcqm4C	442
1345	yl4dILkcqm4C	828
1346	yl4dILkcqm4C	829
1347	yl4dILkcqm4C	830
1348	yl4dILkcqm4C	831
1349	yl4dILkcqm4C	320
1350	yl4dILkcqm4C	323
1351	yl4dILkcqm4C	68
1352	yl4dILkcqm4C	832
1353	yl4dILkcqm4C	833
1354	yl4dILkcqm4C	834
1355	yl4dILkcqm4C	835
1356	yl4dILkcqm4C	96
1357	yl4dILkcqm4C	98
1358	yl4dILkcqm4C	101
1359	yl4dILkcqm4C	232
1360	yl4dILkcqm4C	120
1418	1qdPEAAAQBAJ	232
1419	1qdPEAAAQBAJ	616
1420	1qdPEAAAQBAJ	234
1421	1qdPEAAAQBAJ	238
1422	1qdPEAAAQBAJ	200
1423	1qdPEAAAQBAJ	112
1424	1qdPEAAAQBAJ	497
1425	1qdPEAAAQBAJ	120
1426	1qdPEAAAQBAJ	249
1427	1qdPEAAAQBAJ	506
1428	1qdPEAAAQBAJ	507
1429	1qdPEAAAQBAJ	510
1430	O8XZAAAAMAAJ	896
1431	O8XZAAAAMAAJ	897
1432	O8XZAAAAMAAJ	898
1433	O8XZAAAAMAAJ	899
1434	O8XZAAAAMAAJ	900
1435	O8XZAAAAMAAJ	901
1436	O8XZAAAAMAAJ	902
1437	O8XZAAAAMAAJ	903
1438	O8XZAAAAMAAJ	520
1439	O8XZAAAAMAAJ	136
1440	O8XZAAAAMAAJ	904
1441	O8XZAAAAMAAJ	905
1442	O8XZAAAAMAAJ	906
1443	O8XZAAAAMAAJ	269
1444	O8XZAAAAMAAJ	907
1445	O8XZAAAAMAAJ	908
1446	O8XZAAAAMAAJ	909
1447	O8XZAAAAMAAJ	548
1448	O8XZAAAAMAAJ	294
1449	O8XZAAAAMAAJ	237
1450	O8XZAAAAMAAJ	174
1451	O8XZAAAAMAAJ	58
1452	O8XZAAAAMAAJ	191
1453	O8XZAAAAMAAJ	66
1454	O8XZAAAAMAAJ	211
1455	O8XZAAAAMAAJ	218
1456	O8XZAAAAMAAJ	889
1457	O8XZAAAAMAAJ	121
1458	O8XZAAAAMAAJ	867
1459	O8XZAAAAMAAJ	868
1460	O8XZAAAAMAAJ	869
1461	O8XZAAAAMAAJ	870
1462	O8XZAAAAMAAJ	871
1463	O8XZAAAAMAAJ	872
1464	O8XZAAAAMAAJ	873
1465	O8XZAAAAMAAJ	874
1466	O8XZAAAAMAAJ	875
1467	O8XZAAAAMAAJ	876
1468	O8XZAAAAMAAJ	877
1469	O8XZAAAAMAAJ	878
1470	O8XZAAAAMAAJ	879
1471	O8XZAAAAMAAJ	112
1472	O8XZAAAAMAAJ	880
1473	O8XZAAAAMAAJ	881
1474	O8XZAAAAMAAJ	882
1475	O8XZAAAAMAAJ	883
1476	O8XZAAAAMAAJ	884
1477	O8XZAAAAMAAJ	885
1478	O8XZAAAAMAAJ	886
1479	O8XZAAAAMAAJ	887
1480	O8XZAAAAMAAJ	888
1481	O8XZAAAAMAAJ	890
1482	O8XZAAAAMAAJ	891
1483	O8XZAAAAMAAJ	892
1484	O8XZAAAAMAAJ	893
1485	O8XZAAAAMAAJ	894
1486	O8XZAAAAMAAJ	895
1487	aFxbAgAAQBAJ	910
1488	aFxbAgAAQBAJ	911
1489	aFxbAgAAQBAJ	912
1490	aFxbAgAAQBAJ	913
1491	aFxbAgAAQBAJ	146
1492	aFxbAgAAQBAJ	914
1493	aFxbAgAAQBAJ	915
1494	aFxbAgAAQBAJ	916
1495	aFxbAgAAQBAJ	917
1496	aFxbAgAAQBAJ	918
1497	aFxbAgAAQBAJ	919
1498	aFxbAgAAQBAJ	921
1499	aFxbAgAAQBAJ	920
1500	aFxbAgAAQBAJ	923
1501	aFxbAgAAQBAJ	924
1502	aFxbAgAAQBAJ	922
1503	aFxbAgAAQBAJ	925
1504	aFxbAgAAQBAJ	926
1505	aFxbAgAAQBAJ	927
1506	aFxbAgAAQBAJ	928
1507	aFxbAgAAQBAJ	34
1508	aFxbAgAAQBAJ	929
1509	aFxbAgAAQBAJ	930
1510	aFxbAgAAQBAJ	931
1511	aFxbAgAAQBAJ	932
1512	aFxbAgAAQBAJ	933
1513	aFxbAgAAQBAJ	934
1514	aFxbAgAAQBAJ	935
1515	aFxbAgAAQBAJ	936
1516	aFxbAgAAQBAJ	937
1517	aFxbAgAAQBAJ	938
1518	aFxbAgAAQBAJ	939
1519	aFxbAgAAQBAJ	686
1520	aFxbAgAAQBAJ	940
1521	aFxbAgAAQBAJ	941
1522	aFxbAgAAQBAJ	942
1523	aFxbAgAAQBAJ	70
1524	aFxbAgAAQBAJ	598
1525	gK4yDwAAQBAJ	239
1526	gK4yDwAAQBAJ	944
1527	gK4yDwAAQBAJ	945
1528	gK4yDwAAQBAJ	946
1529	gK4yDwAAQBAJ	943
1530	gK4yDwAAQBAJ	947
1531	gK4yDwAAQBAJ	948
1532	gK4yDwAAQBAJ	949
1533	gK4yDwAAQBAJ	950
1534	koNPEAAAQBAJ	913
1535	koNPEAAAQBAJ	916
1536	koNPEAAAQBAJ	951
1537	koNPEAAAQBAJ	952
1538	koNPEAAAQBAJ	953
1539	koNPEAAAQBAJ	58
1540	koNPEAAAQBAJ	954
1541	koNPEAAAQBAJ	955
1542	koNPEAAAQBAJ	956
1543	koNPEAAAQBAJ	957
1544	koNPEAAAQBAJ	191
1545	koNPEAAAQBAJ	960
1546	koNPEAAAQBAJ	961
1547	koNPEAAAQBAJ	962
1548	koNPEAAAQBAJ	963
1549	koNPEAAAQBAJ	964
1550	koNPEAAAQBAJ	965
1551	koNPEAAAQBAJ	958
1552	koNPEAAAQBAJ	959
1553	koNPEAAAQBAJ	966
1554	koNPEAAAQBAJ	967
1555	koNPEAAAQBAJ	968
1556	7C-sLg3rBNUC	913
1557	7C-sLg3rBNUC	916
1558	7C-sLg3rBNUC	917
1559	7C-sLg3rBNUC	21
1560	7C-sLg3rBNUC	925
1561	7C-sLg3rBNUC	954
1562	7C-sLg3rBNUC	64
1563	7C-sLg3rBNUC	70
1564	7C-sLg3rBNUC	969
1565	7C-sLg3rBNUC	970
1566	7C-sLg3rBNUC	971
1567	7C-sLg3rBNUC	972
1568	7C-sLg3rBNUC	973
1569	7C-sLg3rBNUC	974
1570	7C-sLg3rBNUC	975
1571	7C-sLg3rBNUC	976
1572	7C-sLg3rBNUC	977
1573	7C-sLg3rBNUC	978
1574	7C-sLg3rBNUC	211
1575	7C-sLg3rBNUC	468
1576	7C-sLg3rBNUC	979
1577	7C-sLg3rBNUC	980
1578	7C-sLg3rBNUC	981
1579	7C-sLg3rBNUC	982
1580	7C-sLg3rBNUC	983
1581	7C-sLg3rBNUC	984
1582	7C-sLg3rBNUC	985
1583	7C-sLg3rBNUC	986
1584	7C-sLg3rBNUC	987
1585	7C-sLg3rBNUC	988
1586	7C-sLg3rBNUC	989
1587	7C-sLg3rBNUC	990
1588	7C-sLg3rBNUC	991
1589	Dc2LDQAAQBAJ	1024
1590	Dc2LDQAAQBAJ	1025
1591	Dc2LDQAAQBAJ	1026
1592	Dc2LDQAAQBAJ	515
1593	Dc2LDQAAQBAJ	1027
1594	Dc2LDQAAQBAJ	1028
1595	Dc2LDQAAQBAJ	1029
1596	Dc2LDQAAQBAJ	1030
1597	Dc2LDQAAQBAJ	1031
1598	Dc2LDQAAQBAJ	1032
1599	Dc2LDQAAQBAJ	1033
1600	Dc2LDQAAQBAJ	1034
1601	Dc2LDQAAQBAJ	1035
1602	Dc2LDQAAQBAJ	1036
1603	Dc2LDQAAQBAJ	1037
1604	Dc2LDQAAQBAJ	1038
1605	Dc2LDQAAQBAJ	1039
1606	Dc2LDQAAQBAJ	1040
1607	Dc2LDQAAQBAJ	1041
1608	Dc2LDQAAQBAJ	1042
1609	Dc2LDQAAQBAJ	1043
1610	Dc2LDQAAQBAJ	1044
1611	Dc2LDQAAQBAJ	1045
1612	Dc2LDQAAQBAJ	58
1613	Dc2LDQAAQBAJ	70
1614	Dc2LDQAAQBAJ	120
1615	Dc2LDQAAQBAJ	136
1616	Dc2LDQAAQBAJ	140
1617	Dc2LDQAAQBAJ	154
1618	Dc2LDQAAQBAJ	161
1619	Dc2LDQAAQBAJ	182
1620	Dc2LDQAAQBAJ	197
1621	Dc2LDQAAQBAJ	202
1622	Dc2LDQAAQBAJ	211
1623	Dc2LDQAAQBAJ	240
1624	Dc2LDQAAQBAJ	242
1625	Dc2LDQAAQBAJ	246
1626	Dc2LDQAAQBAJ	269
1627	Dc2LDQAAQBAJ	294
1628	Dc2LDQAAQBAJ	308
1629	Dc2LDQAAQBAJ	338
1630	Dc2LDQAAQBAJ	348
1631	Dc2LDQAAQBAJ	366
1632	Dc2LDQAAQBAJ	935
1633	Dc2LDQAAQBAJ	456
1634	Dc2LDQAAQBAJ	465
1635	Dc2LDQAAQBAJ	470
1636	Dc2LDQAAQBAJ	474
1637	Dc2LDQAAQBAJ	992
1638	Dc2LDQAAQBAJ	993
1639	Dc2LDQAAQBAJ	994
1640	Dc2LDQAAQBAJ	995
1641	Dc2LDQAAQBAJ	996
1642	Dc2LDQAAQBAJ	997
1643	Dc2LDQAAQBAJ	998
1644	Dc2LDQAAQBAJ	999
1645	Dc2LDQAAQBAJ	1000
1646	Dc2LDQAAQBAJ	1001
1647	Dc2LDQAAQBAJ	1002
1648	Dc2LDQAAQBAJ	1003
1649	Dc2LDQAAQBAJ	1004
1650	Dc2LDQAAQBAJ	1005
1651	Dc2LDQAAQBAJ	1006
1652	Dc2LDQAAQBAJ	1007
1653	Dc2LDQAAQBAJ	1008
1654	Dc2LDQAAQBAJ	1009
1655	Dc2LDQAAQBAJ	1010
1656	Dc2LDQAAQBAJ	1011
1657	Dc2LDQAAQBAJ	1012
1658	Dc2LDQAAQBAJ	1013
1659	Dc2LDQAAQBAJ	1014
1660	Dc2LDQAAQBAJ	1015
1661	Dc2LDQAAQBAJ	1016
1662	Dc2LDQAAQBAJ	1017
1663	Dc2LDQAAQBAJ	1018
1664	Dc2LDQAAQBAJ	1019
1665	Dc2LDQAAQBAJ	1020
1666	Dc2LDQAAQBAJ	1021
1667	Dc2LDQAAQBAJ	1022
1668	Dc2LDQAAQBAJ	1023
1669	7VPrnQEACAAJ	1046
1670	KzCwDZ9gvG8C	916
1671	KzCwDZ9gvG8C	917
1672	KzCwDZ9gvG8C	1047
1673	KzCwDZ9gvG8C	1048
1674	KzCwDZ9gvG8C	1049
1675	KzCwDZ9gvG8C	1050
1676	KzCwDZ9gvG8C	1051
1677	KzCwDZ9gvG8C	1052
1678	KzCwDZ9gvG8C	1053
1679	KzCwDZ9gvG8C	1054
1680	KzCwDZ9gvG8C	1055
1681	KzCwDZ9gvG8C	1056
1682	KzCwDZ9gvG8C	1057
1683	KzCwDZ9gvG8C	1058
1684	KzCwDZ9gvG8C	1059
1685	KzCwDZ9gvG8C	1060
1686	KzCwDZ9gvG8C	1061
1687	KzCwDZ9gvG8C	1062
1688	KzCwDZ9gvG8C	1063
1689	KzCwDZ9gvG8C	174
1690	KzCwDZ9gvG8C	64
1691	KzCwDZ9gvG8C	965
1692	KzCwDZ9gvG8C	972
1693	KzCwDZ9gvG8C	974
1694	KzCwDZ9gvG8C	975
1695	KzCwDZ9gvG8C	211
1696	KzCwDZ9gvG8C	468
1697	KzCwDZ9gvG8C	105
1698	d5ydKQEACAAJ	389
1699	d5ydKQEACAAJ	774
1700	d5ydKQEACAAJ	269
1701	d5ydKQEACAAJ	146
1702	d5ydKQEACAAJ	947
1703	d5ydKQEACAAJ	162
1704	d5ydKQEACAAJ	805
1705	d5ydKQEACAAJ	294
1706	d5ydKQEACAAJ	1064
1707	d5ydKQEACAAJ	1065
1708	d5ydKQEACAAJ	1066
1709	d5ydKQEACAAJ	1067
1710	d5ydKQEACAAJ	1068
1711	d5ydKQEACAAJ	1069
1712	d5ydKQEACAAJ	1070
1713	d5ydKQEACAAJ	1071
1714	d5ydKQEACAAJ	1072
1715	d5ydKQEACAAJ	1073
1716	d5ydKQEACAAJ	1074
1717	d5ydKQEACAAJ	1075
1718	d5ydKQEACAAJ	1076
1719	d5ydKQEACAAJ	1077
1720	d5ydKQEACAAJ	1078
1721	d5ydKQEACAAJ	1079
1722	d5ydKQEACAAJ	1080
1723	d5ydKQEACAAJ	1081
1724	d5ydKQEACAAJ	58
1725	d5ydKQEACAAJ	1082
1726	d5ydKQEACAAJ	437
1727	d5ydKQEACAAJ	1083
1728	d5ydKQEACAAJ	1084
1729	d5ydKQEACAAJ	447
1730	d5ydKQEACAAJ	1085
1731	d5ydKQEACAAJ	68
1732	d5ydKQEACAAJ	70
1733	d5ydKQEACAAJ	71
1734	d5ydKQEACAAJ	331
1735	d5ydKQEACAAJ	77
1736	d5ydKQEACAAJ	598
1737	d5ydKQEACAAJ	88
1738	d5ydKQEACAAJ	345
1739	d5ydKQEACAAJ	808
1740	d5ydKQEACAAJ	101
1741	d5ydKQEACAAJ	239
1742	d5ydKQEACAAJ	813
1743	d5ydKQEACAAJ	764
1744	JlW9DwAAQBAJ	1088
1745	JlW9DwAAQBAJ	1089
1746	JlW9DwAAQBAJ	323
1747	JlW9DwAAQBAJ	232
1748	JlW9DwAAQBAJ	755
1749	JlW9DwAAQBAJ	468
1750	JlW9DwAAQBAJ	58
1751	JlW9DwAAQBAJ	1086
1752	JlW9DwAAQBAJ	1087
1753	_nG6N7Zw6uIC	962
1754	_nG6N7Zw6uIC	1090
1755	_nG6N7Zw6uIC	1091
1756	_nG6N7Zw6uIC	1092
1757	_nG6N7Zw6uIC	967
1758	_nG6N7Zw6uIC	211
1759	_nG6N7Zw6uIC	916
1760	_nG6N7Zw6uIC	952
1761	_nG6N7Zw6uIC	954
1762	_nG6N7Zw6uIC	957
1763	iCWgDwAAQBAJ	147
1764	iCWgDwAAQBAJ	148
1765	iCWgDwAAQBAJ	21
1766	iCWgDwAAQBAJ	58
1767	iCWgDwAAQBAJ	1093
1768	iCWgDwAAQBAJ	1094
1769	iCWgDwAAQBAJ	1095
1770	iCWgDwAAQBAJ	1096
1771	iCWgDwAAQBAJ	1097
1772	iCWgDwAAQBAJ	1098
1773	iCWgDwAAQBAJ	1099
1774	iCWgDwAAQBAJ	1100
1775	iCWgDwAAQBAJ	1101
1776	iCWgDwAAQBAJ	1102
1777	iCWgDwAAQBAJ	1103
1778	iCWgDwAAQBAJ	1104
1779	iCWgDwAAQBAJ	1105
1780	iCWgDwAAQBAJ	1106
1781	iCWgDwAAQBAJ	1107
1782	iCWgDwAAQBAJ	1108
1783	iCWgDwAAQBAJ	1109
1784	iCWgDwAAQBAJ	1110
1785	iCWgDwAAQBAJ	593
1786	iCWgDwAAQBAJ	1111
1787	iCWgDwAAQBAJ	1112
1788	iCWgDwAAQBAJ	1113
1789	iCWgDwAAQBAJ	1114
1790	iCWgDwAAQBAJ	1115
1791	iCWgDwAAQBAJ	605
1792	iCWgDwAAQBAJ	608
1793	iCWgDwAAQBAJ	70
1794	iCWgDwAAQBAJ	487
1795	iCWgDwAAQBAJ	234
1796	iCWgDwAAQBAJ	238
1797	iCWgDwAAQBAJ	755
1798	iCWgDwAAQBAJ	506
1799	iCWgDwAAQBAJ	123
1800	YrQACwAAQBAJ	136
1801	YrQACwAAQBAJ	550
1802	YrQACwAAQBAJ	58
1803	YrQACwAAQBAJ	1095
1804	YrQACwAAQBAJ	1102
1805	YrQACwAAQBAJ	211
1806	YrQACwAAQBAJ	1107
1807	YrQACwAAQBAJ	1108
1808	YrQACwAAQBAJ	1116
1809	YrQACwAAQBAJ	605
1810	YrQACwAAQBAJ	1117
1811	YrQACwAAQBAJ	1118
1812	YrQACwAAQBAJ	1120
1813	YrQACwAAQBAJ	1121
1814	YrQACwAAQBAJ	1122
1815	YrQACwAAQBAJ	1123
1816	YrQACwAAQBAJ	1124
1817	YrQACwAAQBAJ	1125
1818	YrQACwAAQBAJ	1126
1819	YrQACwAAQBAJ	1119
1820	YrQACwAAQBAJ	1127
1821	YrQACwAAQBAJ	1128
1822	YrQACwAAQBAJ	1129
1823	YrQACwAAQBAJ	1130
1824	YrQACwAAQBAJ	1131
1825	YrQACwAAQBAJ	238
1826	YrQACwAAQBAJ	112
1827	QdX94z_OoukC	1152
1828	QdX94z_OoukC	1153
1829	QdX94z_OoukC	1154
1830	QdX94z_OoukC	1155
1831	QdX94z_OoukC	1156
1832	QdX94z_OoukC	1157
1833	QdX94z_OoukC	1158
1834	QdX94z_OoukC	1159
1835	QdX94z_OoukC	1160
1836	QdX94z_OoukC	1161
1837	QdX94z_OoukC	1162
1838	QdX94z_OoukC	1163
1839	QdX94z_OoukC	1164
1840	QdX94z_OoukC	1165
1841	QdX94z_OoukC	1166
1842	QdX94z_OoukC	1167
1843	QdX94z_OoukC	1168
1844	QdX94z_OoukC	1169
1845	QdX94z_OoukC	1170
1846	QdX94z_OoukC	1171
1847	QdX94z_OoukC	148
1848	QdX94z_OoukC	21
1849	QdX94z_OoukC	22
1850	QdX94z_OoukC	1172
1851	QdX94z_OoukC	1173
1852	QdX94z_OoukC	1174
1853	QdX94z_OoukC	1175
1854	QdX94z_OoukC	1176
1855	QdX94z_OoukC	1177
1856	QdX94z_OoukC	1178
1857	QdX94z_OoukC	1179
1858	QdX94z_OoukC	1180
1859	QdX94z_OoukC	1181
1860	QdX94z_OoukC	1182
1861	QdX94z_OoukC	1183
1862	QdX94z_OoukC	1184
1863	QdX94z_OoukC	36
1864	QdX94z_OoukC	1185
1865	QdX94z_OoukC	1186
1866	QdX94z_OoukC	1187
1867	QdX94z_OoukC	294
1868	QdX94z_OoukC	1188
1869	QdX94z_OoukC	1189
1870	QdX94z_OoukC	1190
1871	QdX94z_OoukC	308
1872	QdX94z_OoukC	58
1873	QdX94z_OoukC	318
1874	QdX94z_OoukC	64
1875	QdX94z_OoukC	578
1876	QdX94z_OoukC	269
1877	QdX94z_OoukC	348
1878	QdX94z_OoukC	743
1879	QdX94z_OoukC	234
1880	QdX94z_OoukC	1132
1881	QdX94z_OoukC	1133
1882	QdX94z_OoukC	1134
1883	QdX94z_OoukC	1135
1884	QdX94z_OoukC	1136
1885	QdX94z_OoukC	1137
1886	QdX94z_OoukC	1138
1887	QdX94z_OoukC	1139
1888	QdX94z_OoukC	1140
1889	QdX94z_OoukC	1141
1890	QdX94z_OoukC	1142
1891	QdX94z_OoukC	1143
1892	QdX94z_OoukC	1144
1893	QdX94z_OoukC	1145
1894	QdX94z_OoukC	1146
1895	QdX94z_OoukC	1147
1896	QdX94z_OoukC	1148
1897	QdX94z_OoukC	1149
1898	QdX94z_OoukC	1150
1899	QdX94z_OoukC	1151
1900	etukl7GfrxQC	21
1901	etukl7GfrxQC	211
1902	etukl7GfrxQC	553
1903	etukl7GfrxQC	557
1904	etukl7GfrxQC	58
1905	etukl7GfrxQC	64
1906	etukl7GfrxQC	68
1907	etukl7GfrxQC	70
1908	etukl7GfrxQC	71
1909	etukl7GfrxQC	590
1910	etukl7GfrxQC	599
1911	etukl7GfrxQC	88
1912	etukl7GfrxQC	95
1913	etukl7GfrxQC	103
1914	etukl7GfrxQC	120
1915	etukl7GfrxQC	124
1916	etukl7GfrxQC	148
1917	etukl7GfrxQC	1191
1918	etukl7GfrxQC	1192
1919	etukl7GfrxQC	1193
1920	etukl7GfrxQC	1194
1921	etukl7GfrxQC	1195
1922	etukl7GfrxQC	1196
1923	etukl7GfrxQC	1197
1924	etukl7GfrxQC	1198
1925	etukl7GfrxQC	1199
1926	etukl7GfrxQC	1200
1927	etukl7GfrxQC	1201
1928	etukl7GfrxQC	1202
1929	etukl7GfrxQC	1203
1930	etukl7GfrxQC	1204
1931	etukl7GfrxQC	1205
1932	etukl7GfrxQC	1206
1933	etukl7GfrxQC	1207
1934	etukl7GfrxQC	1208
1935	etukl7GfrxQC	1209
1936	etukl7GfrxQC	1210
1937	etukl7GfrxQC	1211
1938	etukl7GfrxQC	1212
1939	etukl7GfrxQC	1213
1940	etukl7GfrxQC	1214
1941	etukl7GfrxQC	1215
1942	etukl7GfrxQC	1216
1943	etukl7GfrxQC	1217
1944	etukl7GfrxQC	1218
1945	etukl7GfrxQC	1219
1946	etukl7GfrxQC	1220
1947	etukl7GfrxQC	1221
1948	etukl7GfrxQC	1222
1949	etukl7GfrxQC	1223
1950	etukl7GfrxQC	1224
1951	etukl7GfrxQC	1225
1952	etukl7GfrxQC	202
1953	etukl7GfrxQC	1226
1954	etukl7GfrxQC	1227
1955	etukl7GfrxQC	1228
1956	etukl7GfrxQC	1229
1957	etukl7GfrxQC	1230
1958	etukl7GfrxQC	1232
1959	etukl7GfrxQC	1233
1960	etukl7GfrxQC	1234
1961	etukl7GfrxQC	1235
1962	etukl7GfrxQC	1236
1963	etukl7GfrxQC	1237
1964	etukl7GfrxQC	1238
1965	etukl7GfrxQC	1239
1966	etukl7GfrxQC	1231
1967	etukl7GfrxQC	1240
1968	etukl7GfrxQC	1241
1969	etukl7GfrxQC	1242
1970	etukl7GfrxQC	1243
1971	etukl7GfrxQC	1244
1972	etukl7GfrxQC	1245
1973	etukl7GfrxQC	1246
1974	etukl7GfrxQC	1247
1975	etukl7GfrxQC	1248
1976	etukl7GfrxQC	1249
1977	etukl7GfrxQC	1250
1978	etukl7GfrxQC	743
1979	etukl7GfrxQC	234
1980	etukl7GfrxQC	242
1981	etukl7GfrxQC	266
1982	etukl7GfrxQC	269
1983	etukl7GfrxQC	292
1984	etukl7GfrxQC	294
1985	etukl7GfrxQC	301
1986	etukl7GfrxQC	303
1987	etukl7GfrxQC	308
1988	etukl7GfrxQC	831
1989	etukl7GfrxQC	323
1990	etukl7GfrxQC	170
1991	etukl7GfrxQC	345
1992	etukl7GfrxQC	348
1993	etukl7GfrxQC	378
1994	etukl7GfrxQC	389
1995	etukl7GfrxQC	407
1996	etukl7GfrxQC	428
1997	etukl7GfrxQC	434
1998	etukl7GfrxQC	450
1999	etukl7GfrxQC	487
2000	etukl7GfrxQC	494
2001	etukl7GfrxQC	1016
2002	etukl7GfrxQC	506
2003	0V5XAAAAYAAJ	1280
2004	0V5XAAAAYAAJ	1281
2005	0V5XAAAAYAAJ	1282
2006	0V5XAAAAYAAJ	1283
2007	0V5XAAAAYAAJ	1284
2008	0V5XAAAAYAAJ	1285
2009	0V5XAAAAYAAJ	1286
2010	0V5XAAAAYAAJ	1287
2011	0V5XAAAAYAAJ	1288
2012	0V5XAAAAYAAJ	1289
2013	0V5XAAAAYAAJ	1290
2014	0V5XAAAAYAAJ	1291
2015	0V5XAAAAYAAJ	1292
2016	0V5XAAAAYAAJ	1293
2017	0V5XAAAAYAAJ	1294
2018	0V5XAAAAYAAJ	1295
2019	0V5XAAAAYAAJ	10
2020	0V5XAAAAYAAJ	1296
2021	0V5XAAAAYAAJ	1297
2022	0V5XAAAAYAAJ	1298
2023	0V5XAAAAYAAJ	916
2024	0V5XAAAAYAAJ	1299
2025	0V5XAAAAYAAJ	1278
2026	0V5XAAAAYAAJ	159
2027	0V5XAAAAYAAJ	1058
2028	0V5XAAAAYAAJ	34
2029	0V5XAAAAYAAJ	36
2030	0V5XAAAAYAAJ	1062
2031	0V5XAAAAYAAJ	41
2032	0V5XAAAAYAAJ	555
2033	0V5XAAAAYAAJ	238
2034	0V5XAAAAYAAJ	180
2035	0V5XAAAAYAAJ	58
2036	0V5XAAAAYAAJ	73
2037	0V5XAAAAYAAJ	634
2038	0V5XAAAAYAAJ	1251
2039	0V5XAAAAYAAJ	1252
2040	0V5XAAAAYAAJ	1253
2041	0V5XAAAAYAAJ	1254
2042	0V5XAAAAYAAJ	1255
2043	0V5XAAAAYAAJ	1256
2044	0V5XAAAAYAAJ	1257
2045	0V5XAAAAYAAJ	1258
2046	0V5XAAAAYAAJ	1259
2047	0V5XAAAAYAAJ	1260
2048	0V5XAAAAYAAJ	1261
2049	0V5XAAAAYAAJ	1262
2050	0V5XAAAAYAAJ	1263
2051	0V5XAAAAYAAJ	1264
2052	0V5XAAAAYAAJ	1265
2053	0V5XAAAAYAAJ	1266
2054	0V5XAAAAYAAJ	1267
2055	0V5XAAAAYAAJ	1268
2056	0V5XAAAAYAAJ	1269
2057	0V5XAAAAYAAJ	1270
2058	0V5XAAAAYAAJ	1271
2059	0V5XAAAAYAAJ	1272
2060	0V5XAAAAYAAJ	1273
2061	0V5XAAAAYAAJ	1274
2062	0V5XAAAAYAAJ	1275
2063	0V5XAAAAYAAJ	1276
2064	0V5XAAAAYAAJ	1277
2065	0V5XAAAAYAAJ	254
2066	0V5XAAAAYAAJ	1279
2067	wmacUwleJv8C	10
2068	wmacUwleJv8C	527
2069	wmacUwleJv8C	21
2070	wmacUwleJv8C	22
2071	wmacUwleJv8C	31
2072	wmacUwleJv8C	33
2073	wmacUwleJv8C	34
2074	wmacUwleJv8C	36
2075	wmacUwleJv8C	1062
2076	wmacUwleJv8C	38
2077	wmacUwleJv8C	41
2078	wmacUwleJv8C	57
2079	wmacUwleJv8C	58
2080	wmacUwleJv8C	572
2081	wmacUwleJv8C	73
2082	wmacUwleJv8C	618
2083	wmacUwleJv8C	1133
2084	wmacUwleJv8C	624
2085	wmacUwleJv8C	635
2086	wmacUwleJv8C	151
2087	wmacUwleJv8C	159
2088	wmacUwleJv8C	180
2089	wmacUwleJv8C	232
2090	wmacUwleJv8C	748
2091	wmacUwleJv8C	1269
2092	wmacUwleJv8C	254
2093	wmacUwleJv8C	1281
2094	wmacUwleJv8C	1286
2095	wmacUwleJv8C	1300
2096	wmacUwleJv8C	1301
2097	wmacUwleJv8C	1302
2098	wmacUwleJv8C	1303
2099	wmacUwleJv8C	1304
2100	wmacUwleJv8C	1305
2101	wmacUwleJv8C	1306
2102	wmacUwleJv8C	1307
2103	wmacUwleJv8C	1308
2104	wmacUwleJv8C	1309
2105	wmacUwleJv8C	1310
2106	wmacUwleJv8C	1311
2107	wmacUwleJv8C	1312
2108	wmacUwleJv8C	1313
2109	wmacUwleJv8C	1314
2110	wmacUwleJv8C	1315
2111	wmacUwleJv8C	1316
2112	wmacUwleJv8C	1317
2113	wmacUwleJv8C	1318
2114	wmacUwleJv8C	1319
2115	wmacUwleJv8C	1320
2116	wmacUwleJv8C	1321
2117	wmacUwleJv8C	1322
2118	wmacUwleJv8C	1323
2119	wmacUwleJv8C	1324
2120	wmacUwleJv8C	1325
2121	wmacUwleJv8C	1326
2122	wmacUwleJv8C	1327
2123	wmacUwleJv8C	1328
2124	wmacUwleJv8C	1329
2125	wmacUwleJv8C	1330
2126	wmacUwleJv8C	1331
2127	wmacUwleJv8C	1332
2128	wmacUwleJv8C	1333
2129	wmacUwleJv8C	1334
2130	wmacUwleJv8C	1335
2131	wmacUwleJv8C	1336
2132	wmacUwleJv8C	1337
2133	wmacUwleJv8C	1338
2134	wmacUwleJv8C	1339
2135	wmacUwleJv8C	1340
2136	wmacUwleJv8C	1341
2137	wmacUwleJv8C	1342
2138	wmacUwleJv8C	1343
2139	wmacUwleJv8C	1344
2140	wmacUwleJv8C	1345
2141	wmacUwleJv8C	1346
2142	wmacUwleJv8C	1347
2143	wmacUwleJv8C	1348
2144	wmacUwleJv8C	1349
2145	wmacUwleJv8C	1350
2146	wmacUwleJv8C	1351
2147	wmacUwleJv8C	1352
2148	wmacUwleJv8C	1353
2149	wmacUwleJv8C	1354
2150	wmacUwleJv8C	1355
2151	wmacUwleJv8C	1356
2152	wmacUwleJv8C	1357
2153	wmacUwleJv8C	1358
2154	wmacUwleJv8C	1359
2155	wmacUwleJv8C	1360
2156	wmacUwleJv8C	1361
2157	wmacUwleJv8C	1362
2158	wmacUwleJv8C	1363
2159	wmacUwleJv8C	1364
2160	wmacUwleJv8C	1365
2161	wmacUwleJv8C	1366
2162	wmacUwleJv8C	1367
2163	wmacUwleJv8C	1368
2164	wmacUwleJv8C	1369
2165	wmacUwleJv8C	1370
2166	wmacUwleJv8C	1371
2167	wmacUwleJv8C	1372
2168	wmacUwleJv8C	1373
2169	wmacUwleJv8C	1374
2170	wmacUwleJv8C	1375
2171	wmacUwleJv8C	1376
2172	wmacUwleJv8C	1377
2173	wmacUwleJv8C	1378
2174	wmacUwleJv8C	916
2175	wmacUwleJv8C	414
2176	wmacUwleJv8C	439
2177	wmacUwleJv8C	293
2178	wmacUwleJv8C	979
2179	MDRPqozWYf4C	1281
2180	MDRPqozWYf4C	1379
2181	MDRPqozWYf4C	1380
2182	MDRPqozWYf4C	1317
2183	MDRPqozWYf4C	1381
2184	MDRPqozWYf4C	1382
2185	MDRPqozWYf4C	646
2186	MDRPqozWYf4C	1093
2187	MDRPqozWYf4C	1383
2188	MDRPqozWYf4C	1384
2189	MDRPqozWYf4C	1068
2190	MDRPqozWYf4C	77
2191	MDRPqozWYf4C	1385
2192	MDRPqozWYf4C	1269
2193	MDRPqozWYf4C	61
2194	MDRPqozWYf4C	414
2195	unQIPQAACAAJ	35
2196	unQIPQAACAAJ	41
2197	unQIPQAACAAJ	58
2198	unQIPQAACAAJ	68
2199	unQIPQAACAAJ	70
2200	unQIPQAACAAJ	604
2201	unQIPQAACAAJ	112
2202	unQIPQAACAAJ	625
2203	unQIPQAACAAJ	121
2204	unQIPQAACAAJ	124
2205	unQIPQAACAAJ	1149
2206	unQIPQAACAAJ	1155
2207	unQIPQAACAAJ	136
2208	unQIPQAACAAJ	148
2209	unQIPQAACAAJ	660
2210	unQIPQAACAAJ	1188
2211	unQIPQAACAAJ	1189
2212	unQIPQAACAAJ	191
2213	unQIPQAACAAJ	197
2214	unQIPQAACAAJ	211
2215	unQIPQAACAAJ	743
2216	unQIPQAACAAJ	234
2217	unQIPQAACAAJ	237
2218	unQIPQAACAAJ	269
2219	unQIPQAACAAJ	290
2220	unQIPQAACAAJ	292
2221	unQIPQAACAAJ	294
2222	unQIPQAACAAJ	326
2223	unQIPQAACAAJ	348
2224	unQIPQAACAAJ	1386
2225	unQIPQAACAAJ	1387
2226	unQIPQAACAAJ	1388
2227	unQIPQAACAAJ	1389
2228	unQIPQAACAAJ	1390
2229	unQIPQAACAAJ	1391
2230	unQIPQAACAAJ	1392
2231	unQIPQAACAAJ	1393
2232	unQIPQAACAAJ	1394
2233	unQIPQAACAAJ	1395
2234	unQIPQAACAAJ	1396
2235	unQIPQAACAAJ	1397
2236	unQIPQAACAAJ	1398
2237	unQIPQAACAAJ	1399
2238	unQIPQAACAAJ	1400
2239	unQIPQAACAAJ	1401
2240	unQIPQAACAAJ	1402
2241	unQIPQAACAAJ	1403
2242	unQIPQAACAAJ	1404
2243	unQIPQAACAAJ	1405
2244	unQIPQAACAAJ	1406
2245	unQIPQAACAAJ	1407
2246	unQIPQAACAAJ	1408
2247	unQIPQAACAAJ	1409
2248	unQIPQAACAAJ	1410
2249	unQIPQAACAAJ	1411
2250	unQIPQAACAAJ	1412
2251	unQIPQAACAAJ	1413
2252	unQIPQAACAAJ	1414
2253	unQIPQAACAAJ	1415
2254	unQIPQAACAAJ	1416
2255	unQIPQAACAAJ	1417
2256	unQIPQAACAAJ	1418
2257	unQIPQAACAAJ	1419
2258	unQIPQAACAAJ	1420
2259	unQIPQAACAAJ	1421
2260	unQIPQAACAAJ	1422
2261	unQIPQAACAAJ	1423
2262	unQIPQAACAAJ	1424
2263	unQIPQAACAAJ	1425
2264	unQIPQAACAAJ	1426
2265	unQIPQAACAAJ	1427
2266	unQIPQAACAAJ	1428
2267	unQIPQAACAAJ	1429
2268	unQIPQAACAAJ	1430
2269	unQIPQAACAAJ	1431
2270	unQIPQAACAAJ	1432
2271	unQIPQAACAAJ	1433
2272	unQIPQAACAAJ	1434
2273	unQIPQAACAAJ	1435
2274	unQIPQAACAAJ	1436
2275	unQIPQAACAAJ	1437
2276	unQIPQAACAAJ	1438
2277	unQIPQAACAAJ	1439
2278	unQIPQAACAAJ	1440
2279	unQIPQAACAAJ	1441
2280	unQIPQAACAAJ	1442
2281	unQIPQAACAAJ	1443
2282	unQIPQAACAAJ	1444
2283	unQIPQAACAAJ	1445
2284	unQIPQAACAAJ	1446
2285	unQIPQAACAAJ	935
2286	unQIPQAACAAJ	452
2287	unQIPQAACAAJ	456
2288	unQIPQAACAAJ	465
2289	unQIPQAACAAJ	487
2290	unQIPQAACAAJ	1011
2291	unQIPQAACAAJ	1016
2292	unQIPQAACAAJ	506
2293	unQIPQAACAAJ	510
2294	1iKZDwAAQBAJ	1281
2295	1iKZDwAAQBAJ	1447
2296	1iKZDwAAQBAJ	1448
2297	1iKZDwAAQBAJ	1449
2298	1iKZDwAAQBAJ	1258
2299	1iKZDwAAQBAJ	1450
2300	1iKZDwAAQBAJ	1451
2301	1iKZDwAAQBAJ	686
2302	1iKZDwAAQBAJ	238
2303	1iKZDwAAQBAJ	755
2304	1iKZDwAAQBAJ	1269
2305	v-IoDwAAQBAJ	21
2306	v-IoDwAAQBAJ	548
2307	v-IoDwAAQBAJ	1445
2308	v-IoDwAAQBAJ	1101
2309	v-IoDwAAQBAJ	1452
2310	v-IoDwAAQBAJ	1453
2311	v-IoDwAAQBAJ	1454
2312	v-IoDwAAQBAJ	1455
2313	v-IoDwAAQBAJ	1456
2314	v-IoDwAAQBAJ	1457
2315	v-IoDwAAQBAJ	1458
2316	v-IoDwAAQBAJ	1459
2317	v-IoDwAAQBAJ	1460
2318	v-IoDwAAQBAJ	1461
2319	v-IoDwAAQBAJ	1462
2320	v-IoDwAAQBAJ	1463
2321	v-IoDwAAQBAJ	1464
2322	v-IoDwAAQBAJ	1465
2323	v-IoDwAAQBAJ	1466
2324	v-IoDwAAQBAJ	1467
2325	v-IoDwAAQBAJ	1468
2326	v-IoDwAAQBAJ	1469
2327	v-IoDwAAQBAJ	1470
2328	v-IoDwAAQBAJ	1471
2329	v-IoDwAAQBAJ	1472
2330	v-IoDwAAQBAJ	58
2331	v-IoDwAAQBAJ	1473
2332	v-IoDwAAQBAJ	1474
2333	v-IoDwAAQBAJ	1475
2334	v-IoDwAAQBAJ	1476
2335	v-IoDwAAQBAJ	1477
2336	v-IoDwAAQBAJ	1478
2337	v-IoDwAAQBAJ	1479
2338	v-IoDwAAQBAJ	1480
2339	v-IoDwAAQBAJ	1481
2340	v-IoDwAAQBAJ	1482
2341	v-IoDwAAQBAJ	1483
2342	v-IoDwAAQBAJ	1484
2343	v-IoDwAAQBAJ	718
2344	v-IoDwAAQBAJ	1103
2345	v-IoDwAAQBAJ	1485
2346	v-IoDwAAQBAJ	1486
2347	v-IoDwAAQBAJ	1487
2348	v-IoDwAAQBAJ	1107
2349	v-IoDwAAQBAJ	1108
2350	v-IoDwAAQBAJ	1488
2351	v-IoDwAAQBAJ	1489
2352	v-IoDwAAQBAJ	1490
2353	v-IoDwAAQBAJ	1491
2354	v-IoDwAAQBAJ	1492
2355	v-IoDwAAQBAJ	602
2356	v-IoDwAAQBAJ	218
2357	v-IoDwAAQBAJ	860
2358	v-IoDwAAQBAJ	605
2359	v-IoDwAAQBAJ	1493
2360	v-IoDwAAQBAJ	1119
2361	v-IoDwAAQBAJ	608
2362	v-IoDwAAQBAJ	1494
2363	v-IoDwAAQBAJ	1495
2364	v-IoDwAAQBAJ	1128
2365	v-IoDwAAQBAJ	872
2366	v-IoDwAAQBAJ	74
2367	v-IoDwAAQBAJ	120
2368	OG0e6djUgUYC	836
2369	OG0e6djUgUYC	6
2370	OG0e6djUgUYC	839
2371	OG0e6djUgUYC	11
2372	OG0e6djUgUYC	1496
2373	OG0e6djUgUYC	58
2374	OG0e6djUgUYC	61
2375	9xHCAgAAQBAJ	1536
2376	9xHCAgAAQBAJ	1537
2377	9xHCAgAAQBAJ	1538
2378	9xHCAgAAQBAJ	513
2379	9xHCAgAAQBAJ	1539
2380	9xHCAgAAQBAJ	1540
2381	9xHCAgAAQBAJ	1541
2382	9xHCAgAAQBAJ	1542
2383	9xHCAgAAQBAJ	1543
2384	9xHCAgAAQBAJ	1544
2385	9xHCAgAAQBAJ	9
2386	9xHCAgAAQBAJ	1545
2387	9xHCAgAAQBAJ	1547
2388	9xHCAgAAQBAJ	1548
2389	9xHCAgAAQBAJ	1549
2390	9xHCAgAAQBAJ	1546
2391	9xHCAgAAQBAJ	1550
2392	9xHCAgAAQBAJ	17
2393	9xHCAgAAQBAJ	1551
2394	9xHCAgAAQBAJ	1552
2395	9xHCAgAAQBAJ	1553
2396	9xHCAgAAQBAJ	1554
2397	9xHCAgAAQBAJ	1555
2398	9xHCAgAAQBAJ	1556
2399	9xHCAgAAQBAJ	1557
2400	9xHCAgAAQBAJ	1558
2401	9xHCAgAAQBAJ	1559
2402	9xHCAgAAQBAJ	1560
2403	9xHCAgAAQBAJ	1561
2404	9xHCAgAAQBAJ	1562
2405	9xHCAgAAQBAJ	1563
2406	9xHCAgAAQBAJ	509
2407	9xHCAgAAQBAJ	1564
2408	9xHCAgAAQBAJ	1565
2409	9xHCAgAAQBAJ	1566
2410	9xHCAgAAQBAJ	35
2411	9xHCAgAAQBAJ	1567
2412	9xHCAgAAQBAJ	1568
2413	9xHCAgAAQBAJ	38
2414	9xHCAgAAQBAJ	1569
2415	9xHCAgAAQBAJ	1570
2416	9xHCAgAAQBAJ	1571
2417	9xHCAgAAQBAJ	1572
2418	9xHCAgAAQBAJ	1573
2419	9xHCAgAAQBAJ	44
2420	9xHCAgAAQBAJ	1574
2421	9xHCAgAAQBAJ	1575
2422	9xHCAgAAQBAJ	1576
2423	9xHCAgAAQBAJ	1577
2424	9xHCAgAAQBAJ	1578
2425	9xHCAgAAQBAJ	1579
2426	9xHCAgAAQBAJ	1580
2427	9xHCAgAAQBAJ	1581
2428	9xHCAgAAQBAJ	1582
2429	9xHCAgAAQBAJ	1583
2430	9xHCAgAAQBAJ	1584
2431	9xHCAgAAQBAJ	1585
2432	9xHCAgAAQBAJ	1586
2433	9xHCAgAAQBAJ	58
2434	9xHCAgAAQBAJ	1587
2435	9xHCAgAAQBAJ	1588
2436	9xHCAgAAQBAJ	1589
2437	9xHCAgAAQBAJ	1590
2438	9xHCAgAAQBAJ	1591
2439	9xHCAgAAQBAJ	61
2440	9xHCAgAAQBAJ	1592
2441	9xHCAgAAQBAJ	1593
2442	9xHCAgAAQBAJ	1594
2443	9xHCAgAAQBAJ	578
2444	9xHCAgAAQBAJ	1093
2445	9xHCAgAAQBAJ	1597
2446	9xHCAgAAQBAJ	1598
2447	9xHCAgAAQBAJ	1599
2448	9xHCAgAAQBAJ	1600
2449	9xHCAgAAQBAJ	1601
2450	9xHCAgAAQBAJ	1602
2451	9xHCAgAAQBAJ	1102
2452	9xHCAgAAQBAJ	593
2453	9xHCAgAAQBAJ	1107
2454	9xHCAgAAQBAJ	1108
2455	9xHCAgAAQBAJ	597
2456	9xHCAgAAQBAJ	605
2457	9xHCAgAAQBAJ	608
2458	9xHCAgAAQBAJ	22
2459	9xHCAgAAQBAJ	112
2460	9xHCAgAAQBAJ	1137
2461	9xHCAgAAQBAJ	1143
2462	9xHCAgAAQBAJ	631
2463	9xHCAgAAQBAJ	121
2464	9xHCAgAAQBAJ	120
2465	9xHCAgAAQBAJ	137
2466	9xHCAgAAQBAJ	1164
2467	9xHCAgAAQBAJ	146
2468	9xHCAgAAQBAJ	159
2469	9xHCAgAAQBAJ	1185
2470	9xHCAgAAQBAJ	34
2471	9xHCAgAAQBAJ	36
2472	9xHCAgAAQBAJ	41
2473	9xHCAgAAQBAJ	211
2474	9xHCAgAAQBAJ	229
2475	9xHCAgAAQBAJ	240
2476	9xHCAgAAQBAJ	764
2477	9xHCAgAAQBAJ	778
2478	9xHCAgAAQBAJ	269
2479	9xHCAgAAQBAJ	273
2480	9xHCAgAAQBAJ	794
2481	9xHCAgAAQBAJ	285
2482	9xHCAgAAQBAJ	294
2483	9xHCAgAAQBAJ	303
2484	9xHCAgAAQBAJ	323
2485	9xHCAgAAQBAJ	1595
2486	9xHCAgAAQBAJ	1596
2487	9xHCAgAAQBAJ	1381
2488	9xHCAgAAQBAJ	883
2489	9xHCAgAAQBAJ	378
2490	9xHCAgAAQBAJ	384
2491	9xHCAgAAQBAJ	391
2492	9xHCAgAAQBAJ	485
2493	9xHCAgAAQBAJ	1423
2494	9xHCAgAAQBAJ	414
2495	9xHCAgAAQBAJ	490
2496	9xHCAgAAQBAJ	442
2497	9xHCAgAAQBAJ	955
2498	9xHCAgAAQBAJ	1497
2499	9xHCAgAAQBAJ	1498
2500	9xHCAgAAQBAJ	1499
2501	9xHCAgAAQBAJ	1500
2502	9xHCAgAAQBAJ	1501
2503	9xHCAgAAQBAJ	1502
2504	9xHCAgAAQBAJ	1503
2505	9xHCAgAAQBAJ	1504
2506	9xHCAgAAQBAJ	1505
2507	9xHCAgAAQBAJ	1506
2508	9xHCAgAAQBAJ	1507
2509	9xHCAgAAQBAJ	1508
2510	9xHCAgAAQBAJ	1509
2511	9xHCAgAAQBAJ	1510
2512	9xHCAgAAQBAJ	1511
2513	9xHCAgAAQBAJ	1512
2514	9xHCAgAAQBAJ	1513
2515	9xHCAgAAQBAJ	1514
2516	9xHCAgAAQBAJ	1515
2517	9xHCAgAAQBAJ	1516
2518	9xHCAgAAQBAJ	1517
2519	9xHCAgAAQBAJ	1518
2520	9xHCAgAAQBAJ	1519
2521	9xHCAgAAQBAJ	1520
2522	9xHCAgAAQBAJ	1521
2523	9xHCAgAAQBAJ	1522
2524	9xHCAgAAQBAJ	1523
2525	9xHCAgAAQBAJ	1524
2526	9xHCAgAAQBAJ	1525
2527	9xHCAgAAQBAJ	1526
2528	9xHCAgAAQBAJ	1527
2529	9xHCAgAAQBAJ	1528
2530	9xHCAgAAQBAJ	1529
2531	9xHCAgAAQBAJ	1530
2532	9xHCAgAAQBAJ	1531
2533	9xHCAgAAQBAJ	1532
2534	9xHCAgAAQBAJ	1533
2535	9xHCAgAAQBAJ	1534
2536	9xHCAgAAQBAJ	1535
2537	hUd0CwAAQBAJ	1603
2538	hUd0CwAAQBAJ	1604
2539	hUd0CwAAQBAJ	1605
2540	hUd0CwAAQBAJ	1606
2541	hUd0CwAAQBAJ	68
2542	hUd0CwAAQBAJ	1607
2543	hUd0CwAAQBAJ	1428
2544	hUd0CwAAQBAJ	121
2545	4xV-ZY50isAC	1095
2546	4xV-ZY50isAC	1608
2547	4xV-ZY50isAC	1609
2548	4xV-ZY50isAC	1610
2549	4xV-ZY50isAC	1131
2550	4xV-ZY50isAC	1611
2551	4xV-ZY50isAC	1612
2552	4xV-ZY50isAC	1613
2553	4xV-ZY50isAC	1614
2554	4xV-ZY50isAC	112
2555	4xV-ZY50isAC	1615
2556	4xV-ZY50isAC	1616
2557	4xV-ZY50isAC	1617
2558	4xV-ZY50isAC	1618
2559	4xV-ZY50isAC	1619
2560	4xV-ZY50isAC	1620
2561	4xV-ZY50isAC	1621
2562	4xV-ZY50isAC	58
2563	YpyMCwAAQBAJ	1155
2564	YpyMCwAAQBAJ	1417
2565	YpyMCwAAQBAJ	906
2566	YpyMCwAAQBAJ	36
2567	YpyMCwAAQBAJ	58
2568	YpyMCwAAQBAJ	1095
2569	YpyMCwAAQBAJ	1481
2570	YpyMCwAAQBAJ	1101
2571	YpyMCwAAQBAJ	1107
2572	YpyMCwAAQBAJ	1108
2573	YpyMCwAAQBAJ	1622
2574	YpyMCwAAQBAJ	1623
2575	YpyMCwAAQBAJ	1624
2576	YpyMCwAAQBAJ	1625
2577	YpyMCwAAQBAJ	1626
2578	YpyMCwAAQBAJ	1627
2579	YpyMCwAAQBAJ	1628
2580	YpyMCwAAQBAJ	1629
2581	YpyMCwAAQBAJ	1630
2582	YpyMCwAAQBAJ	1631
2583	YpyMCwAAQBAJ	608
2584	YpyMCwAAQBAJ	1632
2585	YpyMCwAAQBAJ	1633
2586	YpyMCwAAQBAJ	1634
2587	YpyMCwAAQBAJ	1635
2588	YpyMCwAAQBAJ	1131
2589	YpyMCwAAQBAJ	238
2590	1K_CDwAAQBAJ	10
2591	1K_CDwAAQBAJ	778
2592	1K_CDwAAQBAJ	269
2593	1K_CDwAAQBAJ	1428
2594	1K_CDwAAQBAJ	294
2595	1K_CDwAAQBAJ	1459
2596	1K_CDwAAQBAJ	1460
2597	1K_CDwAAQBAJ	58
2598	1K_CDwAAQBAJ	1101
2599	1K_CDwAAQBAJ	1102
2600	1K_CDwAAQBAJ	1613
2601	1K_CDwAAQBAJ	593
2602	1K_CDwAAQBAJ	1107
2603	1K_CDwAAQBAJ	860
2604	1K_CDwAAQBAJ	605
2605	1K_CDwAAQBAJ	608
2606	1K_CDwAAQBAJ	1636
2607	1K_CDwAAQBAJ	1637
2608	1K_CDwAAQBAJ	1638
2609	1K_CDwAAQBAJ	1639
2610	1K_CDwAAQBAJ	1640
2611	1K_CDwAAQBAJ	1641
2612	1K_CDwAAQBAJ	1642
2613	1K_CDwAAQBAJ	1128
2614	1K_CDwAAQBAJ	1643
2615	1K_CDwAAQBAJ	1644
2616	1K_CDwAAQBAJ	238
2617	1K_CDwAAQBAJ	1645
2618	1K_CDwAAQBAJ	1646
2619	1K_CDwAAQBAJ	1647
2620	1K_CDwAAQBAJ	1648
2621	1K_CDwAAQBAJ	120
2622	1K_CDwAAQBAJ	764
2623	GoI7PgAACAAJ	1664
2624	GoI7PgAACAAJ	1665
2625	GoI7PgAACAAJ	1666
2626	GoI7PgAACAAJ	140
2627	GoI7PgAACAAJ	148
2628	GoI7PgAACAAJ	21
2629	GoI7PgAACAAJ	149
2630	GoI7PgAACAAJ	1658
2631	GoI7PgAACAAJ	152
2632	GoI7PgAACAAJ	161
2633	GoI7PgAACAAJ	1662
2634	GoI7PgAACAAJ	174
2635	GoI7PgAACAAJ	182
2636	GoI7PgAACAAJ	191
2637	GoI7PgAACAAJ	1485
2638	GoI7PgAACAAJ	211
2639	GoI7PgAACAAJ	474
2640	GoI7PgAACAAJ	487
2641	GoI7PgAACAAJ	234
2642	GoI7PgAACAAJ	112
2643	GoI7PgAACAAJ	1649
2644	GoI7PgAACAAJ	1650
2645	GoI7PgAACAAJ	1651
2646	GoI7PgAACAAJ	1652
2647	GoI7PgAACAAJ	1653
2648	GoI7PgAACAAJ	1654
2649	GoI7PgAACAAJ	1655
2650	GoI7PgAACAAJ	1656
2651	GoI7PgAACAAJ	1657
2652	GoI7PgAACAAJ	506
2653	GoI7PgAACAAJ	1659
2654	GoI7PgAACAAJ	1660
2655	GoI7PgAACAAJ	1661
2656	GoI7PgAACAAJ	510
2657	GoI7PgAACAAJ	1663
2658	1IleAgAAQBAJ	1667
2659	1IleAgAAQBAJ	1668
2660	1IleAgAAQBAJ	1669
2661	1IleAgAAQBAJ	1670
2662	1IleAgAAQBAJ	1671
2663	1IleAgAAQBAJ	1672
2664	1IleAgAAQBAJ	9
2665	1IleAgAAQBAJ	1673
2666	1IleAgAAQBAJ	1674
2667	1IleAgAAQBAJ	1675
2668	1IleAgAAQBAJ	1676
2669	1IleAgAAQBAJ	269
2670	1IleAgAAQBAJ	1677
2671	1IleAgAAQBAJ	1678
2672	1IleAgAAQBAJ	1679
2673	1IleAgAAQBAJ	1680
2674	1IleAgAAQBAJ	1681
2675	1IleAgAAQBAJ	1682
2676	1IleAgAAQBAJ	1683
2677	1IleAgAAQBAJ	1684
2678	1IleAgAAQBAJ	1685
2679	1IleAgAAQBAJ	1686
2680	1IleAgAAQBAJ	1687
2681	1IleAgAAQBAJ	154
2682	1IleAgAAQBAJ	1688
2683	1IleAgAAQBAJ	1689
2684	1IleAgAAQBAJ	547
2685	1IleAgAAQBAJ	294
2686	1IleAgAAQBAJ	308
2687	1IleAgAAQBAJ	182
2688	1IleAgAAQBAJ	58
2689	1IleAgAAQBAJ	64
2690	1IleAgAAQBAJ	329
2691	1IleAgAAQBAJ	202
2692	1IleAgAAQBAJ	349
2693	1IleAgAAQBAJ	1418
2694	1IleAgAAQBAJ	1636
2695	1IleAgAAQBAJ	1276
2696	TabJuwEACAAJ	1690
2697	FCTYDwAAQBAJ	1696
2698	FCTYDwAAQBAJ	1697
2699	FCTYDwAAQBAJ	1698
2700	FCTYDwAAQBAJ	323
2701	FCTYDwAAQBAJ	1699
2702	FCTYDwAAQBAJ	70
2703	FCTYDwAAQBAJ	232
2704	FCTYDwAAQBAJ	174
2705	FCTYDwAAQBAJ	599
2706	FCTYDwAAQBAJ	58
2707	FCTYDwAAQBAJ	1691
2708	FCTYDwAAQBAJ	1692
2709	FCTYDwAAQBAJ	1693
2710	FCTYDwAAQBAJ	1694
2711	FCTYDwAAQBAJ	1695
2712	pWyLDQAAQBAJ	1157
2713	pWyLDQAAQBAJ	10
2714	pWyLDQAAQBAJ	21
2715	pWyLDQAAQBAJ	22
2716	pWyLDQAAQBAJ	284
2717	pWyLDQAAQBAJ	541
2718	pWyLDQAAQBAJ	542
2719	pWyLDQAAQBAJ	546
2720	pWyLDQAAQBAJ	35
2721	pWyLDQAAQBAJ	1700
2722	pWyLDQAAQBAJ	1701
2723	pWyLDQAAQBAJ	1702
2724	pWyLDQAAQBAJ	1703
2725	pWyLDQAAQBAJ	1704
2726	pWyLDQAAQBAJ	36
2727	pWyLDQAAQBAJ	170
2728	pWyLDQAAQBAJ	1705
2729	pWyLDQAAQBAJ	552
2730	pWyLDQAAQBAJ	1706
2731	pWyLDQAAQBAJ	1707
2732	pWyLDQAAQBAJ	1708
2733	pWyLDQAAQBAJ	48
2734	pWyLDQAAQBAJ	1709
2735	pWyLDQAAQBAJ	1710
2736	pWyLDQAAQBAJ	1711
2737	pWyLDQAAQBAJ	1712
2738	pWyLDQAAQBAJ	290
2739	pWyLDQAAQBAJ	1713
2740	pWyLDQAAQBAJ	1714
2741	pWyLDQAAQBAJ	52
2742	pWyLDQAAQBAJ	1715
2743	pWyLDQAAQBAJ	58
2744	pWyLDQAAQBAJ	1716
2745	pWyLDQAAQBAJ	1717
2746	pWyLDQAAQBAJ	1078
2747	pWyLDQAAQBAJ	1718
2748	pWyLDQAAQBAJ	195
2749	pWyLDQAAQBAJ	198
2750	pWyLDQAAQBAJ	294
2751	pWyLDQAAQBAJ	714
2752	pWyLDQAAQBAJ	337
2753	pWyLDQAAQBAJ	232
2754	pWyLDQAAQBAJ	238
2755	pWyLDQAAQBAJ	114
2756	pWyLDQAAQBAJ	120
2757	pWyLDQAAQBAJ	121
2758	iGO1EAAAQBAJ	642
2759	iGO1EAAAQBAJ	646
2760	iGO1EAAAQBAJ	519
2761	iGO1EAAAQBAJ	1554
2762	iGO1EAAAQBAJ	572
2763	iGO1EAAAQBAJ	22
2764	iGO1EAAAQBAJ	537
2765	iGO1EAAAQBAJ	290
2766	iGO1EAAAQBAJ	35
2767	iGO1EAAAQBAJ	36
2768	iGO1EAAAQBAJ	58
2769	iGO1EAAAQBAJ	1702
2770	iGO1EAAAQBAJ	41
2771	iGO1EAAAQBAJ	44
2772	iGO1EAAAQBAJ	1077
2773	iGO1EAAAQBAJ	1719
2774	iGO1EAAAQBAJ	1720
2775	iGO1EAAAQBAJ	1592
2776	iGO1EAAAQBAJ	1722
2777	iGO1EAAAQBAJ	1721
2778	iGO1EAAAQBAJ	442
2779	iGO1EAAAQBAJ	1723
2780	iGO1EAAAQBAJ	1726
2781	iGO1EAAAQBAJ	1724
2782	iGO1EAAAQBAJ	1725
2783	iGO1EAAAQBAJ	1727
2784	iGO1EAAAQBAJ	1728
2785	iGO1EAAAQBAJ	323
2786	iGO1EAAAQBAJ	1729
2787	iGO1EAAAQBAJ	1730
2788	iGO1EAAAQBAJ	1731
2789	iGO1EAAAQBAJ	1732
2790	iGO1EAAAQBAJ	1733
2791	iGO1EAAAQBAJ	1734
2792	iGO1EAAAQBAJ	1735
2793	iGO1EAAAQBAJ	1736
2794	iGO1EAAAQBAJ	1737
2795	iGO1EAAAQBAJ	1738
2796	iGO1EAAAQBAJ	1739
2797	iGO1EAAAQBAJ	1740
2798	iGO1EAAAQBAJ	1741
2799	iGO1EAAAQBAJ	337
2800	iGO1EAAAQBAJ	1742
2801	iGO1EAAAQBAJ	211
2802	iGO1EAAAQBAJ	1625
2803	iGO1EAAAQBAJ	730
2804	iGO1EAAAQBAJ	237
2805	iGO1EAAAQBAJ	1653
2806	iGO1EAAAQBAJ	120
2807	7mWHXbGlc6UC	646
2808	7mWHXbGlc6UC	10
2809	7mWHXbGlc6UC	275
2810	7mWHXbGlc6UC	21
2811	7mWHXbGlc6UC	23
2812	7mWHXbGlc6UC	24
2813	7mWHXbGlc6UC	537
2814	7mWHXbGlc6UC	35
2815	7mWHXbGlc6UC	36
2816	7mWHXbGlc6UC	293
2817	7mWHXbGlc6UC	38
2818	7mWHXbGlc6UC	41
2819	7mWHXbGlc6UC	52
2820	7mWHXbGlc6UC	58
2821	7mWHXbGlc6UC	191
2822	7mWHXbGlc6UC	194
2823	7mWHXbGlc6UC	195
2824	7mWHXbGlc6UC	323
2825	7mWHXbGlc6UC	334
2826	7mWHXbGlc6UC	1743
2827	7mWHXbGlc6UC	1744
2828	7mWHXbGlc6UC	1745
2829	7mWHXbGlc6UC	1746
2830	7mWHXbGlc6UC	1747
2831	7mWHXbGlc6UC	1748
2832	7mWHXbGlc6UC	1749
2833	7mWHXbGlc6UC	1750
2834	7mWHXbGlc6UC	1751
2835	7mWHXbGlc6UC	1752
2836	7mWHXbGlc6UC	1753
2837	7mWHXbGlc6UC	1754
2838	7mWHXbGlc6UC	1755
2839	7mWHXbGlc6UC	1756
2840	7mWHXbGlc6UC	1757
2841	7mWHXbGlc6UC	1758
2842	7mWHXbGlc6UC	1759
2843	7mWHXbGlc6UC	1760
2844	7mWHXbGlc6UC	1761
2845	7mWHXbGlc6UC	1762
2846	7mWHXbGlc6UC	1763
2847	7mWHXbGlc6UC	1764
2848	7mWHXbGlc6UC	1765
2849	7mWHXbGlc6UC	1766
2850	7mWHXbGlc6UC	1767
2851	7mWHXbGlc6UC	1768
2852	7mWHXbGlc6UC	1769
2853	7mWHXbGlc6UC	1770
2854	7mWHXbGlc6UC	1771
2855	7mWHXbGlc6UC	492
2856	7mWHXbGlc6UC	1772
2857	7mWHXbGlc6UC	1773
2858	7mWHXbGlc6UC	1774
2859	7mWHXbGlc6UC	1775
2860	7mWHXbGlc6UC	755
2861	7mWHXbGlc6UC	247
2862	7mWHXbGlc6UC	249
2863	7mWHXbGlc6UC	507
2864	7mWHXbGlc6UC	254
2865	m5Uo4aEvsU4C	1792
2866	m5Uo4aEvsU4C	906
2867	m5Uo4aEvsU4C	1784
2868	m5Uo4aEvsU4C	21
2869	m5Uo4aEvsU4C	1785
2870	m5Uo4aEvsU4C	1786
2871	m5Uo4aEvsU4C	1789
2872	m5Uo4aEvsU4C	58
2873	m5Uo4aEvsU4C	66
2874	m5Uo4aEvsU4C	70
2875	m5Uo4aEvsU4C	1101
2876	m5Uo4aEvsU4C	211
2877	m5Uo4aEvsU4C	868
2878	m5Uo4aEvsU4C	103
2879	m5Uo4aEvsU4C	872
2880	m5Uo4aEvsU4C	873
2881	m5Uo4aEvsU4C	1386
2882	m5Uo4aEvsU4C	238
2883	m5Uo4aEvsU4C	1776
2884	m5Uo4aEvsU4C	1777
2885	m5Uo4aEvsU4C	1778
2886	m5Uo4aEvsU4C	1779
2887	m5Uo4aEvsU4C	1780
2888	m5Uo4aEvsU4C	1781
2889	m5Uo4aEvsU4C	886
2890	m5Uo4aEvsU4C	1783
2891	m5Uo4aEvsU4C	1782
2892	m5Uo4aEvsU4C	121
2893	m5Uo4aEvsU4C	884
2894	m5Uo4aEvsU4C	1787
2895	m5Uo4aEvsU4C	1788
2896	m5Uo4aEvsU4C	893
2897	m5Uo4aEvsU4C	1790
2898	m5Uo4aEvsU4C	1791
2899	iJx8EAAAQBAJ	1793
2900	iJx8EAAAQBAJ	1794
2901	iJx8EAAAQBAJ	1795
2902	8NBHEQAAQBAJ	1793
2903	8NBHEQAAQBAJ	1794
2904	8NBHEQAAQBAJ	1795
2905	DxC2zgEACAAJ	58
2906	DxC2zgEACAAJ	1796
2907	DxC2zgEACAAJ	1797
2908	DxC2zgEACAAJ	1798
2909	DxC2zgEACAAJ	1799
2910	DxC2zgEACAAJ	1800
2911	DxC2zgEACAAJ	107
2912	DxC2zgEACAAJ	474
2913	DxC2zgEACAAJ	1086
2914	hIs8Sb2SLukC	515
2915	hIs8Sb2SLukC	136
2916	hIs8Sb2SLukC	1801
2917	hIs8Sb2SLukC	1802
2918	hIs8Sb2SLukC	1803
2919	hIs8Sb2SLukC	1804
2920	hIs8Sb2SLukC	1805
2921	hIs8Sb2SLukC	1806
2922	hIs8Sb2SLukC	1807
2923	hIs8Sb2SLukC	1808
2924	hIs8Sb2SLukC	1809
2925	hIs8Sb2SLukC	1810
2926	hIs8Sb2SLukC	1811
2927	hIs8Sb2SLukC	1812
2928	hIs8Sb2SLukC	1813
2929	hIs8Sb2SLukC	1814
2930	hIs8Sb2SLukC	1815
2931	hIs8Sb2SLukC	1816
2932	hIs8Sb2SLukC	1817
2933	hIs8Sb2SLukC	1818
2934	hIs8Sb2SLukC	1819
2935	hIs8Sb2SLukC	1820
2936	hIs8Sb2SLukC	1821
2937	hIs8Sb2SLukC	542
2938	hIs8Sb2SLukC	1822
2939	hIs8Sb2SLukC	1823
2940	hIs8Sb2SLukC	1824
2941	hIs8Sb2SLukC	1825
2942	hIs8Sb2SLukC	35
2943	hIs8Sb2SLukC	1826
2944	hIs8Sb2SLukC	1827
2945	hIs8Sb2SLukC	1828
2946	hIs8Sb2SLukC	1829
2947	hIs8Sb2SLukC	1830
2948	hIs8Sb2SLukC	1831
2949	hIs8Sb2SLukC	294
2950	hIs8Sb2SLukC	1832
2951	hIs8Sb2SLukC	1833
2952	hIs8Sb2SLukC	552
2953	hIs8Sb2SLukC	34
2954	hIs8Sb2SLukC	1834
2955	hIs8Sb2SLukC	1835
2956	hIs8Sb2SLukC	689
2957	hIs8Sb2SLukC	1713
2958	hIs8Sb2SLukC	1836
2959	hIs8Sb2SLukC	52
2960	hIs8Sb2SLukC	308
2961	hIs8Sb2SLukC	1837
2962	hIs8Sb2SLukC	1838
2963	hIs8Sb2SLukC	1839
2964	hIs8Sb2SLukC	1840
2965	hIs8Sb2SLukC	58
2966	hIs8Sb2SLukC	197
2967	hIs8Sb2SLukC	326
2968	hIs8Sb2SLukC	70
2969	hIs8Sb2SLukC	269
2970	hIs8Sb2SLukC	8
2971	hIs8Sb2SLukC	849
2972	hIs8Sb2SLukC	211
2973	hIs8Sb2SLukC	541
2974	hIs8Sb2SLukC	993
2975	hIs8Sb2SLukC	1000
2976	hIs8Sb2SLukC	22
2977	hIs8Sb2SLukC	112
2978	hIs8Sb2SLukC	1137
2979	hIs8Sb2SLukC	755
2980	hIs8Sb2SLukC	120
2981	nAzVtjpDkjEC	512
2982	nAzVtjpDkjEC	6
2983	nAzVtjpDkjEC	8
2984	nAzVtjpDkjEC	9
2985	nAzVtjpDkjEC	11
2986	nAzVtjpDkjEC	1551
2987	nAzVtjpDkjEC	23
2988	nAzVtjpDkjEC	27
2989	nAzVtjpDkjEC	541
2990	nAzVtjpDkjEC	34
2991	nAzVtjpDkjEC	35
2992	nAzVtjpDkjEC	36
2993	nAzVtjpDkjEC	38
2994	nAzVtjpDkjEC	41
2995	nAzVtjpDkjEC	48
2996	nAzVtjpDkjEC	52
2997	nAzVtjpDkjEC	1592
2998	nAzVtjpDkjEC	58
2999	nAzVtjpDkjEC	61
3000	nAzVtjpDkjEC	73
3001	nAzVtjpDkjEC	75
3002	nAzVtjpDkjEC	618
3003	nAzVtjpDkjEC	620
3004	nAzVtjpDkjEC	112
3005	nAzVtjpDkjEC	626
3006	nAzVtjpDkjEC	129
3007	nAzVtjpDkjEC	334
3008	nAzVtjpDkjEC	146
3009	nAzVtjpDkjEC	147
3010	nAzVtjpDkjEC	149
3011	nAzVtjpDkjEC	152
3012	nAzVtjpDkjEC	173
3013	nAzVtjpDkjEC	1711
3014	nAzVtjpDkjEC	181
3015	nAzVtjpDkjEC	191
3016	nAzVtjpDkjEC	195
3017	nAzVtjpDkjEC	709
3018	nAzVtjpDkjEC	197
3019	nAzVtjpDkjEC	711
3020	nAzVtjpDkjEC	204
3021	nAzVtjpDkjEC	719
3022	nAzVtjpDkjEC	208
3023	nAzVtjpDkjEC	720
3024	nAzVtjpDkjEC	1745
3025	nAzVtjpDkjEC	211
3026	nAzVtjpDkjEC	213
3027	nAzVtjpDkjEC	218
3028	nAzVtjpDkjEC	224
3029	nAzVtjpDkjEC	350
3030	nAzVtjpDkjEC	229
3031	nAzVtjpDkjEC	232
3032	nAzVtjpDkjEC	238
3033	nAzVtjpDkjEC	764
3034	nAzVtjpDkjEC	269
3035	nAzVtjpDkjEC	273
3036	nAzVtjpDkjEC	790
3037	nAzVtjpDkjEC	285
3038	nAzVtjpDkjEC	798
3039	nAzVtjpDkjEC	294
3040	nAzVtjpDkjEC	1841
3041	nAzVtjpDkjEC	1842
3042	nAzVtjpDkjEC	1843
3043	nAzVtjpDkjEC	1844
3044	nAzVtjpDkjEC	1845
3045	nAzVtjpDkjEC	1846
3046	nAzVtjpDkjEC	1847
3047	nAzVtjpDkjEC	1848
3048	nAzVtjpDkjEC	1849
3049	nAzVtjpDkjEC	1850
3050	nAzVtjpDkjEC	1851
3051	nAzVtjpDkjEC	1852
3052	nAzVtjpDkjEC	1853
3053	nAzVtjpDkjEC	1854
3054	nAzVtjpDkjEC	1855
3055	nAzVtjpDkjEC	1856
3056	nAzVtjpDkjEC	1857
3057	nAzVtjpDkjEC	1858
3058	nAzVtjpDkjEC	1859
3059	nAzVtjpDkjEC	1860
3060	nAzVtjpDkjEC	1861
3061	nAzVtjpDkjEC	1862
3062	nAzVtjpDkjEC	1863
3063	nAzVtjpDkjEC	1864
3064	nAzVtjpDkjEC	1865
3065	nAzVtjpDkjEC	1866
3066	nAzVtjpDkjEC	1867
3067	nAzVtjpDkjEC	1868
3068	nAzVtjpDkjEC	1869
3069	nAzVtjpDkjEC	1870
3070	nAzVtjpDkjEC	1871
3071	nAzVtjpDkjEC	1872
3072	nAzVtjpDkjEC	1873
3073	nAzVtjpDkjEC	1874
3074	nAzVtjpDkjEC	1875
3075	nAzVtjpDkjEC	1876
3076	nAzVtjpDkjEC	1877
3077	nAzVtjpDkjEC	1878
3078	nAzVtjpDkjEC	1879
3079	nAzVtjpDkjEC	1880
3080	nAzVtjpDkjEC	1881
3081	nAzVtjpDkjEC	1882
3082	nAzVtjpDkjEC	1883
3083	nAzVtjpDkjEC	1884
3084	nAzVtjpDkjEC	1885
3085	nAzVtjpDkjEC	1886
3086	nAzVtjpDkjEC	1887
3087	nAzVtjpDkjEC	1888
3088	nAzVtjpDkjEC	1889
3089	nAzVtjpDkjEC	1890
3090	nAzVtjpDkjEC	1891
3091	nAzVtjpDkjEC	1892
3092	nAzVtjpDkjEC	1893
3093	nAzVtjpDkjEC	1894
3094	nAzVtjpDkjEC	1895
3095	nAzVtjpDkjEC	1896
3096	nAzVtjpDkjEC	1897
3097	nAzVtjpDkjEC	1898
3098	nAzVtjpDkjEC	1899
3099	nAzVtjpDkjEC	1900
3100	nAzVtjpDkjEC	1901
3101	nAzVtjpDkjEC	1902
3102	nAzVtjpDkjEC	1903
3103	nAzVtjpDkjEC	1904
3104	nAzVtjpDkjEC	1905
3105	nAzVtjpDkjEC	1906
3106	nAzVtjpDkjEC	1907
3107	nAzVtjpDkjEC	384
3108	nAzVtjpDkjEC	415
3109	nAzVtjpDkjEC	422
3110	nAzVtjpDkjEC	448
3111	nAzVtjpDkjEC	449
3112	nAzVtjpDkjEC	451
3113	nAzVtjpDkjEC	452
3114	nAzVtjpDkjEC	455
3115	nAzVtjpDkjEC	459
3116	nAzVtjpDkjEC	465
3117	nAzVtjpDkjEC	979
3118	nAzVtjpDkjEC	496
3119	nAzVtjpDkjEC	502
3120	nAzVtjpDkjEC	503
3121	nAzVtjpDkjEC	505
3122	nAzVtjpDkjEC	1534
3123	bgpJn-Oq22MC	1408
3124	bgpJn-Oq22MC	1920
3125	bgpJn-Oq22MC	1921
3126	bgpJn-Oq22MC	1922
3127	bgpJn-Oq22MC	1923
3128	bgpJn-Oq22MC	1924
3129	bgpJn-Oq22MC	1925
3130	bgpJn-Oq22MC	1926
3131	bgpJn-Oq22MC	1927
3132	bgpJn-Oq22MC	1928
3133	bgpJn-Oq22MC	1929
3134	bgpJn-Oq22MC	1930
3135	bgpJn-Oq22MC	1931
3136	bgpJn-Oq22MC	1932
3137	bgpJn-Oq22MC	1933
3138	bgpJn-Oq22MC	1934
3139	bgpJn-Oq22MC	13
3140	bgpJn-Oq22MC	1425
3141	bgpJn-Oq22MC	1554
3142	bgpJn-Oq22MC	1935
3143	bgpJn-Oq22MC	1936
3144	bgpJn-Oq22MC	21
3145	bgpJn-Oq22MC	22
3146	bgpJn-Oq22MC	1937
3147	bgpJn-Oq22MC	1938
3148	bgpJn-Oq22MC	1939
3149	bgpJn-Oq22MC	1940
3150	bgpJn-Oq22MC	1941
3151	bgpJn-Oq22MC	1942
3152	bgpJn-Oq22MC	1943
3153	bgpJn-Oq22MC	1944
3154	bgpJn-Oq22MC	159
3155	bgpJn-Oq22MC	1945
3156	bgpJn-Oq22MC	1946
3157	bgpJn-Oq22MC	1947
3158	bgpJn-Oq22MC	35
3159	bgpJn-Oq22MC	41
3160	bgpJn-Oq22MC	1719
3161	bgpJn-Oq22MC	442
3162	bgpJn-Oq22MC	58
3163	bgpJn-Oq22MC	61
3164	bgpJn-Oq22MC	318
3165	bgpJn-Oq22MC	706
3166	bgpJn-Oq22MC	323
3167	bgpJn-Oq22MC	1737
3168	bgpJn-Oq22MC	1484
3169	bgpJn-Oq22MC	1489
3170	bgpJn-Oq22MC	120
3171	bgpJn-Oq22MC	1630
3172	bgpJn-Oq22MC	121
3173	bgpJn-Oq22MC	232
3174	bgpJn-Oq22MC	1908
3175	bgpJn-Oq22MC	1909
3176	bgpJn-Oq22MC	1910
3177	bgpJn-Oq22MC	1911
3178	bgpJn-Oq22MC	1912
3179	bgpJn-Oq22MC	1913
3180	bgpJn-Oq22MC	1914
3181	bgpJn-Oq22MC	1915
3182	bgpJn-Oq22MC	1916
3183	bgpJn-Oq22MC	1917
3184	bgpJn-Oq22MC	1918
3185	bgpJn-Oq22MC	1919
3186	u-QdEAAAQBAJ	513
3187	u-QdEAAAQBAJ	9
3188	u-QdEAAAQBAJ	778
3189	u-QdEAAAQBAJ	17
3190	u-QdEAAAQBAJ	1554
3191	u-QdEAAAQBAJ	23
3192	u-QdEAAAQBAJ	1948
3193	u-QdEAAAQBAJ	1949
3194	u-QdEAAAQBAJ	1950
3195	u-QdEAAAQBAJ	1951
3196	u-QdEAAAQBAJ	1952
3197	u-QdEAAAQBAJ	1953
3198	u-QdEAAAQBAJ	34
3199	u-QdEAAAQBAJ	1954
3200	u-QdEAAAQBAJ	1955
3201	u-QdEAAAQBAJ	1956
3202	u-QdEAAAQBAJ	1957
3203	u-QdEAAAQBAJ	36
3204	u-QdEAAAQBAJ	1958
3205	u-QdEAAAQBAJ	1959
3206	u-QdEAAAQBAJ	1960
3207	u-QdEAAAQBAJ	35
3208	u-QdEAAAQBAJ	1452
3209	u-QdEAAAQBAJ	1325
3210	u-QdEAAAQBAJ	669
3211	u-QdEAAAQBAJ	1961
3212	u-QdEAAAQBAJ	1962
3213	u-QdEAAAQBAJ	1963
3214	u-QdEAAAQBAJ	1964
3215	u-QdEAAAQBAJ	1965
3216	u-QdEAAAQBAJ	1966
3217	u-QdEAAAQBAJ	1967
3218	u-QdEAAAQBAJ	1968
3219	u-QdEAAAQBAJ	1969
3220	u-QdEAAAQBAJ	1592
3221	u-QdEAAAQBAJ	1970
3222	u-QdEAAAQBAJ	442
3223	u-QdEAAAQBAJ	58
3224	u-QdEAAAQBAJ	1971
3225	u-QdEAAAQBAJ	61
3226	u-QdEAAAQBAJ	1973
3227	u-QdEAAAQBAJ	1974
3228	u-QdEAAAQBAJ	1975
3229	u-QdEAAAQBAJ	1976
3230	u-QdEAAAQBAJ	1972
3231	u-QdEAAAQBAJ	323
3232	u-QdEAAAQBAJ	68
3233	u-QdEAAAQBAJ	38
3234	u-QdEAAAQBAJ	73
3235	u-QdEAAAQBAJ	74
3236	u-QdEAAAQBAJ	1481
3237	u-QdEAAAQBAJ	204
3238	u-QdEAAAQBAJ	338
3239	u-QdEAAAQBAJ	211
3240	u-QdEAAAQBAJ	1108
3241	u-QdEAAAQBAJ	1107
3242	u-QdEAAAQBAJ	602
3243	u-QdEAAAQBAJ	1977
3244	u-QdEAAAQBAJ	350
3245	u-QdEAAAQBAJ	1978
3246	u-QdEAAAQBAJ	229
3247	u-QdEAAAQBAJ	1979
3248	u-QdEAAAQBAJ	232
3249	u-QdEAAAQBAJ	366
3250	u-QdEAAAQBAJ	494
3251	u-QdEAAAQBAJ	240
3252	u-QdEAAAQBAJ	243
3253	u-QdEAAAQBAJ	508
3254	u-QdEAAAQBAJ	893
3255	2c2LCwAAQBAJ	770
3256	2c2LCwAAQBAJ	644
3257	2c2LCwAAQBAJ	774
3258	2c2LCwAAQBAJ	520
3259	2c2LCwAAQBAJ	266
3260	2c2LCwAAQBAJ	269
3261	2c2LCwAAQBAJ	1168
3262	2c2LCwAAQBAJ	274
3263	2c2LCwAAQBAJ	916
3264	2c2LCwAAQBAJ	280
3265	2c2LCwAAQBAJ	1180
3266	2c2LCwAAQBAJ	415
3267	2c2LCwAAQBAJ	289
3268	2c2LCwAAQBAJ	34
3269	2c2LCwAAQBAJ	36
3270	2c2LCwAAQBAJ	294
3271	2c2LCwAAQBAJ	558
3272	2c2LCwAAQBAJ	1970
3273	2c2LCwAAQBAJ	58
3274	2c2LCwAAQBAJ	1980
3275	2c2LCwAAQBAJ	1981
3276	2c2LCwAAQBAJ	1982
3277	2c2LCwAAQBAJ	1983
3278	2c2LCwAAQBAJ	1984
3279	2c2LCwAAQBAJ	1985
3280	2c2LCwAAQBAJ	450
3281	2c2LCwAAQBAJ	1986
3282	2c2LCwAAQBAJ	1987
3283	2c2LCwAAQBAJ	1988
3284	2c2LCwAAQBAJ	1989
3285	2c2LCwAAQBAJ	1990
3286	2c2LCwAAQBAJ	1991
3287	2c2LCwAAQBAJ	1992
3288	2c2LCwAAQBAJ	1993
3289	2c2LCwAAQBAJ	1994
3290	2c2LCwAAQBAJ	1995
3291	2c2LCwAAQBAJ	1996
3292	2c2LCwAAQBAJ	1230
3293	2c2LCwAAQBAJ	1997
3294	2c2LCwAAQBAJ	1998
3295	2c2LCwAAQBAJ	1999
3296	2c2LCwAAQBAJ	2000
3297	2c2LCwAAQBAJ	2001
3298	2c2LCwAAQBAJ	2002
3299	2c2LCwAAQBAJ	469
3300	2c2LCwAAQBAJ	342
3301	2c2LCwAAQBAJ	2003
3302	2c2LCwAAQBAJ	2004
3303	2c2LCwAAQBAJ	2005
3304	2c2LCwAAQBAJ	218
3305	2c2LCwAAQBAJ	2006
3306	2c2LCwAAQBAJ	348
3307	2c2LCwAAQBAJ	2007
3308	2c2LCwAAQBAJ	2008
3309	2c2LCwAAQBAJ	2009
3310	2c2LCwAAQBAJ	101
3311	2c2LCwAAQBAJ	488
3312	2c2LCwAAQBAJ	360
3313	2c2LCwAAQBAJ	618
3314	2c2LCwAAQBAJ	620
3315	2c2LCwAAQBAJ	749
3316	2c2LCwAAQBAJ	238
3317	2c2LCwAAQBAJ	242
3318	2c2LCwAAQBAJ	372
3319	2c2LCwAAQBAJ	500
3320	2c2LCwAAQBAJ	246
3321	2c2LCwAAQBAJ	1141
3322	2c2LCwAAQBAJ	378
3323	2c2LCwAAQBAJ	253
3324	-Ff2DwAAQBAJ	1794
3325	-Ff2DwAAQBAJ	1155
3326	-Ff2DwAAQBAJ	35
3327	-Ff2DwAAQBAJ	1190
3328	-Ff2DwAAQBAJ	58
3329	-Ff2DwAAQBAJ	66
3330	-Ff2DwAAQBAJ	70
3331	-Ff2DwAAQBAJ	1101
3332	-Ff2DwAAQBAJ	2010
3333	-Ff2DwAAQBAJ	2011
3334	-Ff2DwAAQBAJ	2012
3335	-Ff2DwAAQBAJ	2013
3336	-Ff2DwAAQBAJ	2014
3337	-Ff2DwAAQBAJ	2015
3338	-Ff2DwAAQBAJ	2016
3339	-Ff2DwAAQBAJ	2017
3340	-Ff2DwAAQBAJ	2018
3341	-Ff2DwAAQBAJ	2019
3342	-Ff2DwAAQBAJ	2020
3343	-Ff2DwAAQBAJ	2021
3344	-Ff2DwAAQBAJ	2022
3345	-Ff2DwAAQBAJ	871
3346	-Ff2DwAAQBAJ	755
3347	-Ff2DwAAQBAJ	1528
3348	-Ff2DwAAQBAJ	1149
3349	jo9AEAAAQBAJ	35
3350	jo9AEAAAQBAJ	174
3351	jo9AEAAAQBAJ	58
3352	jo9AEAAAQBAJ	70
3353	jo9AEAAAQBAJ	462
3354	jo9AEAAAQBAJ	2023
3355	jo9AEAAAQBAJ	2024
3356	jo9AEAAAQBAJ	2025
3357	jo9AEAAAQBAJ	2026
3358	jo9AEAAAQBAJ	2027
3359	jo9AEAAAQBAJ	2028
3360	jo9AEAAAQBAJ	2029
3361	jo9AEAAAQBAJ	2030
3362	jo9AEAAAQBAJ	2031
3363	jo9AEAAAQBAJ	2032
3364	jo9AEAAAQBAJ	2033
3365	jo9AEAAAQBAJ	2034
3366	jo9AEAAAQBAJ	2035
3367	jo9AEAAAQBAJ	2036
3368	jo9AEAAAQBAJ	2037
3369	jo9AEAAAQBAJ	2038
3370	jo9AEAAAQBAJ	2039
3371	jo9AEAAAQBAJ	2040
3372	jo9AEAAAQBAJ	2041
3373	7rnTEAAAQBAJ	2048
3374	7rnTEAAAQBAJ	2049
3375	7rnTEAAAQBAJ	2050
3376	7rnTEAAAQBAJ	2051
3377	7rnTEAAAQBAJ	2052
3378	7rnTEAAAQBAJ	2053
3379	7rnTEAAAQBAJ	2054
3380	7rnTEAAAQBAJ	2055
3381	7rnTEAAAQBAJ	2056
3382	7rnTEAAAQBAJ	2057
3383	7rnTEAAAQBAJ	2058
3384	7rnTEAAAQBAJ	2059
3385	7rnTEAAAQBAJ	2060
3386	7rnTEAAAQBAJ	9
3387	7rnTEAAAQBAJ	2061
3388	7rnTEAAAQBAJ	2062
3389	7rnTEAAAQBAJ	2063
3390	7rnTEAAAQBAJ	2064
3391	7rnTEAAAQBAJ	2065
3392	7rnTEAAAQBAJ	2066
3393	7rnTEAAAQBAJ	2067
3394	7rnTEAAAQBAJ	1557
3395	7rnTEAAAQBAJ	22
3396	7rnTEAAAQBAJ	2068
3397	7rnTEAAAQBAJ	2069
3398	7rnTEAAAQBAJ	2070
3399	7rnTEAAAQBAJ	2071
3400	7rnTEAAAQBAJ	1563
3401	7rnTEAAAQBAJ	2072
3402	7rnTEAAAQBAJ	2073
3403	7rnTEAAAQBAJ	414
3404	7rnTEAAAQBAJ	159
3405	7rnTEAAAQBAJ	1567
3406	7rnTEAAAQBAJ	35
3407	7rnTEAAAQBAJ	549
3408	7rnTEAAAQBAJ	38
3409	7rnTEAAAQBAJ	2043
3410	7rnTEAAAQBAJ	41
3411	7rnTEAAAQBAJ	170
3412	7rnTEAAAQBAJ	173
3413	7rnTEAAAQBAJ	174
3414	7rnTEAAAQBAJ	432
3415	7rnTEAAAQBAJ	442
3416	7rnTEAAAQBAJ	58
3417	7rnTEAAAQBAJ	1596
3418	7rnTEAAAQBAJ	61
3419	7rnTEAAAQBAJ	706
3420	7rnTEAAAQBAJ	323
3421	7rnTEAAAQBAJ	1093
3422	7rnTEAAAQBAJ	1481
3423	7rnTEAAAQBAJ	204
3424	7rnTEAAAQBAJ	334
3425	7rnTEAAAQBAJ	719
3426	7rnTEAAAQBAJ	1614
3427	7rnTEAAAQBAJ	593
3428	7rnTEAAAQBAJ	979
3429	7rnTEAAAQBAJ	1108
3430	7rnTEAAAQBAJ	1107
3431	7rnTEAAAQBAJ	475
3432	7rnTEAAAQBAJ	476
3433	7rnTEAAAQBAJ	605
3434	7rnTEAAAQBAJ	608
3435	7rnTEAAAQBAJ	101
3436	7rnTEAAAQBAJ	618
3437	7rnTEAAAQBAJ	620
3438	7rnTEAAAQBAJ	494
3439	7rnTEAAAQBAJ	112
3440	7rnTEAAAQBAJ	124
3441	7rnTEAAAQBAJ	626
3442	7rnTEAAAQBAJ	121
3443	7rnTEAAAQBAJ	2042
3444	7rnTEAAAQBAJ	379
3445	7rnTEAAAQBAJ	2044
3446	7rnTEAAAQBAJ	2045
3447	7rnTEAAAQBAJ	2046
3448	7rnTEAAAQBAJ	2047
3449	6P_jN6zUuMcC	1794
3450	6P_jN6zUuMcC	260
3451	6P_jN6zUuMcC	521
3452	6P_jN6zUuMcC	906
3453	6P_jN6zUuMcC	267
3454	6P_jN6zUuMcC	269
3455	6P_jN6zUuMcC	1554
3456	6P_jN6zUuMcC	148
3457	6P_jN6zUuMcC	21
3458	6P_jN6zUuMcC	277
3459	6P_jN6zUuMcC	2074
3460	6P_jN6zUuMcC	2075
3461	6P_jN6zUuMcC	2076
3462	6P_jN6zUuMcC	2077
3463	6P_jN6zUuMcC	2078
3464	6P_jN6zUuMcC	2079
3465	6P_jN6zUuMcC	2080
3466	6P_jN6zUuMcC	2081
3467	6P_jN6zUuMcC	2082
3468	6P_jN6zUuMcC	2083
3469	6P_jN6zUuMcC	2084
3470	6P_jN6zUuMcC	2085
3471	6P_jN6zUuMcC	294
3472	6P_jN6zUuMcC	2086
3473	6P_jN6zUuMcC	35
3474	6P_jN6zUuMcC	2087
3475	6P_jN6zUuMcC	2088
3476	6P_jN6zUuMcC	2089
3477	6P_jN6zUuMcC	2090
3478	6P_jN6zUuMcC	173
3479	6P_jN6zUuMcC	2091
3480	6P_jN6zUuMcC	2092
3481	6P_jN6zUuMcC	2093
3482	6P_jN6zUuMcC	2094
3483	6P_jN6zUuMcC	2095
3484	6P_jN6zUuMcC	308
3485	6P_jN6zUuMcC	1717
3486	6P_jN6zUuMcC	1464
3487	6P_jN6zUuMcC	58
3488	6P_jN6zUuMcC	61
3489	6P_jN6zUuMcC	1086
3490	6P_jN6zUuMcC	197
3491	6P_jN6zUuMcC	211
3492	6P_jN6zUuMcC	229
3493	6P_jN6zUuMcC	487
3494	6P_jN6zUuMcC	232
3495	6P_jN6zUuMcC	234
3496	6P_jN6zUuMcC	112
3497	6P_jN6zUuMcC	121
3498	6P_jN6zUuMcC	506
3499	6P_jN6zUuMcC	510
3500	pK0X5FyUs28C	2050
3501	pK0X5FyUs28C	521
3502	pK0X5FyUs28C	13
3503	pK0X5FyUs28C	35
3504	pK0X5FyUs28C	548
3505	pK0X5FyUs28C	551
3506	pK0X5FyUs28C	1584
3507	pK0X5FyUs28C	2096
3508	pK0X5FyUs28C	2097
3509	pK0X5FyUs28C	2098
3510	pK0X5FyUs28C	2099
3511	pK0X5FyUs28C	2100
3512	pK0X5FyUs28C	2101
3513	pK0X5FyUs28C	2102
3514	pK0X5FyUs28C	2103
3515	pK0X5FyUs28C	2104
3516	pK0X5FyUs28C	58
3517	pK0X5FyUs28C	2105
3518	pK0X5FyUs28C	2106
3519	pK0X5FyUs28C	2107
3520	pK0X5FyUs28C	2108
3521	pK0X5FyUs28C	61
3522	pK0X5FyUs28C	2109
3523	pK0X5FyUs28C	2110
3524	pK0X5FyUs28C	2111
3525	pK0X5FyUs28C	2112
3526	pK0X5FyUs28C	2113
3527	pK0X5FyUs28C	2114
3528	pK0X5FyUs28C	2115
3529	pK0X5FyUs28C	70
3530	pK0X5FyUs28C	2116
3531	pK0X5FyUs28C	2117
3532	pK0X5FyUs28C	1098
3533	pK0X5FyUs28C	2118
3534	pK0X5FyUs28C	2119
3535	pK0X5FyUs28C	2120
3536	pK0X5FyUs28C	2121
3537	pK0X5FyUs28C	2122
3538	pK0X5FyUs28C	2123
3539	pK0X5FyUs28C	2124
3540	pK0X5FyUs28C	2125
3541	pK0X5FyUs28C	2126
3542	pK0X5FyUs28C	2127
3543	pK0X5FyUs28C	2128
3544	pK0X5FyUs28C	1110
3545	pK0X5FyUs28C	2129
3546	pK0X5FyUs28C	2130
3547	pK0X5FyUs28C	2131
3548	pK0X5FyUs28C	2132
3549	pK0X5FyUs28C	2133
3550	pK0X5FyUs28C	2134
3551	pK0X5FyUs28C	2135
3552	pK0X5FyUs28C	1636
3553	pK0X5FyUs28C	1152
3554	pK0X5FyUs28C	1668
3555	pK0X5FyUs28C	1672
3556	pK0X5FyUs28C	148
3557	pK0X5FyUs28C	174
3558	pK0X5FyUs28C	191
3559	pK0X5FyUs28C	197
3560	pK0X5FyUs28C	1222
3561	pK0X5FyUs28C	716
3562	pK0X5FyUs28C	1230
3563	pK0X5FyUs28C	232
3564	pK0X5FyUs28C	234
3565	pK0X5FyUs28C	242
3566	pK0X5FyUs28C	266
3567	pK0X5FyUs28C	269
3568	pK0X5FyUs28C	284
3569	pK0X5FyUs28C	287
3570	pK0X5FyUs28C	294
3571	pK0X5FyUs28C	837
3572	pK0X5FyUs28C	1397
3573	pK0X5FyUs28C	1432
3574	pK0X5FyUs28C	487
3575	pK0X5FyUs28C	1016
3576	pK0X5FyUs28C	506
3577	pK0X5FyUs28C	510
3578	-QehYPAaLrAC	1155
3579	-QehYPAaLrAC	148
3580	-QehYPAaLrAC	546
3581	-QehYPAaLrAC	35
3582	-QehYPAaLrAC	48
3583	-QehYPAaLrAC	1078
3584	-QehYPAaLrAC	58
3585	-QehYPAaLrAC	321
3586	-QehYPAaLrAC	69
3587	-QehYPAaLrAC	70
3588	-QehYPAaLrAC	71
3589	-QehYPAaLrAC	714
3590	-QehYPAaLrAC	1102
3591	-QehYPAaLrAC	211
3592	-QehYPAaLrAC	84
3593	-QehYPAaLrAC	1108
3594	-QehYPAaLrAC	1107
3595	-QehYPAaLrAC	2136
3596	-QehYPAaLrAC	2137
3597	-QehYPAaLrAC	2138
3598	-QehYPAaLrAC	2139
3599	-QehYPAaLrAC	2140
3600	-QehYPAaLrAC	2141
3601	-QehYPAaLrAC	605
3602	-QehYPAaLrAC	2142
3603	-QehYPAaLrAC	608
3604	-QehYPAaLrAC	1632
3605	-QehYPAaLrAC	2143
3606	-QehYPAaLrAC	2144
3607	-QehYPAaLrAC	2145
3608	-QehYPAaLrAC	234
3609	-QehYPAaLrAC	120
3610	-QehYPAaLrAC	121
3611	-QehYPAaLrAC	1149
3612	3PabEAAAQBAJ	9
3613	3PabEAAAQBAJ	17
3614	3PabEAAAQBAJ	1554
3615	3PabEAAAQBAJ	22
3616	3PabEAAAQBAJ	537
3617	3PabEAAAQBAJ	35
3618	3PabEAAAQBAJ	36
3619	3PabEAAAQBAJ	41
3620	3PabEAAAQBAJ	58
3621	3PabEAAAQBAJ	2108
3622	3PabEAAAQBAJ	1625
3623	3PabEAAAQBAJ	1629
3624	3PabEAAAQBAJ	1632
3625	3PabEAAAQBAJ	2146
3626	3PabEAAAQBAJ	2147
3627	3PabEAAAQBAJ	2148
3628	3PabEAAAQBAJ	2149
3629	3PabEAAAQBAJ	2150
3630	3PabEAAAQBAJ	2151
3631	3PabEAAAQBAJ	2152
3632	3PabEAAAQBAJ	2153
3633	3PabEAAAQBAJ	2154
3634	3PabEAAAQBAJ	2155
3635	3PabEAAAQBAJ	2156
3636	3PabEAAAQBAJ	2157
3637	3PabEAAAQBAJ	2158
3638	3PabEAAAQBAJ	2159
3639	3PabEAAAQBAJ	2160
3640	3PabEAAAQBAJ	2161
3641	3PabEAAAQBAJ	2162
3642	3PabEAAAQBAJ	2163
3643	3PabEAAAQBAJ	2164
3644	3PabEAAAQBAJ	2165
3645	3PabEAAAQBAJ	2166
3646	3PabEAAAQBAJ	2167
3647	3PabEAAAQBAJ	2168
3648	3PabEAAAQBAJ	2169
3649	3PabEAAAQBAJ	2170
3650	3PabEAAAQBAJ	2171
3651	3PabEAAAQBAJ	120
3652	3PabEAAAQBAJ	2173
3653	3PabEAAAQBAJ	121
3654	3PabEAAAQBAJ	2172
3655	3PabEAAAQBAJ	2176
3656	3PabEAAAQBAJ	2177
3657	3PabEAAAQBAJ	642
3658	3PabEAAAQBAJ	2178
3659	3PabEAAAQBAJ	2179
3660	3PabEAAAQBAJ	2180
3661	3PabEAAAQBAJ	2181
3662	3PabEAAAQBAJ	2182
3663	3PabEAAAQBAJ	2175
3664	3PabEAAAQBAJ	148
3665	3PabEAAAQBAJ	173
3666	3PabEAAAQBAJ	1720
3667	3PabEAAAQBAJ	2174
3668	3PabEAAAQBAJ	195
3669	3PabEAAAQBAJ	1737
3670	3PabEAAAQBAJ	204
3671	3PabEAAAQBAJ	211
3672	3PabEAAAQBAJ	232
3673	3PabEAAAQBAJ	234
3674	3PabEAAAQBAJ	755
3675	3PabEAAAQBAJ	290
3676	3PabEAAAQBAJ	814
3677	3PabEAAAQBAJ	323
3678	3PabEAAAQBAJ	1908
3679	3PabEAAAQBAJ	1909
3680	3PabEAAAQBAJ	890
3681	3PabEAAAQBAJ	1408
3682	3PabEAAAQBAJ	414
3683	3PabEAAAQBAJ	1439
3684	3PabEAAAQBAJ	442
3685	3PabEAAAQBAJ	1498
3686	3PabEAAAQBAJ	2013
3687	3PabEAAAQBAJ	487
3688	3PabEAAAQBAJ	1525
3689	3PabEAAAQBAJ	506
3690	LUtaAAAAMAAJ	2183
3691	LUtaAAAAMAAJ	2184
3692	LUtaAAAAMAAJ	2185
3693	LUtaAAAAMAAJ	2186
3694	LUtaAAAAMAAJ	266
3695	LUtaAAAAMAAJ	2187
3696	LUtaAAAAMAAJ	11
3697	LUtaAAAAMAAJ	2188
3698	LUtaAAAAMAAJ	265
3699	LUtaAAAAMAAJ	414
3700	LUtaAAAAMAAJ	547
3701	LUtaAAAAMAAJ	804
3702	LUtaAAAAMAAJ	35
3703	LUtaAAAAMAAJ	814
3704	LUtaAAAAMAAJ	1717
3705	LUtaAAAAMAAJ	1592
3706	LUtaAAAAMAAJ	58
3707	LUtaAAAAMAAJ	1986
3708	LUtaAAAAMAAJ	68
3709	LUtaAAAAMAAJ	836
3710	LUtaAAAAMAAJ	71
3711	LUtaAAAAMAAJ	843
3712	LUtaAAAAMAAJ	211
3713	LUtaAAAAMAAJ	1108
3714	LUtaAAAAMAAJ	1107
3715	LUtaAAAAMAAJ	2019
3716	LUtaAAAAMAAJ	101
3717	LUtaAAAAMAAJ	238
3718	LUtaAAAAMAAJ	242
3719	LUtaAAAAMAAJ	121
3720	LUtaAAAAMAAJ	636
3721	XirTbN3qo1MC	897
3722	XirTbN3qo1MC	515
3723	XirTbN3qo1MC	260
3724	XirTbN3qo1MC	267
3725	XirTbN3qo1MC	11
3726	XirTbN3qo1MC	2189
3727	XirTbN3qo1MC	2190
3728	XirTbN3qo1MC	2191
3729	XirTbN3qo1MC	2192
3730	XirTbN3qo1MC	2193
3731	XirTbN3qo1MC	2194
3732	XirTbN3qo1MC	2195
3733	XirTbN3qo1MC	2196
3734	XirTbN3qo1MC	277
3735	XirTbN3qo1MC	2197
3736	XirTbN3qo1MC	2198
3737	XirTbN3qo1MC	2199
3738	XirTbN3qo1MC	2200
3739	XirTbN3qo1MC	26
3740	XirTbN3qo1MC	2201
3741	XirTbN3qo1MC	2202
3742	XirTbN3qo1MC	2203
3743	XirTbN3qo1MC	286
3744	XirTbN3qo1MC	2204
3745	XirTbN3qo1MC	2205
3746	XirTbN3qo1MC	2206
3747	XirTbN3qo1MC	2207
3748	XirTbN3qo1MC	35
3749	XirTbN3qo1MC	2208
3750	XirTbN3qo1MC	2209
3751	XirTbN3qo1MC	2210
3752	XirTbN3qo1MC	2211
3753	XirTbN3qo1MC	668
3754	XirTbN3qo1MC	41
3755	XirTbN3qo1MC	2212
3756	XirTbN3qo1MC	163
3757	XirTbN3qo1MC	2213
3758	XirTbN3qo1MC	2214
3759	XirTbN3qo1MC	2215
3760	XirTbN3qo1MC	2216
3761	XirTbN3qo1MC	2217
3762	XirTbN3qo1MC	2218
3763	XirTbN3qo1MC	180
3764	XirTbN3qo1MC	58
3765	XirTbN3qo1MC	673
3766	XirTbN3qo1MC	191
3767	XirTbN3qo1MC	64
3768	XirTbN3qo1MC	194
3769	XirTbN3qo1MC	195
3770	XirTbN3qo1MC	1866
3771	XirTbN3qo1MC	204
3772	XirTbN3qo1MC	1745
3773	XirTbN3qo1MC	211
3774	XirTbN3qo1MC	468
3775	XirTbN3qo1MC	151
3776	XirTbN3qo1MC	935
3777	XirTbN3qo1MC	147
3778	XirTbN3qo1MC	752
3779	XirTbN3qo1MC	497
3780	XirTbN3qo1MC	120
3781	Nhe2yvx6hP8C	2219
3782	Nhe2yvx6hP8C	2220
3783	Nhe2yvx6hP8C	2221
3784	Nhe2yvx6hP8C	2222
3785	Nhe2yvx6hP8C	2223
3786	Nhe2yvx6hP8C	2224
3787	Nhe2yvx6hP8C	2225
3788	Nhe2yvx6hP8C	2226
3789	Nhe2yvx6hP8C	2227
3790	Nhe2yvx6hP8C	2228
3791	Nhe2yvx6hP8C	1331
3792	Nhe2yvx6hP8C	2229
3793	Nhe2yvx6hP8C	58
3794	Nhe2yvx6hP8C	61
3795	Nhe2yvx6hP8C	1346
3796	Nhe2yvx6hP8C	70
3797	Nhe2yvx6hP8C	1098
3798	Nhe2yvx6hP8C	473
3799	Nhe2yvx6hP8C	352
3800	Nhe2yvx6hP8C	232
3801	Nhe2yvx6hP8C	2028
3802	Nhe2yvx6hP8C	242
3803	U3afEAAAQBAJ	512
3804	U3afEAAAQBAJ	6
3805	U3afEAAAQBAJ	8
3806	U3afEAAAQBAJ	9
3807	U3afEAAAQBAJ	11
3808	U3afEAAAQBAJ	1551
3809	U3afEAAAQBAJ	23
3810	U3afEAAAQBAJ	27
3811	U3afEAAAQBAJ	541
3812	U3afEAAAQBAJ	34
3813	U3afEAAAQBAJ	35
3814	U3afEAAAQBAJ	36
3815	U3afEAAAQBAJ	38
3816	U3afEAAAQBAJ	41
3817	U3afEAAAQBAJ	48
3818	U3afEAAAQBAJ	52
3819	U3afEAAAQBAJ	1592
3820	U3afEAAAQBAJ	58
3821	U3afEAAAQBAJ	61
3822	U3afEAAAQBAJ	73
3823	U3afEAAAQBAJ	75
3824	U3afEAAAQBAJ	618
3825	U3afEAAAQBAJ	620
3826	U3afEAAAQBAJ	112
3827	U3afEAAAQBAJ	626
3828	U3afEAAAQBAJ	129
3829	U3afEAAAQBAJ	146
3830	U3afEAAAQBAJ	147
3831	U3afEAAAQBAJ	149
3832	U3afEAAAQBAJ	152
3833	U3afEAAAQBAJ	173
3834	U3afEAAAQBAJ	174
3835	U3afEAAAQBAJ	1711
3836	U3afEAAAQBAJ	181
3837	U3afEAAAQBAJ	191
3838	U3afEAAAQBAJ	195
3839	U3afEAAAQBAJ	709
3840	U3afEAAAQBAJ	197
3841	U3afEAAAQBAJ	711
3842	U3afEAAAQBAJ	204
3843	U3afEAAAQBAJ	719
3844	U3afEAAAQBAJ	208
3845	U3afEAAAQBAJ	1745
3846	U3afEAAAQBAJ	720
3847	U3afEAAAQBAJ	211
3848	U3afEAAAQBAJ	213
3849	U3afEAAAQBAJ	727
3850	U3afEAAAQBAJ	218
3851	U3afEAAAQBAJ	1876
3852	U3afEAAAQBAJ	224
3853	U3afEAAAQBAJ	229
3854	U3afEAAAQBAJ	232
3855	U3afEAAAQBAJ	238
3856	U3afEAAAQBAJ	764
3857	U3afEAAAQBAJ	269
3858	U3afEAAAQBAJ	273
3859	U3afEAAAQBAJ	790
3860	U3afEAAAQBAJ	1887
3861	U3afEAAAQBAJ	285
3862	U3afEAAAQBAJ	798
3863	U3afEAAAQBAJ	294
3864	U3afEAAAQBAJ	1841
3865	U3afEAAAQBAJ	1842
3866	U3afEAAAQBAJ	1843
3867	U3afEAAAQBAJ	1844
3868	U3afEAAAQBAJ	1845
3869	U3afEAAAQBAJ	1846
3870	U3afEAAAQBAJ	1847
3871	U3afEAAAQBAJ	1848
3872	U3afEAAAQBAJ	1849
3873	U3afEAAAQBAJ	1850
3874	U3afEAAAQBAJ	1851
3875	U3afEAAAQBAJ	1852
3876	U3afEAAAQBAJ	1853
3877	U3afEAAAQBAJ	1854
3878	U3afEAAAQBAJ	1855
3879	U3afEAAAQBAJ	1856
3880	U3afEAAAQBAJ	1857
3881	U3afEAAAQBAJ	1858
3882	U3afEAAAQBAJ	1859
3883	U3afEAAAQBAJ	1860
3884	U3afEAAAQBAJ	1861
3885	U3afEAAAQBAJ	1862
3886	U3afEAAAQBAJ	1863
3887	U3afEAAAQBAJ	1864
3888	U3afEAAAQBAJ	1865
3889	U3afEAAAQBAJ	1866
3890	U3afEAAAQBAJ	1867
3891	U3afEAAAQBAJ	1868
3892	U3afEAAAQBAJ	1869
3893	U3afEAAAQBAJ	334
3894	U3afEAAAQBAJ	1871
3895	U3afEAAAQBAJ	1872
3896	U3afEAAAQBAJ	1873
3897	U3afEAAAQBAJ	1874
3898	U3afEAAAQBAJ	1875
3899	U3afEAAAQBAJ	1870
3900	U3afEAAAQBAJ	1877
3901	U3afEAAAQBAJ	1878
3902	U3afEAAAQBAJ	1879
3903	U3afEAAAQBAJ	1880
3904	U3afEAAAQBAJ	1881
3905	U3afEAAAQBAJ	1882
3906	U3afEAAAQBAJ	1883
3907	U3afEAAAQBAJ	1884
3908	U3afEAAAQBAJ	1885
3909	U3afEAAAQBAJ	1886
3910	U3afEAAAQBAJ	350
3911	U3afEAAAQBAJ	1888
3912	U3afEAAAQBAJ	1889
3913	U3afEAAAQBAJ	1890
3914	U3afEAAAQBAJ	1891
3915	U3afEAAAQBAJ	1892
3916	U3afEAAAQBAJ	1893
3917	U3afEAAAQBAJ	1894
3918	U3afEAAAQBAJ	1895
3919	U3afEAAAQBAJ	1896
3920	U3afEAAAQBAJ	1897
3921	U3afEAAAQBAJ	1898
3922	U3afEAAAQBAJ	1899
3923	U3afEAAAQBAJ	1900
3924	U3afEAAAQBAJ	1901
3925	U3afEAAAQBAJ	1902
3926	U3afEAAAQBAJ	1903
3927	U3afEAAAQBAJ	1904
3928	U3afEAAAQBAJ	1905
3929	U3afEAAAQBAJ	1906
3930	U3afEAAAQBAJ	1907
3931	U3afEAAAQBAJ	384
3932	U3afEAAAQBAJ	415
3933	U3afEAAAQBAJ	422
3934	U3afEAAAQBAJ	448
3935	U3afEAAAQBAJ	449
3936	U3afEAAAQBAJ	451
3937	U3afEAAAQBAJ	452
3938	U3afEAAAQBAJ	455
3939	U3afEAAAQBAJ	459
3940	U3afEAAAQBAJ	465
3941	U3afEAAAQBAJ	979
3942	U3afEAAAQBAJ	496
3943	U3afEAAAQBAJ	502
3944	U3afEAAAQBAJ	503
3945	U3afEAAAQBAJ	505
3946	U3afEAAAQBAJ	1534
3947	7wdQa2hG16MC	1538
3948	7wdQa2hG16MC	2059
3949	7wdQa2hG16MC	21
3950	7wdQa2hG16MC	58
3951	7wdQa2hG16MC	574
3952	7wdQa2hG16MC	576
3953	7wdQa2hG16MC	68
3954	7wdQa2hG16MC	71
3955	7wdQa2hG16MC	73
3956	7wdQa2hG16MC	88
3957	7wdQa2hG16MC	1126
3958	7wdQa2hG16MC	108
3959	7wdQa2hG16MC	116
3960	7wdQa2hG16MC	123
3961	7wdQa2hG16MC	124
3962	7wdQa2hG16MC	136
3963	7wdQa2hG16MC	1170
3964	7wdQa2hG16MC	660
3965	7wdQa2hG16MC	148
3966	7wdQa2hG16MC	1188
3967	7wdQa2hG16MC	1192
3968	7wdQa2hG16MC	2230
3969	7wdQa2hG16MC	2231
3970	7wdQa2hG16MC	2232
3971	7wdQa2hG16MC	2233
3972	7wdQa2hG16MC	2234
3973	7wdQa2hG16MC	2235
3974	7wdQa2hG16MC	2236
3975	7wdQa2hG16MC	2237
3976	7wdQa2hG16MC	2238
3977	7wdQa2hG16MC	2239
3978	7wdQa2hG16MC	2240
3979	7wdQa2hG16MC	2241
3980	7wdQa2hG16MC	2242
3981	7wdQa2hG16MC	2243
3982	7wdQa2hG16MC	2244
3983	7wdQa2hG16MC	197
3984	7wdQa2hG16MC	2245
3985	7wdQa2hG16MC	2246
3986	7wdQa2hG16MC	2247
3987	7wdQa2hG16MC	2248
3988	7wdQa2hG16MC	2249
3989	7wdQa2hG16MC	2250
3990	7wdQa2hG16MC	2251
3991	7wdQa2hG16MC	2252
3992	7wdQa2hG16MC	2253
3993	7wdQa2hG16MC	2254
3994	7wdQa2hG16MC	2255
3995	7wdQa2hG16MC	2256
3996	7wdQa2hG16MC	2257
3997	7wdQa2hG16MC	211
3998	7wdQa2hG16MC	2258
3999	7wdQa2hG16MC	2259
4000	7wdQa2hG16MC	2260
4001	7wdQa2hG16MC	2261
4002	7wdQa2hG16MC	2262
4003	7wdQa2hG16MC	2263
4004	7wdQa2hG16MC	2264
4005	7wdQa2hG16MC	2265
4006	7wdQa2hG16MC	2266
4007	7wdQa2hG16MC	2267
4008	7wdQa2hG16MC	2268
4009	7wdQa2hG16MC	2269
4010	7wdQa2hG16MC	2270
4011	7wdQa2hG16MC	2271
4012	7wdQa2hG16MC	2272
4013	7wdQa2hG16MC	2273
4014	7wdQa2hG16MC	2274
4015	7wdQa2hG16MC	2275
4016	7wdQa2hG16MC	2276
4017	7wdQa2hG16MC	2277
4018	7wdQa2hG16MC	2278
4019	7wdQa2hG16MC	2279
4020	7wdQa2hG16MC	2280
4021	7wdQa2hG16MC	2281
4022	7wdQa2hG16MC	743
4023	7wdQa2hG16MC	2282
4024	7wdQa2hG16MC	2283
4025	7wdQa2hG16MC	2284
4026	7wdQa2hG16MC	234
4027	7wdQa2hG16MC	2285
4028	7wdQa2hG16MC	2286
4029	7wdQa2hG16MC	2287
4030	7wdQa2hG16MC	2288
4031	7wdQa2hG16MC	2289
4032	7wdQa2hG16MC	246
4033	7wdQa2hG16MC	2290
4034	7wdQa2hG16MC	253
4035	7wdQa2hG16MC	269
4036	7wdQa2hG16MC	274
4037	7wdQa2hG16MC	292
4038	7wdQa2hG16MC	294
4039	7wdQa2hG16MC	813
4040	7wdQa2hG16MC	301
4041	7wdQa2hG16MC	308
4042	7wdQa2hG16MC	309
4043	7wdQa2hG16MC	318
4044	7wdQa2hG16MC	320
4045	7wdQa2hG16MC	348
4046	7wdQa2hG16MC	358
4047	7wdQa2hG16MC	368
4048	7wdQa2hG16MC	392
4049	7wdQa2hG16MC	1948
4050	7wdQa2hG16MC	436
4051	7wdQa2hG16MC	450
4052	7wdQa2hG16MC	2029
4053	7wdQa2hG16MC	2033
4054	7wdQa2hG16MC	506
4055	7wdQa2hG16MC	1020
4056	wrOQLV6xB-wC	2049
4057	wrOQLV6xB-wC	17
4058	wrOQLV6xB-wC	21
4059	wrOQLV6xB-wC	58
4060	wrOQLV6xB-wC	576
4061	wrOQLV6xB-wC	68
4062	wrOQLV6xB-wC	1093
4063	wrOQLV6xB-wC	70
4064	wrOQLV6xB-wC	71
4065	wrOQLV6xB-wC	74
4066	wrOQLV6xB-wC	1111
4067	wrOQLV6xB-wC	88
4068	wrOQLV6xB-wC	599
4069	wrOQLV6xB-wC	101
4070	wrOQLV6xB-wC	103
4071	wrOQLV6xB-wC	620
4072	wrOQLV6xB-wC	124
4073	wrOQLV6xB-wC	136
4074	wrOQLV6xB-wC	1682
4075	wrOQLV6xB-wC	148
4076	wrOQLV6xB-wC	1192
4077	wrOQLV6xB-wC	1193
4078	wrOQLV6xB-wC	1194
4079	wrOQLV6xB-wC	1195
4080	wrOQLV6xB-wC	1196
4081	wrOQLV6xB-wC	1197
4082	wrOQLV6xB-wC	1198
4083	wrOQLV6xB-wC	1202
4084	wrOQLV6xB-wC	1203
4085	wrOQLV6xB-wC	1207
4086	wrOQLV6xB-wC	1210
4087	wrOQLV6xB-wC	1212
4088	wrOQLV6xB-wC	1215
4089	wrOQLV6xB-wC	2241
4090	wrOQLV6xB-wC	1217
4091	wrOQLV6xB-wC	1219
4092	wrOQLV6xB-wC	1220
4093	wrOQLV6xB-wC	1221
4094	wrOQLV6xB-wC	1222
4095	wrOQLV6xB-wC	1224
4096	wrOQLV6xB-wC	202
4097	wrOQLV6xB-wC	1230
4098	wrOQLV6xB-wC	1231
4099	wrOQLV6xB-wC	1232
4100	wrOQLV6xB-wC	1237
4101	wrOQLV6xB-wC	1238
4102	wrOQLV6xB-wC	1239
4103	wrOQLV6xB-wC	2264
4104	wrOQLV6xB-wC	1242
4105	wrOQLV6xB-wC	1243
4106	wrOQLV6xB-wC	1244
4107	wrOQLV6xB-wC	1245
4108	wrOQLV6xB-wC	1247
4109	wrOQLV6xB-wC	1248
4110	wrOQLV6xB-wC	2274
4111	wrOQLV6xB-wC	743
4112	wrOQLV6xB-wC	234
4113	wrOQLV6xB-wC	237
4114	wrOQLV6xB-wC	242
4115	wrOQLV6xB-wC	2291
4116	wrOQLV6xB-wC	2292
4117	wrOQLV6xB-wC	2293
4118	wrOQLV6xB-wC	2294
4119	wrOQLV6xB-wC	2295
4120	wrOQLV6xB-wC	2296
4121	wrOQLV6xB-wC	2297
4122	wrOQLV6xB-wC	2298
4123	wrOQLV6xB-wC	2299
4124	wrOQLV6xB-wC	2300
4125	wrOQLV6xB-wC	2301
4126	wrOQLV6xB-wC	2302
4127	wrOQLV6xB-wC	2303
4128	wrOQLV6xB-wC	2304
4129	wrOQLV6xB-wC	2305
4130	wrOQLV6xB-wC	2306
4131	wrOQLV6xB-wC	2307
4132	wrOQLV6xB-wC	2308
4133	wrOQLV6xB-wC	2309
4134	wrOQLV6xB-wC	2310
4135	wrOQLV6xB-wC	2311
4136	wrOQLV6xB-wC	2312
4137	wrOQLV6xB-wC	2313
4138	wrOQLV6xB-wC	2314
4139	wrOQLV6xB-wC	2315
4140	wrOQLV6xB-wC	2316
4141	wrOQLV6xB-wC	2317
4142	wrOQLV6xB-wC	269
4143	wrOQLV6xB-wC	2318
4144	wrOQLV6xB-wC	2319
4145	wrOQLV6xB-wC	266
4146	wrOQLV6xB-wC	2320
4147	wrOQLV6xB-wC	2321
4148	wrOQLV6xB-wC	2322
4149	wrOQLV6xB-wC	2323
4150	wrOQLV6xB-wC	2324
4151	wrOQLV6xB-wC	2325
4152	wrOQLV6xB-wC	2326
4153	wrOQLV6xB-wC	2327
4154	wrOQLV6xB-wC	290
4155	wrOQLV6xB-wC	292
4156	wrOQLV6xB-wC	294
4157	wrOQLV6xB-wC	308
4158	wrOQLV6xB-wC	831
4159	wrOQLV6xB-wC	323
4160	wrOQLV6xB-wC	345
4161	wrOQLV6xB-wC	348
4162	wrOQLV6xB-wC	378
4163	wrOQLV6xB-wC	389
4164	wrOQLV6xB-wC	407
4165	wrOQLV6xB-wC	415
4166	wrOQLV6xB-wC	428
4167	wrOQLV6xB-wC	1458
4168	wrOQLV6xB-wC	434
4169	wrOQLV6xB-wC	448
4170	wrOQLV6xB-wC	450
4171	wrOQLV6xB-wC	487
4172	wrOQLV6xB-wC	494
4173	wrOQLV6xB-wC	1016
4174	wrOQLV6xB-wC	506
4175	kKiOEAAAQBAJ	10
4176	kKiOEAAAQBAJ	17
4177	kKiOEAAAQBAJ	21
4178	kKiOEAAAQBAJ	22
4179	kKiOEAAAQBAJ	538
4180	kKiOEAAAQBAJ	34
4181	kKiOEAAAQBAJ	35
4182	kKiOEAAAQBAJ	36
4183	kKiOEAAAQBAJ	38
4184	kKiOEAAAQBAJ	41
4185	kKiOEAAAQBAJ	58
4186	kKiOEAAAQBAJ	1596
4187	kKiOEAAAQBAJ	61
4188	kKiOEAAAQBAJ	1613
4189	kKiOEAAAQBAJ	1101
4190	kKiOEAAAQBAJ	100
4191	kKiOEAAAQBAJ	614
4192	kKiOEAAAQBAJ	618
4193	kKiOEAAAQBAJ	620
4194	kKiOEAAAQBAJ	112
4195	kKiOEAAAQBAJ	626
4196	kKiOEAAAQBAJ	120
4197	kKiOEAAAQBAJ	123
4198	kKiOEAAAQBAJ	638
4199	kKiOEAAAQBAJ	646
4200	kKiOEAAAQBAJ	146
4201	kKiOEAAAQBAJ	660
4202	kKiOEAAAQBAJ	2199
4203	kKiOEAAAQBAJ	170
4204	kKiOEAAAQBAJ	173
4205	kKiOEAAAQBAJ	204
4206	kKiOEAAAQBAJ	719
4207	kKiOEAAAQBAJ	1766
4208	kKiOEAAAQBAJ	1805
4209	kKiOEAAAQBAJ	273
4210	kKiOEAAAQBAJ	2328
4211	kKiOEAAAQBAJ	2329
4212	kKiOEAAAQBAJ	2330
4213	kKiOEAAAQBAJ	2331
4214	kKiOEAAAQBAJ	2332
4215	kKiOEAAAQBAJ	285
4216	kKiOEAAAQBAJ	2333
4217	kKiOEAAAQBAJ	2334
4218	kKiOEAAAQBAJ	2336
4219	kKiOEAAAQBAJ	2337
4220	kKiOEAAAQBAJ	2335
4221	kKiOEAAAQBAJ	2338
4222	kKiOEAAAQBAJ	2339
4223	kKiOEAAAQBAJ	2340
4224	kKiOEAAAQBAJ	2341
4225	kKiOEAAAQBAJ	2342
4226	kKiOEAAAQBAJ	2343
4227	kKiOEAAAQBAJ	2344
4228	kKiOEAAAQBAJ	2345
4229	kKiOEAAAQBAJ	2346
4230	kKiOEAAAQBAJ	2347
4231	kKiOEAAAQBAJ	2348
4232	kKiOEAAAQBAJ	2349
4233	kKiOEAAAQBAJ	2350
4234	kKiOEAAAQBAJ	2351
4235	kKiOEAAAQBAJ	2352
4236	kKiOEAAAQBAJ	2353
4237	kKiOEAAAQBAJ	2354
4238	kKiOEAAAQBAJ	2355
4239	kKiOEAAAQBAJ	2356
4240	kKiOEAAAQBAJ	2357
4241	kKiOEAAAQBAJ	2358
4242	kKiOEAAAQBAJ	2359
4243	kKiOEAAAQBAJ	2360
4244	kKiOEAAAQBAJ	2361
4245	kKiOEAAAQBAJ	2362
4246	kKiOEAAAQBAJ	2363
4247	kKiOEAAAQBAJ	2364
4248	kKiOEAAAQBAJ	2365
4249	kKiOEAAAQBAJ	2366
4250	kKiOEAAAQBAJ	323
4251	kKiOEAAAQBAJ	384
4252	kKiOEAAAQBAJ	1428
4253	kKiOEAAAQBAJ	414
4254	kKiOEAAAQBAJ	415
4255	kKiOEAAAQBAJ	419
4256	kKiOEAAAQBAJ	431
4257	kKiOEAAAQBAJ	1458
4258	kKiOEAAAQBAJ	1976
4259	kKiOEAAAQBAJ	953
4260	kKiOEAAAQBAJ	442
4261	kKiOEAAAQBAJ	955
4262	kKiOEAAAQBAJ	968
4263	kKiOEAAAQBAJ	474
4264	kKiOEAAAQBAJ	476
4265	Gz-d8SIFAcgC	1033
4266	Gz-d8SIFAcgC	9
4267	Gz-d8SIFAcgC	1296
4268	Gz-d8SIFAcgC	147
4269	Gz-d8SIFAcgC	148
4270	Gz-d8SIFAcgC	24
4271	Gz-d8SIFAcgC	668
4272	Gz-d8SIFAcgC	36
4273	Gz-d8SIFAcgC	1576
4274	Gz-d8SIFAcgC	681
4275	Gz-d8SIFAcgC	173
4276	Gz-d8SIFAcgC	686
4277	Gz-d8SIFAcgC	52
4278	Gz-d8SIFAcgC	1590
4279	Gz-d8SIFAcgC	182
4280	Gz-d8SIFAcgC	58
4281	Gz-d8SIFAcgC	572
4282	Gz-d8SIFAcgC	61
4283	Gz-d8SIFAcgC	1596
4284	Gz-d8SIFAcgC	2367
4285	Gz-d8SIFAcgC	2368
4286	Gz-d8SIFAcgC	2369
4287	Gz-d8SIFAcgC	2370
4288	Gz-d8SIFAcgC	195
4289	Gz-d8SIFAcgC	2371
4290	Gz-d8SIFAcgC	2372
4291	Gz-d8SIFAcgC	2373
4292	Gz-d8SIFAcgC	2374
4293	Gz-d8SIFAcgC	2375
4294	Gz-d8SIFAcgC	2376
4295	Gz-d8SIFAcgC	204
4296	Gz-d8SIFAcgC	487
4297	Gz-d8SIFAcgC	232
4298	Gz-d8SIFAcgC	234
4299	Gz-d8SIFAcgC	240
4300	Gz-d8SIFAcgC	496
4301	Gz-d8SIFAcgC	115
4302	Gz-d8SIFAcgC	506
4303	ECuBswEACAAJ	1408
4304	ECuBswEACAAJ	642
4305	ECuBswEACAAJ	1927
4306	ECuBswEACAAJ	526
4307	ECuBswEACAAJ	2407
4308	ECuBswEACAAJ	273
4309	ECuBswEACAAJ	2327
4310	ECuBswEACAAJ	152
4311	ECuBswEACAAJ	414
4312	ECuBswEACAAJ	35
4313	ECuBswEACAAJ	2408
4314	ECuBswEACAAJ	808
4315	ECuBswEACAAJ	41
4316	ECuBswEACAAJ	174
4317	ECuBswEACAAJ	58
4318	ECuBswEACAAJ	2108
4319	ECuBswEACAAJ	61
4320	ECuBswEACAAJ	2112
4321	ECuBswEACAAJ	323
4322	ECuBswEACAAJ	68
4323	ECuBswEACAAJ	70
4324	ECuBswEACAAJ	2377
4325	ECuBswEACAAJ	2378
4326	ECuBswEACAAJ	2379
4327	ECuBswEACAAJ	2380
4328	ECuBswEACAAJ	2381
4329	ECuBswEACAAJ	2382
4330	ECuBswEACAAJ	2383
4331	ECuBswEACAAJ	2384
4332	ECuBswEACAAJ	2385
4333	ECuBswEACAAJ	2386
4334	ECuBswEACAAJ	211
4335	ECuBswEACAAJ	2387
4336	ECuBswEACAAJ	724
4337	ECuBswEACAAJ	2388
4338	ECuBswEACAAJ	2389
4339	ECuBswEACAAJ	2390
4340	ECuBswEACAAJ	2391
4341	ECuBswEACAAJ	2392
4342	ECuBswEACAAJ	2393
4343	ECuBswEACAAJ	2394
4344	ECuBswEACAAJ	1629
4345	ECuBswEACAAJ	2395
4346	ECuBswEACAAJ	599
4347	ECuBswEACAAJ	2396
4348	ECuBswEACAAJ	2397
4349	ECuBswEACAAJ	2398
4350	ECuBswEACAAJ	2399
4351	ECuBswEACAAJ	2400
4352	ECuBswEACAAJ	101
4353	ECuBswEACAAJ	2401
4354	ECuBswEACAAJ	2402
4355	ECuBswEACAAJ	2403
4356	ECuBswEACAAJ	2404
4357	ECuBswEACAAJ	490
4358	ECuBswEACAAJ	2405
4359	ECuBswEACAAJ	2156
4360	ECuBswEACAAJ	1389
4361	ECuBswEACAAJ	232
4362	ECuBswEACAAJ	2406
4363	ECuBswEACAAJ	240
4364	ECuBswEACAAJ	1625
4365	ECuBswEACAAJ	496
4366	ECuBswEACAAJ	2291
4367	ECuBswEACAAJ	503
4368	ECuBswEACAAJ	121
4369	mrpPEAAAQBAJ	2432
4370	mrpPEAAAQBAJ	901
4371	mrpPEAAAQBAJ	2423
4372	mrpPEAAAQBAJ	162
4373	mrpPEAAAQBAJ	35
4374	mrpPEAAAQBAJ	2424
4375	mrpPEAAAQBAJ	1780
4376	mrpPEAAAQBAJ	1452
4377	mrpPEAAAQBAJ	58
4378	mrpPEAAAQBAJ	2362
4379	mrpPEAAAQBAJ	2429
4380	mrpPEAAAQBAJ	191
4381	mrpPEAAAQBAJ	1481
4382	mrpPEAAAQBAJ	1101
4383	mrpPEAAAQBAJ	1104
4384	mrpPEAAAQBAJ	1108
4385	mrpPEAAAQBAJ	605
4386	mrpPEAAAQBAJ	103
4387	mrpPEAAAQBAJ	2409
4388	mrpPEAAAQBAJ	2410
4389	mrpPEAAAQBAJ	2411
4390	mrpPEAAAQBAJ	2412
4391	mrpPEAAAQBAJ	2413
4392	mrpPEAAAQBAJ	2414
4393	mrpPEAAAQBAJ	2415
4394	mrpPEAAAQBAJ	2416
4395	mrpPEAAAQBAJ	2417
4396	mrpPEAAAQBAJ	2418
4397	mrpPEAAAQBAJ	2419
4398	mrpPEAAAQBAJ	2420
4399	mrpPEAAAQBAJ	2421
4400	mrpPEAAAQBAJ	2162
4401	mrpPEAAAQBAJ	2422
4402	mrpPEAAAQBAJ	883
4403	mrpPEAAAQBAJ	2425
4404	mrpPEAAAQBAJ	2426
4405	mrpPEAAAQBAJ	2427
4406	mrpPEAAAQBAJ	2428
4407	mrpPEAAAQBAJ	893
4408	mrpPEAAAQBAJ	2430
4409	mrpPEAAAQBAJ	2431
4410	r26PEAAAQBAJ	2433
4411	r26PEAAAQBAJ	2434
4412	r26PEAAAQBAJ	2435
4413	r26PEAAAQBAJ	2436
4414	r26PEAAAQBAJ	2437
4415	r26PEAAAQBAJ	2438
4416	r26PEAAAQBAJ	2439
4417	r26PEAAAQBAJ	136
4418	r26PEAAAQBAJ	2440
4419	r26PEAAAQBAJ	2441
4420	r26PEAAAQBAJ	2442
4421	r26PEAAAQBAJ	2443
4422	r26PEAAAQBAJ	2444
4423	r26PEAAAQBAJ	2445
4424	r26PEAAAQBAJ	2446
4425	r26PEAAAQBAJ	2447
4426	r26PEAAAQBAJ	2448
4427	r26PEAAAQBAJ	35
4428	r26PEAAAQBAJ	173
4429	r26PEAAAQBAJ	2095
4430	r26PEAAAQBAJ	58
4431	r26PEAAAQBAJ	1476
4432	r26PEAAAQBAJ	70
4433	r26PEAAAQBAJ	73
4434	r26PEAAAQBAJ	204
4435	r26PEAAAQBAJ	1613
4436	r26PEAAAQBAJ	1101
4437	r26PEAAAQBAJ	860
4438	r26PEAAAQBAJ	862
4439	r26PEAAAQBAJ	232
4440	r26PEAAAQBAJ	1645
4441	r26PEAAAQBAJ	238
4442	r26PEAAAQBAJ	112
4443	p5ozDwAAQBAJ	136
4444	p5ozDwAAQBAJ	1033
4445	p5ozDwAAQBAJ	269
4446	p5ozDwAAQBAJ	2190
4447	p5ozDwAAQBAJ	2449
4448	p5ozDwAAQBAJ	2450
4449	p5ozDwAAQBAJ	2451
4450	p5ozDwAAQBAJ	2452
4451	p5ozDwAAQBAJ	2453
4452	p5ozDwAAQBAJ	2454
4453	p5ozDwAAQBAJ	2455
4454	p5ozDwAAQBAJ	2456
4455	p5ozDwAAQBAJ	2457
4456	p5ozDwAAQBAJ	1172
4457	p5ozDwAAQBAJ	2458
4458	p5ozDwAAQBAJ	2459
4459	p5ozDwAAQBAJ	2460
4460	p5ozDwAAQBAJ	2461
4461	p5ozDwAAQBAJ	2462
4462	p5ozDwAAQBAJ	2463
4463	p5ozDwAAQBAJ	2464
4464	p5ozDwAAQBAJ	2465
4465	p5ozDwAAQBAJ	2466
4466	p5ozDwAAQBAJ	2467
4467	p5ozDwAAQBAJ	2468
4468	p5ozDwAAQBAJ	294
4469	p5ozDwAAQBAJ	2469
4470	p5ozDwAAQBAJ	2470
4471	p5ozDwAAQBAJ	2471
4472	p5ozDwAAQBAJ	2472
4473	p5ozDwAAQBAJ	2473
4474	p5ozDwAAQBAJ	2474
4475	p5ozDwAAQBAJ	2475
4476	p5ozDwAAQBAJ	2476
4477	p5ozDwAAQBAJ	2477
4478	p5ozDwAAQBAJ	2478
4479	p5ozDwAAQBAJ	2479
4480	p5ozDwAAQBAJ	2480
4481	p5ozDwAAQBAJ	2481
4482	p5ozDwAAQBAJ	308
4483	p5ozDwAAQBAJ	2482
4484	p5ozDwAAQBAJ	2483
4485	p5ozDwAAQBAJ	2484
4486	p5ozDwAAQBAJ	2485
4487	p5ozDwAAQBAJ	2486
4488	p5ozDwAAQBAJ	58
4489	p5ozDwAAQBAJ	2487
4490	p5ozDwAAQBAJ	2488
4491	p5ozDwAAQBAJ	2489
4492	p5ozDwAAQBAJ	2490
4493	p5ozDwAAQBAJ	191
4494	p5ozDwAAQBAJ	2491
4495	p5ozDwAAQBAJ	1217
4496	p5ozDwAAQBAJ	2492
4497	p5ozDwAAQBAJ	2493
4498	p5ozDwAAQBAJ	2494
4499	p5ozDwAAQBAJ	197
4500	p5ozDwAAQBAJ	1222
4501	p5ozDwAAQBAJ	70
4502	p5ozDwAAQBAJ	202
4503	p5ozDwAAQBAJ	1230
4504	p5ozDwAAQBAJ	211
4505	p5ozDwAAQBAJ	342
4506	p5ozDwAAQBAJ	1242
4507	p5ozDwAAQBAJ	2207
4508	p5ozDwAAQBAJ	755
4509	p5ozDwAAQBAJ	1193
4510	p5ozDwAAQBAJ	248
4511	p5ozDwAAQBAJ	1146
4512	6Yc-DwAAQBAJ	258
4513	6Yc-DwAAQBAJ	2445
4514	6Yc-DwAAQBAJ	22
4515	6Yc-DwAAQBAJ	35
4516	6Yc-DwAAQBAJ	36
4517	6Yc-DwAAQBAJ	173
4518	6Yc-DwAAQBAJ	174
4519	6Yc-DwAAQBAJ	2095
4520	6Yc-DwAAQBAJ	58
4521	6Yc-DwAAQBAJ	2495
4522	6Yc-DwAAQBAJ	2496
4523	6Yc-DwAAQBAJ	2497
4524	6Yc-DwAAQBAJ	2498
4525	6Yc-DwAAQBAJ	2499
4526	6Yc-DwAAQBAJ	2500
4527	6Yc-DwAAQBAJ	2501
4528	6Yc-DwAAQBAJ	2502
4529	6Yc-DwAAQBAJ	2503
4530	6Yc-DwAAQBAJ	459
4531	6Yc-DwAAQBAJ	204
4532	6Yc-DwAAQBAJ	462
4533	6Yc-DwAAQBAJ	1888
4534	6Yc-DwAAQBAJ	224
4535	6Yc-DwAAQBAJ	1768
4536	6Yc-DwAAQBAJ	232
4537	6Yc-DwAAQBAJ	2028
4538	6Yc-DwAAQBAJ	497
4539	NeMtSAAACAAJ	6
4540	NeMtSAAACAAJ	136
4541	NeMtSAAACAAJ	9
4542	NeMtSAAACAAJ	11
4543	NeMtSAAACAAJ	147
4544	NeMtSAAACAAJ	716
4545	NeMtSAAACAAJ	462
4546	NeMtSAAACAAJ	150
4547	NeMtSAAACAAJ	283
4548	NeMtSAAACAAJ	668
4549	NeMtSAAACAAJ	928
4550	NeMtSAAACAAJ	35
4551	NeMtSAAACAAJ	804
4552	NeMtSAAACAAJ	36
4553	NeMtSAAACAAJ	294
4554	NeMtSAAACAAJ	551
4555	NeMtSAAACAAJ	681
4556	NeMtSAAACAAJ	41
4557	NeMtSAAACAAJ	1484
4558	NeMtSAAACAAJ	686
4559	NeMtSAAACAAJ	468
4560	NeMtSAAACAAJ	58
4561	NeMtSAAACAAJ	698
4562	NeMtSAAACAAJ	61
4563	NeMtSAAACAAJ	191
4564	NeMtSAAACAAJ	195
4565	NeMtSAAACAAJ	710
4566	NeMtSAAACAAJ	2504
4567	NeMtSAAACAAJ	2505
4568	NeMtSAAACAAJ	2506
4569	NeMtSAAACAAJ	2507
4570	NeMtSAAACAAJ	2508
4571	NeMtSAAACAAJ	2509
4572	NeMtSAAACAAJ	2510
4573	NeMtSAAACAAJ	2511
4574	NeMtSAAACAAJ	2512
4575	NeMtSAAACAAJ	2513
4576	NeMtSAAACAAJ	2514
4577	NeMtSAAACAAJ	211
4578	NeMtSAAACAAJ	2515
4579	NeMtSAAACAAJ	2516
4580	NeMtSAAACAAJ	2517
4581	NeMtSAAACAAJ	2518
4582	NeMtSAAACAAJ	2519
4583	NeMtSAAACAAJ	2520
4584	NeMtSAAACAAJ	2521
4585	NeMtSAAACAAJ	2261
4586	NeMtSAAACAAJ	2522
4587	NeMtSAAACAAJ	2523
4588	NeMtSAAACAAJ	2524
4589	NeMtSAAACAAJ	2525
4590	NeMtSAAACAAJ	2526
4591	NeMtSAAACAAJ	2527
4592	NeMtSAAACAAJ	2528
4593	NeMtSAAACAAJ	2529
4594	NeMtSAAACAAJ	2530
4595	NeMtSAAACAAJ	2531
4596	NeMtSAAACAAJ	2532
4597	NeMtSAAACAAJ	2533
4598	NeMtSAAACAAJ	1768
4599	NeMtSAAACAAJ	2534
4600	NeMtSAAACAAJ	238
4601	NeMtSAAACAAJ	112
4602	NeMtSAAACAAJ	497
4603	NeMtSAAACAAJ	755
4604	NeMtSAAACAAJ	372
4605	NeMtSAAACAAJ	120
4606	ha6GIYze5lEC	1152
4607	ha6GIYze5lEC	770
4608	ha6GIYze5lEC	1161
4609	ha6GIYze5lEC	521
4610	ha6GIYze5lEC	269
4611	ha6GIYze5lEC	487
4612	ha6GIYze5lEC	148
4613	ha6GIYze5lEC	1942
4614	ha6GIYze5lEC	2327
4615	ha6GIYze5lEC	1944
4616	ha6GIYze5lEC	24
4617	ha6GIYze5lEC	234
4618	ha6GIYze5lEC	2551
4619	ha6GIYze5lEC	2212
4620	ha6GIYze5lEC	294
4621	ha6GIYze5lEC	2552
4622	ha6GIYze5lEC	365
4623	ha6GIYze5lEC	814
4624	ha6GIYze5lEC	2554
4625	ha6GIYze5lEC	58
4626	ha6GIYze5lEC	64
4627	ha6GIYze5lEC	450
4628	ha6GIYze5lEC	197
4629	ha6GIYze5lEC	839
4630	ha6GIYze5lEC	716
4631	ha6GIYze5lEC	211
4632	ha6GIYze5lEC	468
4633	ha6GIYze5lEC	2134
4634	ha6GIYze5lEC	473
4635	ha6GIYze5lEC	348
4636	ha6GIYze5lEC	229
4637	ha6GIYze5lEC	2535
4638	ha6GIYze5lEC	2536
4639	ha6GIYze5lEC	2537
4640	ha6GIYze5lEC	2538
4641	ha6GIYze5lEC	2539
4642	ha6GIYze5lEC	2540
4643	ha6GIYze5lEC	2541
4644	ha6GIYze5lEC	2542
4645	ha6GIYze5lEC	2543
4646	ha6GIYze5lEC	2544
4647	ha6GIYze5lEC	2545
4648	ha6GIYze5lEC	2546
4649	ha6GIYze5lEC	2547
4650	ha6GIYze5lEC	2548
4651	ha6GIYze5lEC	2549
4652	ha6GIYze5lEC	242
4653	ha6GIYze5lEC	2550
4654	ha6GIYze5lEC	1016
4655	ha6GIYze5lEC	2553
4656	ha6GIYze5lEC	506
4657	ha6GIYze5lEC	2555
4658	ha6GIYze5lEC	2556
4659	ha6GIYze5lEC	510
4660	CBC5DwAAQBAJ	2560
4661	CBC5DwAAQBAJ	2561
4662	CBC5DwAAQBAJ	2562
4663	CBC5DwAAQBAJ	2563
4664	CBC5DwAAQBAJ	2564
4665	CBC5DwAAQBAJ	2565
4666	CBC5DwAAQBAJ	2566
4667	CBC5DwAAQBAJ	2567
4668	CBC5DwAAQBAJ	518
4669	CBC5DwAAQBAJ	137
4670	CBC5DwAAQBAJ	1155
4671	CBC5DwAAQBAJ	650
4672	CBC5DwAAQBAJ	8
4673	CBC5DwAAQBAJ	2568
4674	CBC5DwAAQBAJ	2569
4675	CBC5DwAAQBAJ	2570
4676	CBC5DwAAQBAJ	2571
4677	CBC5DwAAQBAJ	17
4678	CBC5DwAAQBAJ	2572
4679	CBC5DwAAQBAJ	2573
4680	CBC5DwAAQBAJ	148
4681	CBC5DwAAQBAJ	21
4682	CBC5DwAAQBAJ	2574
4683	CBC5DwAAQBAJ	663
4684	CBC5DwAAQBAJ	23
4685	CBC5DwAAQBAJ	24
4686	CBC5DwAAQBAJ	538
4687	CBC5DwAAQBAJ	2578
4688	CBC5DwAAQBAJ	2575
4689	CBC5DwAAQBAJ	2580
4690	CBC5DwAAQBAJ	2581
4691	CBC5DwAAQBAJ	161
4692	CBC5DwAAQBAJ	34
4693	CBC5DwAAQBAJ	35
4694	CBC5DwAAQBAJ	2576
4695	CBC5DwAAQBAJ	38
4696	CBC5DwAAQBAJ	2577
4697	CBC5DwAAQBAJ	170
4698	CBC5DwAAQBAJ	48
4699	CBC5DwAAQBAJ	689
4700	CBC5DwAAQBAJ	2579
4701	CBC5DwAAQBAJ	52
4702	CBC5DwAAQBAJ	58
4703	CBC5DwAAQBAJ	1467
4704	CBC5DwAAQBAJ	191
4705	CBC5DwAAQBAJ	198
4706	CBC5DwAAQBAJ	711
4707	CBC5DwAAQBAJ	714
4708	CBC5DwAAQBAJ	2128
4709	CBC5DwAAQBAJ	211
4710	CBC5DwAAQBAJ	853
4711	CBC5DwAAQBAJ	214
4712	CBC5DwAAQBAJ	1755
4713	CBC5DwAAQBAJ	1763
4714	CBC5DwAAQBAJ	234
4715	CBC5DwAAQBAJ	240
4716	CBC5DwAAQBAJ	241
4717	CBC5DwAAQBAJ	112
4718	CBC5DwAAQBAJ	496
4719	CBC5DwAAQBAJ	2557
4720	CBC5DwAAQBAJ	2558
4721	CBC5DwAAQBAJ	2559
4722	oRPmEAAAQBAJ	2441
4723	oRPmEAAAQBAJ	1033
4724	oRPmEAAAQBAJ	779
4725	oRPmEAAAQBAJ	9
4726	oRPmEAAAQBAJ	269
4727	oRPmEAAAQBAJ	1296
4728	oRPmEAAAQBAJ	1558
4729	oRPmEAAAQBAJ	2583
4730	oRPmEAAAQBAJ	2584
4731	oRPmEAAAQBAJ	2585
4732	oRPmEAAAQBAJ	2582
4733	oRPmEAAAQBAJ	22
4734	oRPmEAAAQBAJ	2586
4735	oRPmEAAAQBAJ	2587
4736	oRPmEAAAQBAJ	2588
4737	oRPmEAAAQBAJ	2589
4738	oRPmEAAAQBAJ	2590
4739	oRPmEAAAQBAJ	1561
4740	oRPmEAAAQBAJ	2591
4741	oRPmEAAAQBAJ	2592
4742	oRPmEAAAQBAJ	2593
4743	oRPmEAAAQBAJ	2594
4744	oRPmEAAAQBAJ	36
4745	oRPmEAAAQBAJ	2595
4746	oRPmEAAAQBAJ	2596
4747	oRPmEAAAQBAJ	2597
4748	oRPmEAAAQBAJ	2598
4749	oRPmEAAAQBAJ	2599
4750	oRPmEAAAQBAJ	2600
4751	oRPmEAAAQBAJ	173
4752	oRPmEAAAQBAJ	2601
4753	oRPmEAAAQBAJ	2095
4754	oRPmEAAAQBAJ	798
4755	oRPmEAAAQBAJ	2602
4756	oRPmEAAAQBAJ	58
4757	oRPmEAAAQBAJ	1086
4758	oRPmEAAAQBAJ	1089
4759	oRPmEAAAQBAJ	195
4760	oRPmEAAAQBAJ	2120
4761	oRPmEAAAQBAJ	204
4762	oRPmEAAAQBAJ	205
4763	oRPmEAAAQBAJ	1766
4764	oRPmEAAAQBAJ	107
4765	oRPmEAAAQBAJ	238
4766	oRPmEAAAQBAJ	1269
4767	oRPmEAAAQBAJ	24
4768	AfB8EAAAQBAJ	136
4769	AfB8EAAAQBAJ	2570
4770	AfB8EAAAQBAJ	13
4771	AfB8EAAAQBAJ	22
4772	AfB8EAAAQBAJ	1692
4773	AfB8EAAAQBAJ	159
4774	AfB8EAAAQBAJ	672
4775	AfB8EAAAQBAJ	35
4776	AfB8EAAAQBAJ	36
4777	AfB8EAAAQBAJ	293
4778	AfB8EAAAQBAJ	41
4779	AfB8EAAAQBAJ	2603
4780	AfB8EAAAQBAJ	2604
4781	AfB8EAAAQBAJ	2605
4782	AfB8EAAAQBAJ	2606
4783	AfB8EAAAQBAJ	2607
4784	AfB8EAAAQBAJ	2608
4785	AfB8EAAAQBAJ	2609
4786	AfB8EAAAQBAJ	2610
4787	AfB8EAAAQBAJ	2611
4788	AfB8EAAAQBAJ	2612
4789	AfB8EAAAQBAJ	2613
4790	AfB8EAAAQBAJ	2614
4791	AfB8EAAAQBAJ	2103
4792	AfB8EAAAQBAJ	2615
4793	AfB8EAAAQBAJ	2616
4794	AfB8EAAAQBAJ	58
4795	AfB8EAAAQBAJ	2617
4796	AfB8EAAAQBAJ	2618
4797	AfB8EAAAQBAJ	2619
4798	AfB8EAAAQBAJ	2620
4799	AfB8EAAAQBAJ	2621
4800	AfB8EAAAQBAJ	2622
4801	AfB8EAAAQBAJ	2623
4802	AfB8EAAAQBAJ	2624
4803	AfB8EAAAQBAJ	2625
4804	AfB8EAAAQBAJ	2626
4805	AfB8EAAAQBAJ	2627
4806	AfB8EAAAQBAJ	2628
4807	AfB8EAAAQBAJ	71
4808	AfB8EAAAQBAJ	2629
4809	AfB8EAAAQBAJ	73
4810	AfB8EAAAQBAJ	2630
4811	AfB8EAAAQBAJ	2631
4812	AfB8EAAAQBAJ	2632
4813	AfB8EAAAQBAJ	205
4814	AfB8EAAAQBAJ	2633
4815	AfB8EAAAQBAJ	2634
4816	AfB8EAAAQBAJ	211
4817	AfB8EAAAQBAJ	218
4818	AfB8EAAAQBAJ	348
4819	AfB8EAAAQBAJ	1506
4820	AfB8EAAAQBAJ	232
4821	AfB8EAAAQBAJ	620
4822	AfB8EAAAQBAJ	748
4823	AfB8EAAAQBAJ	2028
4824	AfB8EAAAQBAJ	365
4825	AfB8EAAAQBAJ	112
4826	AfB8EAAAQBAJ	2162
4827	AfB8EAAAQBAJ	115
4828	AfB8EAAAQBAJ	120
4829	AfB8EAAAQBAJ	635
4830	zKEKkAEACAAJ	515
4831	zKEKkAEACAAJ	1669
4832	zKEKkAEACAAJ	9
4833	zKEKkAEACAAJ	13
4834	zKEKkAEACAAJ	1422
4835	zKEKkAEACAAJ	271
4836	zKEKkAEACAAJ	147
4837	zKEKkAEACAAJ	150
4838	zKEKkAEACAAJ	31
4839	zKEKkAEACAAJ	159
4840	zKEKkAEACAAJ	34
4841	zKEKkAEACAAJ	35
4842	zKEKkAEACAAJ	36
4843	zKEKkAEACAAJ	2408
4844	zKEKkAEACAAJ	553
4845	zKEKkAEACAAJ	183
4846	zKEKkAEACAAJ	57
4847	zKEKkAEACAAJ	58
4848	zKEKkAEACAAJ	318
4849	zKEKkAEACAAJ	705
4850	zKEKkAEACAAJ	2635
4851	zKEKkAEACAAJ	2636
4852	zKEKkAEACAAJ	204
4853	zKEKkAEACAAJ	2637
4854	zKEKkAEACAAJ	719
4855	zKEKkAEACAAJ	2638
4856	zKEKkAEACAAJ	2639
4857	zKEKkAEACAAJ	2640
4858	zKEKkAEACAAJ	211
4859	zKEKkAEACAAJ	2641
4860	zKEKkAEACAAJ	2642
4861	zKEKkAEACAAJ	2643
4862	zKEKkAEACAAJ	2385
4863	zKEKkAEACAAJ	2644
4864	zKEKkAEACAAJ	2645
4865	zKEKkAEACAAJ	2646
4866	zKEKkAEACAAJ	2647
4867	zKEKkAEACAAJ	860
4868	zKEKkAEACAAJ	2648
4869	zKEKkAEACAAJ	2649
4870	zKEKkAEACAAJ	1246
4871	zKEKkAEACAAJ	2650
4872	zKEKkAEACAAJ	993
4873	zKEKkAEACAAJ	2651
4874	zKEKkAEACAAJ	2652
4875	zKEKkAEACAAJ	2653
4876	zKEKkAEACAAJ	2654
4877	zKEKkAEACAAJ	1766
4878	zKEKkAEACAAJ	2655
4879	zKEKkAEACAAJ	2656
4880	zKEKkAEACAAJ	2657
4881	zKEKkAEACAAJ	490
4882	zKEKkAEACAAJ	1642
4883	zKEKkAEACAAJ	748
4884	zKEKkAEACAAJ	749
4885	zKEKkAEACAAJ	494
4886	zKEKkAEACAAJ	1645
4887	zKEKkAEACAAJ	1648
4888	zKEKkAEACAAJ	112
4889	zKEKkAEACAAJ	120
4890	zKEKkAEACAAJ	1745
4891	CPPxMXgaKhAC	140
4892	CPPxMXgaKhAC	232
4893	CPPxMXgaKhAC	147
4894	CPPxMXgaKhAC	1558
4895	CPPxMXgaKhAC	796
4896	CPPxMXgaKhAC	1692
4897	CPPxMXgaKhAC	58
4898	CPPxMXgaKhAC	2495
4899	CPPxMXgaKhAC	1986
4900	CPPxMXgaKhAC	709
4901	CPPxMXgaKhAC	70
4902	CPPxMXgaKhAC	2373
4903	CPPxMXgaKhAC	73
4904	CPPxMXgaKhAC	1613
4905	CPPxMXgaKhAC	218
4906	CPPxMXgaKhAC	1629
4907	CPPxMXgaKhAC	2658
4908	CPPxMXgaKhAC	2659
4909	CPPxMXgaKhAC	2660
4910	CPPxMXgaKhAC	2661
4911	CPPxMXgaKhAC	2662
4912	CPPxMXgaKhAC	2663
4913	CPPxMXgaKhAC	2664
4914	CPPxMXgaKhAC	2665
4915	CPPxMXgaKhAC	2666
4916	CPPxMXgaKhAC	2667
4917	CPPxMXgaKhAC	2668
4918	CPPxMXgaKhAC	237
4919	CPPxMXgaKhAC	1645
4920	CPPxMXgaKhAC	2669
4921	CPPxMXgaKhAC	240
4922	CPPxMXgaKhAC	2670
4923	CPPxMXgaKhAC	2156
4924	CPPxMXgaKhAC	755
4925	CPPxMXgaKhAC	2671
4926	CPPxMXgaKhAC	120
4927	x8xtwgEACAAJ	2688
4928	x8xtwgEACAAJ	2689
4929	x8xtwgEACAAJ	2306
4930	x8xtwgEACAAJ	2690
4931	x8xtwgEACAAJ	2691
4932	x8xtwgEACAAJ	2692
4933	x8xtwgEACAAJ	774
4934	x8xtwgEACAAJ	2693
4935	x8xtwgEACAAJ	146
4936	x8xtwgEACAAJ	147
4937	x8xtwgEACAAJ	148
4938	x8xtwgEACAAJ	22
4939	x8xtwgEACAAJ	407
4940	x8xtwgEACAAJ	1576
4941	x8xtwgEACAAJ	553
4942	x8xtwgEACAAJ	45
4943	x8xtwgEACAAJ	174
4944	x8xtwgEACAAJ	813
4945	x8xtwgEACAAJ	303
4946	x8xtwgEACAAJ	112
4947	x8xtwgEACAAJ	2682
4948	x8xtwgEACAAJ	58
4949	x8xtwgEACAAJ	1727
4950	x8xtwgEACAAJ	70
4951	x8xtwgEACAAJ	73
4952	x8xtwgEACAAJ	2635
4953	x8xtwgEACAAJ	1868
4954	x8xtwgEACAAJ	211
4955	x8xtwgEACAAJ	598
4956	x8xtwgEACAAJ	120
4957	x8xtwgEACAAJ	1506
4958	x8xtwgEACAAJ	100
4959	x8xtwgEACAAJ	101
4960	x8xtwgEACAAJ	232
4961	x8xtwgEACAAJ	234
4962	x8xtwgEACAAJ	2672
4963	x8xtwgEACAAJ	2673
4964	x8xtwgEACAAJ	2674
4965	x8xtwgEACAAJ	2675
4966	x8xtwgEACAAJ	2676
4967	x8xtwgEACAAJ	2677
4968	x8xtwgEACAAJ	2678
4969	x8xtwgEACAAJ	2679
4970	x8xtwgEACAAJ	2680
4971	x8xtwgEACAAJ	2681
4972	x8xtwgEACAAJ	506
4973	x8xtwgEACAAJ	2683
4974	x8xtwgEACAAJ	2684
4975	x8xtwgEACAAJ	2685
4976	x8xtwgEACAAJ	2686
4977	x8xtwgEACAAJ	2687
4978	qhQAywOYz10C	9
4979	qhQAywOYz10C	10
4980	qhQAywOYz10C	21
4981	qhQAywOYz10C	22
4982	qhQAywOYz10C	24
4983	qhQAywOYz10C	31
4984	qhQAywOYz10C	41
4985	qhQAywOYz10C	1592
4986	qhQAywOYz10C	57
4987	qhQAywOYz10C	58
4988	qhQAywOYz10C	2620
4989	qhQAywOYz10C	61
4990	qhQAywOYz10C	73
4991	qhQAywOYz10C	617
4992	qhQAywOYz10C	619
4993	qhQAywOYz10C	621
4994	qhQAywOYz10C	110
4995	qhQAywOYz10C	2694
4996	qhQAywOYz10C	2695
4997	qhQAywOYz10C	2696
4998	qhQAywOYz10C	2697
4999	qhQAywOYz10C	2698
5000	qhQAywOYz10C	2699
5001	qhQAywOYz10C	2700
5002	qhQAywOYz10C	2701
5003	qhQAywOYz10C	2702
5004	qhQAywOYz10C	2703
5005	qhQAywOYz10C	2704
5006	qhQAywOYz10C	2705
5007	qhQAywOYz10C	2706
5008	qhQAywOYz10C	2707
5009	qhQAywOYz10C	2708
5010	qhQAywOYz10C	2709
5011	qhQAywOYz10C	2710
5012	qhQAywOYz10C	2711
5013	qhQAywOYz10C	2712
5014	qhQAywOYz10C	2713
5015	qhQAywOYz10C	2714
5016	qhQAywOYz10C	2715
5017	qhQAywOYz10C	2716
5018	qhQAywOYz10C	2717
5019	qhQAywOYz10C	2718
5020	qhQAywOYz10C	2719
5021	qhQAywOYz10C	2720
5022	qhQAywOYz10C	2721
5023	qhQAywOYz10C	2722
5024	qhQAywOYz10C	2723
5025	qhQAywOYz10C	2724
5026	qhQAywOYz10C	2725
5027	qhQAywOYz10C	2726
5028	qhQAywOYz10C	2727
5029	qhQAywOYz10C	2728
5030	qhQAywOYz10C	2729
5031	qhQAywOYz10C	170
5032	qhQAywOYz10C	2730
5033	qhQAywOYz10C	2731
5034	qhQAywOYz10C	2732
5035	qhQAywOYz10C	2733
5036	qhQAywOYz10C	2734
5037	qhQAywOYz10C	2735
5038	qhQAywOYz10C	2736
5039	qhQAywOYz10C	2737
5040	qhQAywOYz10C	2738
5041	qhQAywOYz10C	2739
5042	qhQAywOYz10C	2740
5043	qhQAywOYz10C	2742
5044	qhQAywOYz10C	2743
5045	qhQAywOYz10C	2744
5046	qhQAywOYz10C	2745
5047	qhQAywOYz10C	2746
5048	qhQAywOYz10C	2747
5049	qhQAywOYz10C	2748
5050	qhQAywOYz10C	2749
5051	qhQAywOYz10C	2750
5052	qhQAywOYz10C	2751
5053	qhQAywOYz10C	2752
5054	qhQAywOYz10C	2753
5055	qhQAywOYz10C	2754
5056	qhQAywOYz10C	2755
5057	qhQAywOYz10C	2756
5058	qhQAywOYz10C	2757
5059	qhQAywOYz10C	2758
5060	qhQAywOYz10C	2759
5061	qhQAywOYz10C	2760
5062	qhQAywOYz10C	2761
5063	qhQAywOYz10C	2762
5064	qhQAywOYz10C	2763
5065	qhQAywOYz10C	2764
5066	qhQAywOYz10C	2765
5067	qhQAywOYz10C	2766
5068	qhQAywOYz10C	2767
5069	qhQAywOYz10C	2768
5070	qhQAywOYz10C	2769
5071	qhQAywOYz10C	2770
5072	qhQAywOYz10C	2771
5073	qhQAywOYz10C	2772
5074	qhQAywOYz10C	2773
5075	qhQAywOYz10C	2774
5076	qhQAywOYz10C	2775
5077	qhQAywOYz10C	2776
5078	qhQAywOYz10C	2777
5079	qhQAywOYz10C	2778
5080	qhQAywOYz10C	2779
5081	qhQAywOYz10C	2780
5082	qhQAywOYz10C	2781
5083	qhQAywOYz10C	734
5084	qhQAywOYz10C	229
5085	qhQAywOYz10C	1269
5086	qhQAywOYz10C	1281
5087	qhQAywOYz10C	1289
5088	qhQAywOYz10C	269
5089	qhQAywOYz10C	286
5090	qhQAywOYz10C	1317
5091	qhQAywOYz10C	1332
5092	qhQAywOYz10C	1340
5093	qhQAywOYz10C	646
5094	qhQAywOYz10C	389
5095	qhQAywOYz10C	414
5096	qhQAywOYz10C	2741
5097	qhQAywOYz10C	2045
5098	vH3LDwAAQBAJ	2784
5099	vH3LDwAAQBAJ	2785
5100	vH3LDwAAQBAJ	2786
5101	vH3LDwAAQBAJ	2787
5102	vH3LDwAAQBAJ	70
5103	vH3LDwAAQBAJ	232
5104	vH3LDwAAQBAJ	1834
5105	vH3LDwAAQBAJ	240
5106	vH3LDwAAQBAJ	1464
5107	vH3LDwAAQBAJ	58
5108	vH3LDwAAQBAJ	2782
5109	vH3LDwAAQBAJ	2783
5110	t5yFTpIJYhcC	1537
5111	t5yFTpIJYhcC	6
5112	t5yFTpIJYhcC	11
5113	t5yFTpIJYhcC	22
5114	t5yFTpIJYhcC	24
5115	t5yFTpIJYhcC	545
5116	t5yFTpIJYhcC	34
5117	t5yFTpIJYhcC	547
5118	t5yFTpIJYhcC	36
5119	t5yFTpIJYhcC	44
5120	t5yFTpIJYhcC	52
5121	t5yFTpIJYhcC	58
5122	t5yFTpIJYhcC	61
5123	t5yFTpIJYhcC	576
5124	t5yFTpIJYhcC	578
5125	t5yFTpIJYhcC	2645
5126	t5yFTpIJYhcC	598
5127	t5yFTpIJYhcC	103
5128	t5yFTpIJYhcC	107
5129	t5yFTpIJYhcC	620
5130	t5yFTpIJYhcC	112
5131	t5yFTpIJYhcC	1137
5132	t5yFTpIJYhcC	625
5133	t5yFTpIJYhcC	644
5134	t5yFTpIJYhcC	136
5135	t5yFTpIJYhcC	1161
5136	t5yFTpIJYhcC	137
5137	t5yFTpIJYhcC	651
5138	t5yFTpIJYhcC	1164
5139	t5yFTpIJYhcC	232
5140	t5yFTpIJYhcC	146
5141	t5yFTpIJYhcC	660
5142	t5yFTpIJYhcC	151
5143	t5yFTpIJYhcC	743
5144	t5yFTpIJYhcC	2208
5145	t5yFTpIJYhcC	1185
5146	t5yFTpIJYhcC	162
5147	t5yFTpIJYhcC	163
5148	t5yFTpIJYhcC	676
5149	t5yFTpIJYhcC	681
5150	t5yFTpIJYhcC	238
5151	t5yFTpIJYhcC	180
5152	t5yFTpIJYhcC	1721
5153	t5yFTpIJYhcC	1722
5154	t5yFTpIJYhcC	242
5155	t5yFTpIJYhcC	195
5156	t5yFTpIJYhcC	1226
5157	t5yFTpIJYhcC	205
5158	t5yFTpIJYhcC	211
5159	t5yFTpIJYhcC	218
5160	t5yFTpIJYhcC	2781
5161	t5yFTpIJYhcC	757
5162	t5yFTpIJYhcC	2788
5163	t5yFTpIJYhcC	229
5164	t5yFTpIJYhcC	2789
5165	t5yFTpIJYhcC	2790
5166	t5yFTpIJYhcC	2791
5167	t5yFTpIJYhcC	2792
5168	t5yFTpIJYhcC	2793
5169	t5yFTpIJYhcC	2794
5170	t5yFTpIJYhcC	2795
5171	t5yFTpIJYhcC	2796
5172	t5yFTpIJYhcC	2797
5173	t5yFTpIJYhcC	2798
5174	t5yFTpIJYhcC	2799
5175	t5yFTpIJYhcC	2800
5176	t5yFTpIJYhcC	2801
5177	t5yFTpIJYhcC	2802
5178	t5yFTpIJYhcC	2803
5179	t5yFTpIJYhcC	2804
5180	t5yFTpIJYhcC	2805
5181	t5yFTpIJYhcC	2807
5182	t5yFTpIJYhcC	2808
5183	t5yFTpIJYhcC	2809
5184	t5yFTpIJYhcC	2810
5185	t5yFTpIJYhcC	2811
5186	t5yFTpIJYhcC	2806
5187	t5yFTpIJYhcC	2812
5188	t5yFTpIJYhcC	2813
5189	t5yFTpIJYhcC	2814
5190	t5yFTpIJYhcC	2816
5191	t5yFTpIJYhcC	2817
5192	t5yFTpIJYhcC	2815
5193	t5yFTpIJYhcC	2818
5194	t5yFTpIJYhcC	254
5195	t5yFTpIJYhcC	2819
5196	t5yFTpIJYhcC	2820
5197	t5yFTpIJYhcC	2821
5198	t5yFTpIJYhcC	2822
5199	t5yFTpIJYhcC	265
5200	t5yFTpIJYhcC	266
5201	t5yFTpIJYhcC	2823
5202	t5yFTpIJYhcC	2824
5203	t5yFTpIJYhcC	269
5204	t5yFTpIJYhcC	2825
5205	t5yFTpIJYhcC	2826
5206	t5yFTpIJYhcC	1296
5207	t5yFTpIJYhcC	2827
5208	t5yFTpIJYhcC	2828
5209	t5yFTpIJYhcC	2829
5210	t5yFTpIJYhcC	2830
5211	t5yFTpIJYhcC	764
5212	t5yFTpIJYhcC	2831
5213	t5yFTpIJYhcC	2832
5214	t5yFTpIJYhcC	2833
5215	t5yFTpIJYhcC	2834
5216	t5yFTpIJYhcC	2835
5217	t5yFTpIJYhcC	2836
5218	t5yFTpIJYhcC	294
5219	t5yFTpIJYhcC	1331
5220	t5yFTpIJYhcC	308
5221	t5yFTpIJYhcC	318
5222	t5yFTpIJYhcC	1346
5223	t5yFTpIJYhcC	334
5224	t5yFTpIJYhcC	345
5225	t5yFTpIJYhcC	348
5226	t5yFTpIJYhcC	349
5227	t5yFTpIJYhcC	350
5228	t5yFTpIJYhcC	352
5229	t5yFTpIJYhcC	366
5230	t5yFTpIJYhcC	378
5231	t5yFTpIJYhcC	384
5232	t5yFTpIJYhcC	389
5233	t5yFTpIJYhcC	392
5234	t5yFTpIJYhcC	414
5235	t5yFTpIJYhcC	422
5236	t5yFTpIJYhcC	437
5237	t5yFTpIJYhcC	2496
5238	t5yFTpIJYhcC	2504
5239	t5yFTpIJYhcC	1992
5240	t5yFTpIJYhcC	476
5241	t5yFTpIJYhcC	490
5242	t5yFTpIJYhcC	1020
5243	W4r7lF_MSMYC	3
5244	W4r7lF_MSMYC	6
5245	W4r7lF_MSMYC	9
5246	W4r7lF_MSMYC	10
5247	W4r7lF_MSMYC	11
5248	W4r7lF_MSMYC	13
5249	W4r7lF_MSMYC	14
5250	W4r7lF_MSMYC	16
5251	W4r7lF_MSMYC	17
5252	W4r7lF_MSMYC	19
5253	W4r7lF_MSMYC	22
5254	W4r7lF_MSMYC	24
5255	W4r7lF_MSMYC	538
5256	W4r7lF_MSMYC	30
5257	W4r7lF_MSMYC	31
5258	W4r7lF_MSMYC	34
5259	W4r7lF_MSMYC	35
5260	W4r7lF_MSMYC	36
5261	W4r7lF_MSMYC	2601
5262	W4r7lF_MSMYC	41
5263	W4r7lF_MSMYC	55
5264	W4r7lF_MSMYC	2103
5265	W4r7lF_MSMYC	57
5266	W4r7lF_MSMYC	58
5267	W4r7lF_MSMYC	61
5268	W4r7lF_MSMYC	112
5269	W4r7lF_MSMYC	120
5270	W4r7lF_MSMYC	145
5271	W4r7lF_MSMYC	147
5272	W4r7lF_MSMYC	148
5273	W4r7lF_MSMYC	154
5274	W4r7lF_MSMYC	669
5275	W4r7lF_MSMYC	159
5276	W4r7lF_MSMYC	161
5277	W4r7lF_MSMYC	170
5278	W4r7lF_MSMYC	175
5279	W4r7lF_MSMYC	181
5280	W4r7lF_MSMYC	182
5281	W4r7lF_MSMYC	2234
5282	W4r7lF_MSMYC	186
5283	W4r7lF_MSMYC	711
5284	W4r7lF_MSMYC	2764
5285	W4r7lF_MSMYC	211
5286	W4r7lF_MSMYC	213
5287	W4r7lF_MSMYC	218
5288	W4r7lF_MSMYC	219
5289	W4r7lF_MSMYC	224
5290	W4r7lF_MSMYC	232
5291	W4r7lF_MSMYC	746
5292	W4r7lF_MSMYC	234
5293	W4r7lF_MSMYC	247
5294	W4r7lF_MSMYC	254
5295	W4r7lF_MSMYC	2837
5296	W4r7lF_MSMYC	2838
5297	W4r7lF_MSMYC	2839
5298	W4r7lF_MSMYC	2840
5299	W4r7lF_MSMYC	2841
5300	W4r7lF_MSMYC	2842
5301	W4r7lF_MSMYC	2843
5302	W4r7lF_MSMYC	2844
5303	W4r7lF_MSMYC	2845
5304	W4r7lF_MSMYC	2846
5305	W4r7lF_MSMYC	2847
5306	W4r7lF_MSMYC	2848
5307	W4r7lF_MSMYC	2849
5308	W4r7lF_MSMYC	2850
5309	W4r7lF_MSMYC	2851
5310	W4r7lF_MSMYC	2852
5311	W4r7lF_MSMYC	2853
5312	W4r7lF_MSMYC	2854
5313	W4r7lF_MSMYC	1857
5314	W4r7lF_MSMYC	1859
5315	W4r7lF_MSMYC	2371
5316	W4r7lF_MSMYC	1356
5317	W4r7lF_MSMYC	350
5318	W4r7lF_MSMYC	864
5319	W4r7lF_MSMYC	1900
5320	W4r7lF_MSMYC	366
5321	W4r7lF_MSMYC	916
5322	W4r7lF_MSMYC	474
5323	W4r7lF_MSMYC	994
5324	rpLxEAAAQBAJ	96
5325	rpLxEAAAQBAJ	806
5326	rpLxEAAAQBAJ	2855
5327	J04YAAAAYAAJ	521
5328	J04YAAAAYAAJ	11
5329	J04YAAAAYAAJ	21
5330	J04YAAAAYAAJ	22
5331	J04YAAAAYAAJ	24
5332	J04YAAAAYAAJ	34
5333	J04YAAAAYAAJ	35
5334	J04YAAAAYAAJ	36
5335	J04YAAAAYAAJ	38
5336	J04YAAAAYAAJ	41
5337	J04YAAAAYAAJ	1077
5338	J04YAAAAYAAJ	58
5339	J04YAAAAYAAJ	61
5340	J04YAAAAYAAJ	318
5341	J04YAAAAYAAJ	73
5342	J04YAAAAYAAJ	2649
5343	J04YAAAAYAAJ	1116
5344	J04YAAAAYAAJ	101
5345	J04YAAAAYAAJ	1127
5346	J04YAAAAYAAJ	2362
5347	J04YAAAAYAAJ	631
5348	J04YAAAAYAAJ	120
5349	J04YAAAAYAAJ	124
5350	J04YAAAAYAAJ	646
5351	J04YAAAAYAAJ	1168
5352	J04YAAAAYAAJ	159
5353	J04YAAAAYAAJ	162
5354	J04YAAAAYAAJ	688
5355	J04YAAAAYAAJ	191
5356	J04YAAAAYAAJ	194
5357	J04YAAAAYAAJ	195
5358	J04YAAAAYAAJ	2267
5359	J04YAAAAYAAJ	229
5360	J04YAAAAYAAJ	2794
5361	J04YAAAAYAAJ	237
5362	J04YAAAAYAAJ	238
5363	J04YAAAAYAAJ	764
5364	J04YAAAAYAAJ	253
5365	J04YAAAAYAAJ	269
5366	J04YAAAAYAAJ	2832
5367	J04YAAAAYAAJ	274
5368	J04YAAAAYAAJ	294
5369	J04YAAAAYAAJ	2856
5370	J04YAAAAYAAJ	2857
5371	J04YAAAAYAAJ	2858
5372	J04YAAAAYAAJ	2859
5373	J04YAAAAYAAJ	2860
5374	J04YAAAAYAAJ	2861
5375	J04YAAAAYAAJ	2862
5376	J04YAAAAYAAJ	2863
5377	J04YAAAAYAAJ	2864
5378	J04YAAAAYAAJ	2865
5379	J04YAAAAYAAJ	2866
5380	J04YAAAAYAAJ	2867
5381	J04YAAAAYAAJ	308
5382	J04YAAAAYAAJ	2868
5383	J04YAAAAYAAJ	2869
5384	J04YAAAAYAAJ	2870
5385	J04YAAAAYAAJ	2871
5386	J04YAAAAYAAJ	2872
5387	J04YAAAAYAAJ	2873
5388	J04YAAAAYAAJ	2874
5389	J04YAAAAYAAJ	2875
5390	J04YAAAAYAAJ	2876
5391	J04YAAAAYAAJ	2877
5392	J04YAAAAYAAJ	2878
5393	J04YAAAAYAAJ	2879
5394	J04YAAAAYAAJ	2880
5395	J04YAAAAYAAJ	2881
5396	J04YAAAAYAAJ	2882
5397	J04YAAAAYAAJ	2883
5398	J04YAAAAYAAJ	2884
5399	J04YAAAAYAAJ	2885
5400	J04YAAAAYAAJ	2886
5401	J04YAAAAYAAJ	2887
5402	J04YAAAAYAAJ	2888
5403	J04YAAAAYAAJ	2889
5404	J04YAAAAYAAJ	2890
5405	J04YAAAAYAAJ	2891
5406	J04YAAAAYAAJ	837
5407	J04YAAAAYAAJ	334
5408	J04YAAAAYAAJ	2892
5409	J04YAAAAYAAJ	2893
5410	J04YAAAAYAAJ	2894
5411	J04YAAAAYAAJ	2895
5412	J04YAAAAYAAJ	2896
5413	J04YAAAAYAAJ	2897
5414	J04YAAAAYAAJ	2898
5415	J04YAAAAYAAJ	2899
5416	J04YAAAAYAAJ	2900
5417	J04YAAAAYAAJ	2901
5418	J04YAAAAYAAJ	345
5419	J04YAAAAYAAJ	2902
5420	J04YAAAAYAAJ	2903
5421	J04YAAAAYAAJ	348
5422	J04YAAAAYAAJ	2904
5423	J04YAAAAYAAJ	2905
5424	J04YAAAAYAAJ	2906
5425	J04YAAAAYAAJ	2907
5426	J04YAAAAYAAJ	2908
5427	J04YAAAAYAAJ	2909
5428	J04YAAAAYAAJ	2910
5429	J04YAAAAYAAJ	2911
5430	J04YAAAAYAAJ	2912
5431	J04YAAAAYAAJ	2913
5432	J04YAAAAYAAJ	2914
5433	J04YAAAAYAAJ	389
5434	J04YAAAAYAAJ	1428
5435	J04YAAAAYAAJ	414
5436	J04YAAAAYAAJ	422
5437	J04YAAAAYAAJ	437
5438	J04YAAAAYAAJ	442
5439	J04YAAAAYAAJ	2003
5440	J04YAAAAYAAJ	2034
5441	J04YAAAAYAAJ	510
5442	ittzoegmRpAC	513
5443	ittzoegmRpAC	2178
5444	ittzoegmRpAC	1155
5445	ittzoegmRpAC	139
5446	ittzoegmRpAC	269
5447	ittzoegmRpAC	17
5448	ittzoegmRpAC	403
5449	ittzoegmRpAC	21
5450	ittzoegmRpAC	407
5451	ittzoegmRpAC	548
5452	ittzoegmRpAC	294
5453	ittzoegmRpAC	2170
5454	ittzoegmRpAC	2220
5455	ittzoegmRpAC	437
5456	ittzoegmRpAC	1078
5457	ittzoegmRpAC	58
5458	ittzoegmRpAC	61
5459	ittzoegmRpAC	318
5460	ittzoegmRpAC	320
5461	ittzoegmRpAC	323
5462	ittzoegmRpAC	68
5463	ittzoegmRpAC	71
5464	ittzoegmRpAC	211
5465	ittzoegmRpAC	1110
5466	ittzoegmRpAC	343
5467	ittzoegmRpAC	96
5468	ittzoegmRpAC	2915
5469	ittzoegmRpAC	2916
5470	ittzoegmRpAC	101
5471	ittzoegmRpAC	2917
5472	ittzoegmRpAC	2918
5473	ittzoegmRpAC	2919
5474	ittzoegmRpAC	617
5475	ittzoegmRpAC	2149
5476	ittzoegmRpAC	2920
5477	ittzoegmRpAC	2921
5478	ittzoegmRpAC	2922
5479	ittzoegmRpAC	494
5480	ittzoegmRpAC	2923
5481	ittzoegmRpAC	757
5482	ittzoegmRpAC	378
5483	ittzoegmRpAC	2814
5484	Ss5PDQAAQBAJ	1921
5485	Ss5PDQAAQBAJ	269
5486	Ss5PDQAAQBAJ	21
5487	Ss5PDQAAQBAJ	289
5488	Ss5PDQAAQBAJ	294
5489	Ss5PDQAAQBAJ	301
5490	Ss5PDQAAQBAJ	691
5491	Ss5PDQAAQBAJ	308
5492	Ss5PDQAAQBAJ	569
5493	Ss5PDQAAQBAJ	1082
5494	Ss5PDQAAQBAJ	58
5495	Ss5PDQAAQBAJ	2938
5496	Ss5PDQAAQBAJ	68
5497	Ss5PDQAAQBAJ	337
5498	Ss5PDQAAQBAJ	348
5499	Ss5PDQAAQBAJ	743
5500	Ss5PDQAAQBAJ	2924
5501	Ss5PDQAAQBAJ	2925
5502	Ss5PDQAAQBAJ	2926
5503	Ss5PDQAAQBAJ	2927
5504	Ss5PDQAAQBAJ	2928
5505	Ss5PDQAAQBAJ	2929
5506	Ss5PDQAAQBAJ	2930
5507	Ss5PDQAAQBAJ	2931
5508	Ss5PDQAAQBAJ	2932
5509	Ss5PDQAAQBAJ	2933
5510	Ss5PDQAAQBAJ	2934
5511	Ss5PDQAAQBAJ	2935
5512	Ss5PDQAAQBAJ	2936
5513	Ss5PDQAAQBAJ	2937
5514	Ss5PDQAAQBAJ	378
5515	Ss5PDQAAQBAJ	2939
5516	Ss5PDQAAQBAJ	2940
5517	Ss5PDQAAQBAJ	2941
5518	WYSLDQAAQBAJ	2944
5519	WYSLDQAAQBAJ	2945
5520	WYSLDQAAQBAJ	2946
5521	WYSLDQAAQBAJ	2947
5522	WYSLDQAAQBAJ	2948
5523	WYSLDQAAQBAJ	2949
5524	WYSLDQAAQBAJ	650
5525	WYSLDQAAQBAJ	2193
5526	WYSLDQAAQBAJ	662
5527	WYSLDQAAQBAJ	151
5528	WYSLDQAAQBAJ	23
5529	WYSLDQAAQBAJ	538
5530	WYSLDQAAQBAJ	2208
5531	WYSLDQAAQBAJ	33
5532	WYSLDQAAQBAJ	163
5533	WYSLDQAAQBAJ	38
5534	WYSLDQAAQBAJ	41
5535	WYSLDQAAQBAJ	180
5536	WYSLDQAAQBAJ	58
5537	WYSLDQAAQBAJ	61
5538	WYSLDQAAQBAJ	191
5539	WYSLDQAAQBAJ	195
5540	WYSLDQAAQBAJ	211
5541	WYSLDQAAQBAJ	993
5542	WYSLDQAAQBAJ	232
5543	WYSLDQAAQBAJ	1768
5544	WYSLDQAAQBAJ	2942
5545	WYSLDQAAQBAJ	2943
5546	ghKyLjIU4-QC	2950
5547	ghKyLjIU4-QC	2951
5548	ghKyLjIU4-QC	2952
5549	ghKyLjIU4-QC	2953
5550	ghKyLjIU4-QC	2954
5551	ghKyLjIU4-QC	9
5552	ghKyLjIU4-QC	2955
5553	ghKyLjIU4-QC	2956
5554	ghKyLjIU4-QC	2957
5555	ghKyLjIU4-QC	2958
5556	ghKyLjIU4-QC	2959
5557	ghKyLjIU4-QC	2960
5558	ghKyLjIU4-QC	2961
5559	ghKyLjIU4-QC	147
5560	ghKyLjIU4-QC	2962
5561	ghKyLjIU4-QC	2963
5562	ghKyLjIU4-QC	2964
5563	ghKyLjIU4-QC	23
5564	ghKyLjIU4-QC	151
5565	ghKyLjIU4-QC	789
5566	ghKyLjIU4-QC	538
5567	ghKyLjIU4-QC	2965
5568	ghKyLjIU4-QC	2966
5569	ghKyLjIU4-QC	2967
5570	ghKyLjIU4-QC	34
5571	ghKyLjIU4-QC	163
5572	ghKyLjIU4-QC	180
5573	ghKyLjIU4-QC	58
5574	ghKyLjIU4-QC	61
5575	ghKyLjIU4-QC	195
5576	ghKyLjIU4-QC	740
5577	ghKyLjIU4-QC	232
5578	ghKyLjIU4-QC	238
5579	ghKyLjIU4-QC	2676
5580	BfyLDQAAQBAJ	2575
5581	BfyLDQAAQBAJ	656
5582	BfyLDQAAQBAJ	17
5583	BfyLDQAAQBAJ	148
5584	BfyLDQAAQBAJ	2968
5585	BfyLDQAAQBAJ	2969
5586	BfyLDQAAQBAJ	2970
5587	BfyLDQAAQBAJ	2971
5588	BfyLDQAAQBAJ	2972
5589	BfyLDQAAQBAJ	668
5590	BfyLDQAAQBAJ	2973
5591	BfyLDQAAQBAJ	2974
5592	BfyLDQAAQBAJ	2976
5593	BfyLDQAAQBAJ	2975
5594	BfyLDQAAQBAJ	2977
5595	BfyLDQAAQBAJ	35
5596	BfyLDQAAQBAJ	2978
5597	BfyLDQAAQBAJ	2979
5598	BfyLDQAAQBAJ	2980
5599	BfyLDQAAQBAJ	2981
5600	BfyLDQAAQBAJ	2982
5601	BfyLDQAAQBAJ	1688
5602	BfyLDQAAQBAJ	686
5603	BfyLDQAAQBAJ	814
5604	BfyLDQAAQBAJ	183
5605	BfyLDQAAQBAJ	58
5606	BfyLDQAAQBAJ	64
5607	BfyLDQAAQBAJ	2370
5608	BfyLDQAAQBAJ	195
5609	BfyLDQAAQBAJ	70
5610	BfyLDQAAQBAJ	73
5611	BfyLDQAAQBAJ	468
5612	BfyLDQAAQBAJ	1110
5613	BfyLDQAAQBAJ	473
5614	BfyLDQAAQBAJ	487
5615	BfyLDQAAQBAJ	232
5616	BfyLDQAAQBAJ	234
5617	BfyLDQAAQBAJ	497
5618	BfyLDQAAQBAJ	24
5619	BfyLDQAAQBAJ	506
5620	O8GmVV4IGR8C	515
5621	O8GmVV4IGR8C	2570
5622	O8GmVV4IGR8C	31
5623	O8GmVV4IGR8C	35
5624	O8GmVV4IGR8C	58
5625	O8GmVV4IGR8C	70
5626	O8GmVV4IGR8C	1101
5627	O8GmVV4IGR8C	1614
5628	O8GmVV4IGR8C	1638
5629	O8GmVV4IGR8C	1647
5630	O8GmVV4IGR8C	112
5631	O8GmVV4IGR8C	129
5632	O8GmVV4IGR8C	136
5633	O8GmVV4IGR8C	148
5634	O8GmVV4IGR8C	1458
5635	O8GmVV4IGR8C	2236
5636	O8GmVV4IGR8C	200
5637	O8GmVV4IGR8C	211
5638	O8GmVV4IGR8C	219
5639	O8GmVV4IGR8C	228
5640	O8GmVV4IGR8C	234
5641	O8GmVV4IGR8C	766
5642	O8GmVV4IGR8C	787
5643	O8GmVV4IGR8C	2326
5644	O8GmVV4IGR8C	303
5645	O8GmVV4IGR8C	2391
5646	O8GmVV4IGR8C	860
5647	O8GmVV4IGR8C	872
5648	O8GmVV4IGR8C	365
5649	O8GmVV4IGR8C	884
5650	O8GmVV4IGR8C	901
5651	O8GmVV4IGR8C	1423
5652	O8GmVV4IGR8C	2959
5653	O8GmVV4IGR8C	2983
5654	O8GmVV4IGR8C	2984
5655	O8GmVV4IGR8C	2985
5656	O8GmVV4IGR8C	2986
5657	O8GmVV4IGR8C	2987
5658	O8GmVV4IGR8C	1452
5659	O8GmVV4IGR8C	2988
5660	O8GmVV4IGR8C	2989
5661	O8GmVV4IGR8C	2990
5662	O8GmVV4IGR8C	2991
5663	O8GmVV4IGR8C	2992
5664	O8GmVV4IGR8C	2993
5665	O8GmVV4IGR8C	2994
5666	O8GmVV4IGR8C	2995
5667	O8GmVV4IGR8C	2996
5668	O8GmVV4IGR8C	2997
5669	O8GmVV4IGR8C	2998
5670	O8GmVV4IGR8C	2999
5671	O8GmVV4IGR8C	3000
5672	O8GmVV4IGR8C	3001
5673	O8GmVV4IGR8C	3002
5674	O8GmVV4IGR8C	3003
5675	O8GmVV4IGR8C	3004
5676	O8GmVV4IGR8C	3005
5677	O8GmVV4IGR8C	3006
5678	O8GmVV4IGR8C	3007
5679	O8GmVV4IGR8C	3008
5680	O8GmVV4IGR8C	3009
5681	O8GmVV4IGR8C	3010
5682	O8GmVV4IGR8C	3011
5683	O8GmVV4IGR8C	3012
5684	O8GmVV4IGR8C	3013
5685	O8GmVV4IGR8C	3014
5686	O8GmVV4IGR8C	3015
5687	O8GmVV4IGR8C	3016
5688	O8GmVV4IGR8C	3017
5689	O8GmVV4IGR8C	3018
5690	O8GmVV4IGR8C	1484
5691	O8GmVV4IGR8C	3020
5692	O8GmVV4IGR8C	3019
5693	O8GmVV4IGR8C	3021
5694	O8GmVV4IGR8C	3022
5695	O8GmVV4IGR8C	3023
5696	O8GmVV4IGR8C	3024
5697	O8GmVV4IGR8C	3025
5698	O8GmVV4IGR8C	468
5699	O8GmVV4IGR8C	3026
5700	O8GmVV4IGR8C	3027
5701	O8GmVV4IGR8C	3028
5702	O8GmVV4IGR8C	3029
5703	O8GmVV4IGR8C	3030
5704	O8GmVV4IGR8C	3031
5705	O8GmVV4IGR8C	3032
5706	O8GmVV4IGR8C	3033
5707	O8GmVV4IGR8C	3034
5708	O8GmVV4IGR8C	3035
5709	O8GmVV4IGR8C	3036
5710	O8GmVV4IGR8C	3037
5711	O8GmVV4IGR8C	993
5712	O8GmVV4IGR8C	3038
5713	O8GmVV4IGR8C	3039
5714	O8GmVV4IGR8C	3040
5715	O8GmVV4IGR8C	3041
5716	O8GmVV4IGR8C	3042
5717	O8GmVV4IGR8C	487
5718	O8GmVV4IGR8C	2029
5719	O8GmVV4IGR8C	2032
5720	O8GmVV4IGR8C	2033
5721	O8GmVV4IGR8C	2037
5722	O8GmVV4IGR8C	2041
5723	O8GmVV4IGR8C	506
5724	1pCbDwAAQBAJ	521
5725	1pCbDwAAQBAJ	148
5726	1pCbDwAAQBAJ	150
5727	1pCbDwAAQBAJ	36
5728	1pCbDwAAQBAJ	41
5729	1pCbDwAAQBAJ	1708
5730	1pCbDwAAQBAJ	1838
5731	1pCbDwAAQBAJ	174
5732	1pCbDwAAQBAJ	1072
5733	1pCbDwAAQBAJ	1331
5734	1pCbDwAAQBAJ	565
5735	1pCbDwAAQBAJ	58
5736	1pCbDwAAQBAJ	955
5737	1pCbDwAAQBAJ	61
5738	1pCbDwAAQBAJ	1346
5739	1pCbDwAAQBAJ	2635
5740	1pCbDwAAQBAJ	211
5741	1pCbDwAAQBAJ	352
5742	1pCbDwAAQBAJ	3043
5743	1pCbDwAAQBAJ	3044
5744	1pCbDwAAQBAJ	3045
5745	1pCbDwAAQBAJ	3046
5746	1pCbDwAAQBAJ	3047
5747	1pCbDwAAQBAJ	3048
5748	1pCbDwAAQBAJ	3049
5749	1pCbDwAAQBAJ	232
5750	1pCbDwAAQBAJ	234
5751	1pCbDwAAQBAJ	487
5752	1pCbDwAAQBAJ	3050
5753	1pCbDwAAQBAJ	238
5754	1pCbDwAAQBAJ	250
5755	1pCbDwAAQBAJ	112
5756	1pCbDwAAQBAJ	3051
5757	1pCbDwAAQBAJ	2040
5758	1pCbDwAAQBAJ	506
5759	1pCbDwAAQBAJ	510
5760	jA_ADwAAQBAJ	3072
5761	jA_ADwAAQBAJ	3073
5762	jA_ADwAAQBAJ	3074
5763	jA_ADwAAQBAJ	3075
5764	jA_ADwAAQBAJ	3076
5765	jA_ADwAAQBAJ	3077
5766	jA_ADwAAQBAJ	3078
5767	jA_ADwAAQBAJ	3079
5768	jA_ADwAAQBAJ	1927
5769	jA_ADwAAQBAJ	3080
5770	jA_ADwAAQBAJ	3081
5771	jA_ADwAAQBAJ	3082
5772	jA_ADwAAQBAJ	3083
5773	jA_ADwAAQBAJ	2182
5774	jA_ADwAAQBAJ	526
5775	jA_ADwAAQBAJ	3084
5776	jA_ADwAAQBAJ	255
5777	jA_ADwAAQBAJ	3085
5778	jA_ADwAAQBAJ	3086
5779	jA_ADwAAQBAJ	2326
5780	jA_ADwAAQBAJ	22
5781	jA_ADwAAQBAJ	151
5782	jA_ADwAAQBAJ	31
5783	jA_ADwAAQBAJ	36
5784	jA_ADwAAQBAJ	41
5785	jA_ADwAAQBAJ	173
5786	jA_ADwAAQBAJ	174
5787	jA_ADwAAQBAJ	2095
5788	jA_ADwAAQBAJ	3063
5789	jA_ADwAAQBAJ	180
5790	jA_ADwAAQBAJ	57
5791	jA_ADwAAQBAJ	58
5792	jA_ADwAAQBAJ	61
5793	jA_ADwAAQBAJ	190
5794	jA_ADwAAQBAJ	1474
5795	jA_ADwAAQBAJ	323
5796	jA_ADwAAQBAJ	709
5797	jA_ADwAAQBAJ	711
5798	jA_ADwAAQBAJ	1868
5799	jA_ADwAAQBAJ	204
5800	jA_ADwAAQBAJ	850
5801	jA_ADwAAQBAJ	211
5802	jA_ADwAAQBAJ	3070
5803	jA_ADwAAQBAJ	1625
5804	jA_ADwAAQBAJ	2522
5805	jA_ADwAAQBAJ	476
5806	jA_ADwAAQBAJ	1629
5807	jA_ADwAAQBAJ	120
5808	jA_ADwAAQBAJ	734
5809	jA_ADwAAQBAJ	3040
5810	jA_ADwAAQBAJ	1378
5811	jA_ADwAAQBAJ	101
5812	jA_ADwAAQBAJ	229
5813	jA_ADwAAQBAJ	2791
5814	jA_ADwAAQBAJ	2922
5815	jA_ADwAAQBAJ	3052
5816	jA_ADwAAQBAJ	3053
5817	jA_ADwAAQBAJ	3054
5818	jA_ADwAAQBAJ	3055
5819	jA_ADwAAQBAJ	3056
5820	jA_ADwAAQBAJ	3057
5821	jA_ADwAAQBAJ	3058
5822	jA_ADwAAQBAJ	3059
5823	jA_ADwAAQBAJ	3060
5824	jA_ADwAAQBAJ	3061
5825	jA_ADwAAQBAJ	3062
5826	jA_ADwAAQBAJ	247
5827	jA_ADwAAQBAJ	3064
5828	jA_ADwAAQBAJ	3065
5829	jA_ADwAAQBAJ	3066
5830	jA_ADwAAQBAJ	3067
5831	jA_ADwAAQBAJ	3068
5832	jA_ADwAAQBAJ	3069
5833	jA_ADwAAQBAJ	254
5834	jA_ADwAAQBAJ	3071
5835	jM5vzwEACAAJ	1
5836	jM5vzwEACAAJ	3
5837	jM5vzwEACAAJ	773
5838	jM5vzwEACAAJ	133
5839	jM5vzwEACAAJ	6
5840	jM5vzwEACAAJ	1033
5841	jM5vzwEACAAJ	11
5842	jM5vzwEACAAJ	3087
5843	jM5vzwEACAAJ	3088
5844	jM5vzwEACAAJ	3089
5845	jM5vzwEACAAJ	3090
5846	jM5vzwEACAAJ	3091
5847	jM5vzwEACAAJ	3092
5848	jM5vzwEACAAJ	3093
5849	jM5vzwEACAAJ	3094
5850	jM5vzwEACAAJ	1559
5851	jM5vzwEACAAJ	3096
5852	jM5vzwEACAAJ	3097
5853	jM5vzwEACAAJ	3095
5854	jM5vzwEACAAJ	786
5855	jM5vzwEACAAJ	3098
5856	jM5vzwEACAAJ	2333
5857	jM5vzwEACAAJ	3099
5858	jM5vzwEACAAJ	1948
5859	jM5vzwEACAAJ	3100
5860	jM5vzwEACAAJ	3101
5861	jM5vzwEACAAJ	3102
5862	jM5vzwEACAAJ	35
5863	jM5vzwEACAAJ	36
5864	jM5vzwEACAAJ	1445
5865	jM5vzwEACAAJ	38
5866	jM5vzwEACAAJ	3103
5867	jM5vzwEACAAJ	3104
5868	jM5vzwEACAAJ	3105
5869	jM5vzwEACAAJ	3106
5870	jM5vzwEACAAJ	3107
5871	jM5vzwEACAAJ	3108
5872	jM5vzwEACAAJ	173
5873	jM5vzwEACAAJ	3109
5874	jM5vzwEACAAJ	798
5875	jM5vzwEACAAJ	3111
5876	jM5vzwEACAAJ	41
5877	jM5vzwEACAAJ	3112
5878	jM5vzwEACAAJ	3113
5879	jM5vzwEACAAJ	180
5880	jM5vzwEACAAJ	3110
5881	jM5vzwEACAAJ	3114
5882	jM5vzwEACAAJ	3118
5883	jM5vzwEACAAJ	3119
5884	jM5vzwEACAAJ	3115
5885	jM5vzwEACAAJ	58
5886	jM5vzwEACAAJ	442
5887	jM5vzwEACAAJ	1596
5888	jM5vzwEACAAJ	61
5889	jM5vzwEACAAJ	3116
5890	jM5vzwEACAAJ	323
5891	jM5vzwEACAAJ	3117
5892	jM5vzwEACAAJ	456
5893	jM5vzwEACAAJ	73
5894	jM5vzwEACAAJ	204
5895	jM5vzwEACAAJ	222
5896	jM5vzwEACAAJ	487
5897	jM5vzwEACAAJ	232
5898	jM5vzwEACAAJ	148
5899	jM5vzwEACAAJ	234
5900	jM5vzwEACAAJ	494
5901	jM5vzwEACAAJ	22
5902	jM5vzwEACAAJ	149
5903	jM5vzwEACAAJ	240
5904	jM5vzwEACAAJ	241
5905	jM5vzwEACAAJ	499
5906	jM5vzwEACAAJ	1041
5907	jM5vzwEACAAJ	151
5908	jM5vzwEACAAJ	506
5909	jM5vzwEACAAJ	152
5910	jM5vzwEACAAJ	510
5911	iyfgqV5dxXQC	1
5912	iyfgqV5dxXQC	515
5913	iyfgqV5dxXQC	1155
5914	iyfgqV5dxXQC	392
5915	iyfgqV5dxXQC	520
5916	iyfgqV5dxXQC	1171
5917	iyfgqV5dxXQC	414
5918	iyfgqV5dxXQC	2338
5919	iyfgqV5dxXQC	547
5920	iyfgqV5dxXQC	1190
5921	iyfgqV5dxXQC	173
5922	iyfgqV5dxXQC	2095
5923	iyfgqV5dxXQC	3120
5924	iyfgqV5dxXQC	3121
5925	iyfgqV5dxXQC	3122
5926	iyfgqV5dxXQC	3123
5927	iyfgqV5dxXQC	3124
5928	iyfgqV5dxXQC	3125
5929	iyfgqV5dxXQC	3126
5930	iyfgqV5dxXQC	3127
5931	iyfgqV5dxXQC	437
5932	iyfgqV5dxXQC	3128
5933	iyfgqV5dxXQC	58
5934	iyfgqV5dxXQC	442
5935	iyfgqV5dxXQC	572
5936	iyfgqV5dxXQC	61
5937	iyfgqV5dxXQC	318
5938	iyfgqV5dxXQC	1983
5939	iyfgqV5dxXQC	576
5940	iyfgqV5dxXQC	323
5941	iyfgqV5dxXQC	585
5942	iyfgqV5dxXQC	204
5943	iyfgqV5dxXQC	1614
5944	iyfgqV5dxXQC	207
5945	iyfgqV5dxXQC	1870
5946	iyfgqV5dxXQC	465
5947	iyfgqV5dxXQC	2915
5948	iyfgqV5dxXQC	103
5949	iyfgqV5dxXQC	232
5950	iyfgqV5dxXQC	1132
5951	iyfgqV5dxXQC	1525
5952	iyfgqV5dxXQC	760
5953	iyfgqV5dxXQC	123
5954	_It_EAAAQBAJ	3129
5955	_It_EAAAQBAJ	2241
5956	lmy-EAAAQBAJ	129
5957	lmy-EAAAQBAJ	130
5958	lmy-EAAAQBAJ	1541
5959	lmy-EAAAQBAJ	520
5960	lmy-EAAAQBAJ	11
5961	lmy-EAAAQBAJ	23
5962	lmy-EAAAQBAJ	154
5963	lmy-EAAAQBAJ	162
5964	lmy-EAAAQBAJ	34
5965	lmy-EAAAQBAJ	36
5966	lmy-EAAAQBAJ	58
5967	lmy-EAAAQBAJ	38
5968	lmy-EAAAQBAJ	41
5969	lmy-EAAAQBAJ	170
5970	lmy-EAAAQBAJ	553
5971	lmy-EAAAQBAJ	44
5972	lmy-EAAAQBAJ	174
5973	lmy-EAAAQBAJ	689
5974	lmy-EAAAQBAJ	315
5975	lmy-EAAAQBAJ	61
5976	lmy-EAAAQBAJ	2611
5977	lmy-EAAAQBAJ	52
5978	lmy-EAAAQBAJ	1462
5979	lmy-EAAAQBAJ	437
5980	lmy-EAAAQBAJ	57
5981	lmy-EAAAQBAJ	3130
5982	lmy-EAAAQBAJ	3131
5983	lmy-EAAAQBAJ	3132
5984	lmy-EAAAQBAJ	3133
5985	lmy-EAAAQBAJ	2366
5986	lmy-EAAAQBAJ	318
5987	lmy-EAAAQBAJ	576
5988	lmy-EAAAQBAJ	3134
5989	lmy-EAAAQBAJ	1474
5990	lmy-EAAAQBAJ	3135
5991	lmy-EAAAQBAJ	3136
5992	lmy-EAAAQBAJ	325
5993	lmy-EAAAQBAJ	451
5994	lmy-EAAAQBAJ	1095
5995	lmy-EAAAQBAJ	840
5996	lmy-EAAAQBAJ	3137
5997	lmy-EAAAQBAJ	3138
5998	lmy-EAAAQBAJ	3139
5999	lmy-EAAAQBAJ	3140
6000	lmy-EAAAQBAJ	3141
6001	lmy-EAAAQBAJ	3142
6002	lmy-EAAAQBAJ	79
6003	lmy-EAAAQBAJ	719
6004	lmy-EAAAQBAJ	1232
6005	lmy-EAAAQBAJ	3144
6006	lmy-EAAAQBAJ	3145
6007	lmy-EAAAQBAJ	3147
6008	lmy-EAAAQBAJ	3146
6009	lmy-EAAAQBAJ	3149
6010	lmy-EAAAQBAJ	3150
6011	lmy-EAAAQBAJ	3151
6012	lmy-EAAAQBAJ	345
6013	lmy-EAAAQBAJ	474
6014	lmy-EAAAQBAJ	705
6015	lmy-EAAAQBAJ	3148
6016	lmy-EAAAQBAJ	738
6017	lmy-EAAAQBAJ	3143
6018	lmy-EAAAQBAJ	2276
6019	lmy-EAAAQBAJ	229
6020	lmy-EAAAQBAJ	740
6021	lmy-EAAAQBAJ	103
6022	lmy-EAAAQBAJ	746
6023	lmy-EAAAQBAJ	749
6024	lmy-EAAAQBAJ	237
6025	lmy-EAAAQBAJ	751
6026	lmy-EAAAQBAJ	112
6027	lmy-EAAAQBAJ	242
6028	5x48MQAACAAJ	3152
6029	hoGkPfds4tAC	1944
6030	hoGkPfds4tAC	24
6031	hoGkPfds4tAC	35
6032	hoGkPfds4tAC	36
6033	hoGkPfds4tAC	550
6034	hoGkPfds4tAC	1708
6035	hoGkPfds4tAC	2095
6036	hoGkPfds4tAC	58
6037	hoGkPfds4tAC	2635
6038	hoGkPfds4tAC	3153
6039	hoGkPfds4tAC	3154
6040	hoGkPfds4tAC	3155
6041	hoGkPfds4tAC	3156
6042	hoGkPfds4tAC	3157
6043	hoGkPfds4tAC	3158
6044	hoGkPfds4tAC	3159
6045	hoGkPfds4tAC	3160
6046	hoGkPfds4tAC	3161
6047	hoGkPfds4tAC	3162
6048	hoGkPfds4tAC	871
6049	hoGkPfds4tAC	3048
6050	hoGkPfds4tAC	112
6051	hoGkPfds4tAC	121
6052	hoGkPfds4tAC	2429
6053	owFWa3p5h28C	1155
6054	owFWa3p5h28C	1927
6055	owFWa3p5h28C	521
6056	owFWa3p5h28C	1423
6057	owFWa3p5h28C	1554
6058	owFWa3p5h28C	148
6059	owFWa3p5h28C	21
6060	owFWa3p5h28C	284
6061	owFWa3p5h28C	36
6062	owFWa3p5h28C	41
6063	owFWa3p5h28C	58
6064	owFWa3p5h28C	955
6065	owFWa3p5h28C	576
6066	owFWa3p5h28C	195
6067	owFWa3p5h28C	836
6068	owFWa3p5h28C	837
6069	owFWa3p5h28C	70
6070	owFWa3p5h28C	968
6071	owFWa3p5h28C	843
6072	owFWa3p5h28C	211
6073	owFWa3p5h28C	1108
6074	owFWa3p5h28C	3163
6075	owFWa3p5h28C	3164
6076	owFWa3p5h28C	3165
6077	owFWa3p5h28C	3166
6078	owFWa3p5h28C	3167
6079	owFWa3p5h28C	859
6080	owFWa3p5h28C	3168
6081	owFWa3p5h28C	3169
6082	owFWa3p5h28C	3170
6083	owFWa3p5h28C	3171
6084	owFWa3p5h28C	1632
6085	owFWa3p5h28C	3172
6086	owFWa3p5h28C	487
6087	owFWa3p5h28C	232
6088	owFWa3p5h28C	100
6089	owFWa3p5h28C	234
6090	owFWa3p5h28C	3173
6091	owFWa3p5h28C	3174
6092	owFWa3p5h28C	3175
6093	owFWa3p5h28C	1390
6094	owFWa3p5h28C	2927
6095	owFWa3p5h28C	755
6096	owFWa3p5h28C	1525
6097	owFWa3p5h28C	1401
6098	owFWa3p5h28C	506
6099	owFWa3p5h28C	510
6100	iSrI-BQqFf0C	10
6101	iSrI-BQqFf0C	906
6102	iSrI-BQqFf0C	269
6103	iSrI-BQqFf0C	232
6104	iSrI-BQqFf0C	1553
6105	iSrI-BQqFf0C	146
6106	iSrI-BQqFf0C	1554
6107	iSrI-BQqFf0C	2583
6108	iSrI-BQqFf0C	415
6109	iSrI-BQqFf0C	2979
6110	iSrI-BQqFf0C	1700
6111	iSrI-BQqFf0C	36
6112	iSrI-BQqFf0C	38
6113	iSrI-BQqFf0C	294
6114	iSrI-BQqFf0C	41
6115	iSrI-BQqFf0C	173
6116	iSrI-BQqFf0C	1465
6117	iSrI-BQqFf0C	58
6118	iSrI-BQqFf0C	442
6119	iSrI-BQqFf0C	61
6120	iSrI-BQqFf0C	323
6121	iSrI-BQqFf0C	1102
6122	iSrI-BQqFf0C	719
6123	iSrI-BQqFf0C	2254
6124	iSrI-BQqFf0C	1498
6125	iSrI-BQqFf0C	476
6126	iSrI-BQqFf0C	608
6127	iSrI-BQqFf0C	992
6128	iSrI-BQqFf0C	229
6129	iSrI-BQqFf0C	614
6130	iSrI-BQqFf0C	3176
6131	iSrI-BQqFf0C	1513
6132	iSrI-BQqFf0C	3178
6133	iSrI-BQqFf0C	3177
6134	iSrI-BQqFf0C	3179
6135	iSrI-BQqFf0C	365
6136	iSrI-BQqFf0C	494
6137	iSrI-BQqFf0C	3180
6138	iSrI-BQqFf0C	3181
6139	iSrI-BQqFf0C	3182
6140	iSrI-BQqFf0C	626
6141	iSrI-BQqFf0C	883
6142	iSrI-BQqFf0C	3183
6143	iSrI-BQqFf0C	3184
6144	iSrI-BQqFf0C	3185
6145	iSrI-BQqFf0C	2291
6146	iSrI-BQqFf0C	1908
6147	iSrI-BQqFf0C	121
6148	iSrI-BQqFf0C	764
6149	Dgv0DwAAQBAJ	9
6150	Dgv0DwAAQBAJ	10
6151	Dgv0DwAAQBAJ	17
6152	Dgv0DwAAQBAJ	1554
6153	Dgv0DwAAQBAJ	22
6154	Dgv0DwAAQBAJ	24
6155	Dgv0DwAAQBAJ	3097
6156	Dgv0DwAAQBAJ	537
6157	Dgv0DwAAQBAJ	35
6158	Dgv0DwAAQBAJ	36
6159	Dgv0DwAAQBAJ	38
6160	Dgv0DwAAQBAJ	41
6161	Dgv0DwAAQBAJ	58
6162	Dgv0DwAAQBAJ	71
6163	Dgv0DwAAQBAJ	1625
6164	Dgv0DwAAQBAJ	121
6165	Dgv0DwAAQBAJ	112
6166	Dgv0DwAAQBAJ	3186
6167	Dgv0DwAAQBAJ	3187
6168	Dgv0DwAAQBAJ	3188
6169	Dgv0DwAAQBAJ	3189
6170	Dgv0DwAAQBAJ	3190
6171	Dgv0DwAAQBAJ	3191
6172	Dgv0DwAAQBAJ	120
6173	Dgv0DwAAQBAJ	3192
6174	Dgv0DwAAQBAJ	3193
6175	Dgv0DwAAQBAJ	3194
6176	Dgv0DwAAQBAJ	3196
6177	Dgv0DwAAQBAJ	3195
6178	Dgv0DwAAQBAJ	636
6179	Dgv0DwAAQBAJ	3197
6180	Dgv0DwAAQBAJ	3200
6181	Dgv0DwAAQBAJ	3201
6182	Dgv0DwAAQBAJ	642
6183	Dgv0DwAAQBAJ	3202
6184	Dgv0DwAAQBAJ	3203
6185	Dgv0DwAAQBAJ	3204
6186	Dgv0DwAAQBAJ	3205
6187	Dgv0DwAAQBAJ	3206
6188	Dgv0DwAAQBAJ	3207
6189	Dgv0DwAAQBAJ	3208
6190	Dgv0DwAAQBAJ	3209
6191	Dgv0DwAAQBAJ	3210
6192	Dgv0DwAAQBAJ	3211
6193	Dgv0DwAAQBAJ	3212
6194	Dgv0DwAAQBAJ	3213
6195	Dgv0DwAAQBAJ	3214
6196	Dgv0DwAAQBAJ	3215
6197	Dgv0DwAAQBAJ	3216
6198	Dgv0DwAAQBAJ	3217
6199	Dgv0DwAAQBAJ	147
6200	Dgv0DwAAQBAJ	148
6201	Dgv0DwAAQBAJ	3220
6202	Dgv0DwAAQBAJ	3218
6203	Dgv0DwAAQBAJ	151
6204	Dgv0DwAAQBAJ	3219
6205	Dgv0DwAAQBAJ	3221
6206	Dgv0DwAAQBAJ	146
6207	Dgv0DwAAQBAJ	3222
6208	Dgv0DwAAQBAJ	3223
6209	Dgv0DwAAQBAJ	660
6210	Dgv0DwAAQBAJ	3224
6211	Dgv0DwAAQBAJ	3225
6212	Dgv0DwAAQBAJ	3226
6213	Dgv0DwAAQBAJ	3227
6214	Dgv0DwAAQBAJ	3228
6215	Dgv0DwAAQBAJ	3229
6216	Dgv0DwAAQBAJ	170
6217	Dgv0DwAAQBAJ	173
6218	Dgv0DwAAQBAJ	174
6219	Dgv0DwAAQBAJ	180
6220	Dgv0DwAAQBAJ	647
6221	Dgv0DwAAQBAJ	1720
6222	Dgv0DwAAQBAJ	706
6223	Dgv0DwAAQBAJ	1219
6224	Dgv0DwAAQBAJ	1732
6225	Dgv0DwAAQBAJ	1733
6226	Dgv0DwAAQBAJ	1737
6227	Dgv0DwAAQBAJ	716
6228	Dgv0DwAAQBAJ	2255
6229	Dgv0DwAAQBAJ	723
6230	Dgv0DwAAQBAJ	726
6231	Dgv0DwAAQBAJ	3198
6232	Dgv0DwAAQBAJ	3199
6233	Dgv0DwAAQBAJ	234
6234	Dgv0DwAAQBAJ	240
6235	Dgv0DwAAQBAJ	283
6236	Dgv0DwAAQBAJ	304
6237	Dgv0DwAAQBAJ	323
6238	Dgv0DwAAQBAJ	2411
6239	Dgv0DwAAQBAJ	1908
6240	Dgv0DwAAQBAJ	1909
6241	Dgv0DwAAQBAJ	1408
6242	Dgv0DwAAQBAJ	1921
6243	Dgv0DwAAQBAJ	1927
6244	Dgv0DwAAQBAJ	414
6245	Dgv0DwAAQBAJ	442
6246	Dgv0DwAAQBAJ	3024
6247	Dgv0DwAAQBAJ	1498
6248	Dgv0DwAAQBAJ	476
6249	Dgv0DwAAQBAJ	1506
6250	s9q60rLUbRcC	6
6251	s9q60rLUbRcC	518
6252	s9q60rLUbRcC	8
6253	s9q60rLUbRcC	11
6254	s9q60rLUbRcC	1041
6255	s9q60rLUbRcC	22
6256	s9q60rLUbRcC	23
6257	s9q60rLUbRcC	24
6258	s9q60rLUbRcC	3099
6259	s9q60rLUbRcC	3100
6260	s9q60rLUbRcC	545
6261	s9q60rLUbRcC	34
6262	s9q60rLUbRcC	547
6263	s9q60rLUbRcC	36
6264	s9q60rLUbRcC	35
6265	s9q60rLUbRcC	1737
6266	s9q60rLUbRcC	41
6267	s9q60rLUbRcC	52
6268	s9q60rLUbRcC	58
6269	s9q60rLUbRcC	1596
6270	s9q60rLUbRcC	61
6271	s9q60rLUbRcC	2760
6272	s9q60rLUbRcC	3270
6273	s9q60rLUbRcC	1098
6274	s9q60rLUbRcC	2635
6275	s9q60rLUbRcC	79
6276	s9q60rLUbRcC	1110
6277	s9q60rLUbRcC	3274
6278	s9q60rLUbRcC	100
6279	s9q60rLUbRcC	618
6280	s9q60rLUbRcC	620
6281	s9q60rLUbRcC	625
6282	s9q60rLUbRcC	124
6283	s9q60rLUbRcC	129
6284	s9q60rLUbRcC	645
6285	s9q60rLUbRcC	646
6286	s9q60rLUbRcC	1161
6287	s9q60rLUbRcC	651
6288	s9q60rLUbRcC	652
6289	s9q60rLUbRcC	654
6290	s9q60rLUbRcC	660
6291	s9q60rLUbRcC	151
6292	s9q60rLUbRcC	155
6293	s9q60rLUbRcC	2717
6294	s9q60rLUbRcC	3230
6295	s9q60rLUbRcC	3231
6296	s9q60rLUbRcC	3232
6297	s9q60rLUbRcC	2208
6298	s9q60rLUbRcC	3233
6299	s9q60rLUbRcC	3234
6300	s9q60rLUbRcC	3235
6301	s9q60rLUbRcC	3236
6302	s9q60rLUbRcC	3237
6303	s9q60rLUbRcC	3238
6304	s9q60rLUbRcC	3239
6305	s9q60rLUbRcC	681
6306	s9q60rLUbRcC	3240
6307	s9q60rLUbRcC	3241
6308	s9q60rLUbRcC	3242
6309	s9q60rLUbRcC	3243
6310	s9q60rLUbRcC	174
6311	s9q60rLUbRcC	3244
6312	s9q60rLUbRcC	3245
6313	s9q60rLUbRcC	3248
6314	s9q60rLUbRcC	2738
6315	s9q60rLUbRcC	3246
6316	s9q60rLUbRcC	180
6317	s9q60rLUbRcC	3247
6318	s9q60rLUbRcC	3249
6319	s9q60rLUbRcC	183
6320	s9q60rLUbRcC	3250
6321	s9q60rLUbRcC	3251
6322	s9q60rLUbRcC	3252
6323	s9q60rLUbRcC	3253
6324	s9q60rLUbRcC	3254
6325	s9q60rLUbRcC	3255
6326	s9q60rLUbRcC	3256
6327	s9q60rLUbRcC	191
6328	s9q60rLUbRcC	3257
6329	s9q60rLUbRcC	3258
6330	s9q60rLUbRcC	3259
6331	s9q60rLUbRcC	195
6332	s9q60rLUbRcC	3260
6333	s9q60rLUbRcC	3261
6334	s9q60rLUbRcC	198
6335	s9q60rLUbRcC	3262
6336	s9q60rLUbRcC	3263
6337	s9q60rLUbRcC	3264
6338	s9q60rLUbRcC	3265
6339	s9q60rLUbRcC	3266
6340	s9q60rLUbRcC	3267
6341	s9q60rLUbRcC	3268
6342	s9q60rLUbRcC	3269
6343	s9q60rLUbRcC	719
6344	s9q60rLUbRcC	3271
6345	s9q60rLUbRcC	3272
6346	s9q60rLUbRcC	3273
6347	s9q60rLUbRcC	211
6348	s9q60rLUbRcC	3275
6349	s9q60rLUbRcC	3276
6350	s9q60rLUbRcC	3277
6351	s9q60rLUbRcC	3278
6352	s9q60rLUbRcC	3279
6353	s9q60rLUbRcC	3280
6354	s9q60rLUbRcC	3281
6355	s9q60rLUbRcC	3282
6356	s9q60rLUbRcC	3283
6357	s9q60rLUbRcC	3284
6358	s9q60rLUbRcC	3285
6359	s9q60rLUbRcC	3286
6360	s9q60rLUbRcC	3287
6361	s9q60rLUbRcC	229
6362	s9q60rLUbRcC	232
6363	s9q60rLUbRcC	233
6364	s9q60rLUbRcC	2797
6365	s9q60rLUbRcC	238
6366	s9q60rLUbRcC	242
6367	s9q60rLUbRcC	244
6368	s9q60rLUbRcC	757
6369	s9q60rLUbRcC	246
6370	s9q60rLUbRcC	2807
6371	s9q60rLUbRcC	2806
6372	s9q60rLUbRcC	2810
6373	s9q60rLUbRcC	253
6374	s9q60rLUbRcC	254
6375	s9q60rLUbRcC	2816
6376	s9q60rLUbRcC	2817
6377	s9q60rLUbRcC	2818
6378	s9q60rLUbRcC	265
6379	s9q60rLUbRcC	266
6380	s9q60rLUbRcC	2827
6381	s9q60rLUbRcC	269
6382	s9q60rLUbRcC	273
6383	s9q60rLUbRcC	274
6384	s9q60rLUbRcC	786
6385	s9q60rLUbRcC	2833
6386	s9q60rLUbRcC	285
6387	s9q60rLUbRcC	159
6388	s9q60rLUbRcC	289
6389	s9q60rLUbRcC	804
6390	s9q60rLUbRcC	294
6391	s9q60rLUbRcC	670
6392	s9q60rLUbRcC	162
6393	s9q60rLUbRcC	1331
6394	s9q60rLUbRcC	163
6395	s9q60rLUbRcC	318
6396	s9q60rLUbRcC	321
6397	s9q60rLUbRcC	1346
6398	s9q60rLUbRcC	676
6399	s9q60rLUbRcC	334
6400	s9q60rLUbRcC	343
6401	s9q60rLUbRcC	1880
6402	s9q60rLUbRcC	345
6403	s9q60rLUbRcC	348
6404	s9q60rLUbRcC	349
6405	s9q60rLUbRcC	352
6406	s9q60rLUbRcC	682
6407	s9q60rLUbRcC	686
6408	s9q60rLUbRcC	389
6409	s9q60rLUbRcC	414
6410	s9q60rLUbRcC	415
6411	s9q60rLUbRcC	1445
6412	s9q60rLUbRcC	437
6413	s9q60rLUbRcC	955
6414	s9q60rLUbRcC	2496
6415	s9q60rLUbRcC	450
6416	s9q60rLUbRcC	456
6417	s9q60rLUbRcC	2504
6418	s9q60rLUbRcC	459
6419	s9q60rLUbRcC	2532
6420	s9q60rLUbRcC	3046
6421	s9q60rLUbRcC	2536
6422	s9q60rLUbRcC	2549
6423	mdnrlnf9IGwC	1
6424	mdnrlnf9IGwC	6
6425	mdnrlnf9IGwC	519
6426	mdnrlnf9IGwC	521
6427	mdnrlnf9IGwC	11
6428	mdnrlnf9IGwC	3088
6429	mdnrlnf9IGwC	1041
6430	mdnrlnf9IGwC	17
6431	mdnrlnf9IGwC	3096
6432	mdnrlnf9IGwC	3099
6433	mdnrlnf9IGwC	3100
6434	mdnrlnf9IGwC	3101
6435	mdnrlnf9IGwC	34
6436	mdnrlnf9IGwC	35
6437	mdnrlnf9IGwC	3106
6438	mdnrlnf9IGwC	41
6439	mdnrlnf9IGwC	52
6440	mdnrlnf9IGwC	1592
6441	mdnrlnf9IGwC	58
6442	mdnrlnf9IGwC	64
6443	mdnrlnf9IGwC	112
6444	mdnrlnf9IGwC	1654
6445	mdnrlnf9IGwC	148
6446	mdnrlnf9IGwC	149
6447	mdnrlnf9IGwC	152
6448	mdnrlnf9IGwC	2207
6449	mdnrlnf9IGwC	161
6450	mdnrlnf9IGwC	3234
6451	mdnrlnf9IGwC	2212
6452	mdnrlnf9IGwC	170
6453	mdnrlnf9IGwC	175
6454	mdnrlnf9IGwC	182
6455	mdnrlnf9IGwC	203
6456	mdnrlnf9IGwC	716
6457	mdnrlnf9IGwC	205
6458	mdnrlnf9IGwC	3275
6459	mdnrlnf9IGwC	211
6460	mdnrlnf9IGwC	3288
6461	mdnrlnf9IGwC	3289
6462	mdnrlnf9IGwC	3290
6463	mdnrlnf9IGwC	3291
6464	mdnrlnf9IGwC	3292
6465	mdnrlnf9IGwC	3293
6466	mdnrlnf9IGwC	3294
6467	mdnrlnf9IGwC	3295
6468	mdnrlnf9IGwC	219
6469	mdnrlnf9IGwC	3296
6470	mdnrlnf9IGwC	3297
6471	mdnrlnf9IGwC	3298
6472	mdnrlnf9IGwC	3299
6473	mdnrlnf9IGwC	229
6474	mdnrlnf9IGwC	3300
6475	mdnrlnf9IGwC	3301
6476	mdnrlnf9IGwC	3302
6477	mdnrlnf9IGwC	1768
6478	mdnrlnf9IGwC	234
6479	mdnrlnf9IGwC	746
6480	mdnrlnf9IGwC	3303
6481	mdnrlnf9IGwC	3304
6482	mdnrlnf9IGwC	3305
6483	mdnrlnf9IGwC	3306
6484	mdnrlnf9IGwC	3307
6485	mdnrlnf9IGwC	3308
6486	mdnrlnf9IGwC	3309
6487	mdnrlnf9IGwC	3310
6488	mdnrlnf9IGwC	3311
6489	mdnrlnf9IGwC	772
6490	mdnrlnf9IGwC	786
6491	mdnrlnf9IGwC	792
6492	mdnrlnf9IGwC	284
6493	mdnrlnf9IGwC	286
6494	mdnrlnf9IGwC	798
6495	mdnrlnf9IGwC	290
6496	mdnrlnf9IGwC	804
6497	mdnrlnf9IGwC	323
6498	mdnrlnf9IGwC	2371
6499	mdnrlnf9IGwC	384
6500	mdnrlnf9IGwC	395
6501	mdnrlnf9IGwC	1445
6502	mdnrlnf9IGwC	431
6503	mdnrlnf9IGwC	2483
6504	mdnrlnf9IGwC	442
6505	mdnrlnf9IGwC	456
6506	mdnrlnf9IGwC	2509
6507	mdnrlnf9IGwC	462
6508	mdnrlnf9IGwC	465
6509	mdnrlnf9IGwC	468
6510	mdnrlnf9IGwC	473
6511	mdnrlnf9IGwC	2523
6512	mdnrlnf9IGwC	476
6513	mdnrlnf9IGwC	487
6514	mdnrlnf9IGwC	494
6515	mdnrlnf9IGwC	497
6516	mdnrlnf9IGwC	506
6517	mdnrlnf9IGwC	510
6518	V2-ChsYrvloC	6
6519	V2-ChsYrvloC	9
6520	V2-ChsYrvloC	10
6521	V2-ChsYrvloC	11
6522	V2-ChsYrvloC	527
6523	V2-ChsYrvloC	3088
6524	V2-ChsYrvloC	21
6525	V2-ChsYrvloC	22
6526	V2-ChsYrvloC	23
6527	V2-ChsYrvloC	536
6528	V2-ChsYrvloC	31
6529	V2-ChsYrvloC	34
6530	V2-ChsYrvloC	36
6531	V2-ChsYrvloC	1062
6532	V2-ChsYrvloC	41
6533	V2-ChsYrvloC	1579
6534	V2-ChsYrvloC	555
6535	V2-ChsYrvloC	57
6536	V2-ChsYrvloC	58
6537	V2-ChsYrvloC	61
6538	V2-ChsYrvloC	73
6539	V2-ChsYrvloC	2645
6540	V2-ChsYrvloC	2655
6541	V2-ChsYrvloC	103
6542	V2-ChsYrvloC	618
6543	V2-ChsYrvloC	620
6544	V2-ChsYrvloC	2162
6545	V2-ChsYrvloC	2676
6546	V2-ChsYrvloC	120
6547	V2-ChsYrvloC	136
6548	V2-ChsYrvloC	147
6549	V2-ChsYrvloC	149
6550	V2-ChsYrvloC	1688
6551	V2-ChsYrvloC	2717
6552	V2-ChsYrvloC	159
6553	V2-ChsYrvloC	162
6554	V2-ChsYrvloC	2741
6555	V2-ChsYrvloC	2234
6556	V2-ChsYrvloC	2760
6557	V2-ChsYrvloC	229
6558	V2-ChsYrvloC	232
6559	V2-ChsYrvloC	748
6560	V2-ChsYrvloC	3312
6561	V2-ChsYrvloC	3313
6562	V2-ChsYrvloC	3314
6563	V2-ChsYrvloC	3315
6564	V2-ChsYrvloC	3316
6565	V2-ChsYrvloC	3317
6566	V2-ChsYrvloC	3318
6567	V2-ChsYrvloC	3319
6568	V2-ChsYrvloC	3320
6569	V2-ChsYrvloC	3321
6570	V2-ChsYrvloC	3322
6571	V2-ChsYrvloC	3323
6572	V2-ChsYrvloC	3324
6573	V2-ChsYrvloC	3325
6574	V2-ChsYrvloC	254
6575	V2-ChsYrvloC	3326
6576	V2-ChsYrvloC	3328
6577	V2-ChsYrvloC	3329
6578	V2-ChsYrvloC	3330
6579	V2-ChsYrvloC	3331
6580	V2-ChsYrvloC	3332
6581	V2-ChsYrvloC	3333
6582	V2-ChsYrvloC	3334
6583	V2-ChsYrvloC	3335
6584	V2-ChsYrvloC	3336
6585	V2-ChsYrvloC	3337
6586	V2-ChsYrvloC	3338
6587	V2-ChsYrvloC	3339
6588	V2-ChsYrvloC	3340
6589	V2-ChsYrvloC	3341
6590	V2-ChsYrvloC	3342
6591	V2-ChsYrvloC	3343
6592	V2-ChsYrvloC	3344
6593	V2-ChsYrvloC	3345
6594	V2-ChsYrvloC	3346
6595	V2-ChsYrvloC	3347
6596	V2-ChsYrvloC	3348
6597	V2-ChsYrvloC	3349
6598	V2-ChsYrvloC	3350
6599	V2-ChsYrvloC	3351
6600	V2-ChsYrvloC	3352
6601	V2-ChsYrvloC	3353
6602	V2-ChsYrvloC	3354
6603	V2-ChsYrvloC	3355
6604	V2-ChsYrvloC	3356
6605	V2-ChsYrvloC	3357
6606	V2-ChsYrvloC	3358
6607	V2-ChsYrvloC	3359
6608	V2-ChsYrvloC	2854
6609	V2-ChsYrvloC	2858
6610	V2-ChsYrvloC	813
6611	V2-ChsYrvloC	2871
6612	V2-ChsYrvloC	1340
6613	V2-ChsYrvloC	318
6614	V2-ChsYrvloC	321
6615	V2-ChsYrvloC	2385
6616	V2-ChsYrvloC	1372
6617	V2-ChsYrvloC	350
6618	V2-ChsYrvloC	864
6619	V2-ChsYrvloC	3327
6620	V2-ChsYrvloC	2919
6621	V2-ChsYrvloC	2408
6622	V2-ChsYrvloC	365
6623	V2-ChsYrvloC	379
6624	V2-ChsYrvloC	916
6625	V2-ChsYrvloC	1957
6626	V2-ChsYrvloC	439
6627	gTycDAEACAAJ	1152
6628	gTycDAEACAAJ	1155
6629	gTycDAEACAAJ	3390
6630	gTycDAEACAAJ	1296
6631	gTycDAEACAAJ	17
6632	gTycDAEACAAJ	660
6633	gTycDAEACAAJ	21
6634	gTycDAEACAAJ	534
6635	gTycDAEACAAJ	22
6636	gTycDAEACAAJ	150
6637	gTycDAEACAAJ	3360
6638	gTycDAEACAAJ	3361
6639	gTycDAEACAAJ	3362
6640	gTycDAEACAAJ	3363
6641	gTycDAEACAAJ	3364
6642	gTycDAEACAAJ	35
6643	gTycDAEACAAJ	3365
6644	gTycDAEACAAJ	1190
6645	gTycDAEACAAJ	3366
6646	gTycDAEACAAJ	3367
6647	gTycDAEACAAJ	3368
6648	gTycDAEACAAJ	1827
6649	gTycDAEACAAJ	3369
6650	gTycDAEACAAJ	173
6651	gTycDAEACAAJ	3370
6652	gTycDAEACAAJ	3371
6653	gTycDAEACAAJ	3372
6654	gTycDAEACAAJ	3373
6655	gTycDAEACAAJ	3374
6656	gTycDAEACAAJ	3375
6657	gTycDAEACAAJ	3376
6658	gTycDAEACAAJ	3377
6659	gTycDAEACAAJ	3378
6660	gTycDAEACAAJ	183
6661	gTycDAEACAAJ	3379
6662	gTycDAEACAAJ	3380
6663	gTycDAEACAAJ	58
6664	gTycDAEACAAJ	3381
6665	gTycDAEACAAJ	1596
6666	gTycDAEACAAJ	3382
6667	gTycDAEACAAJ	318
6668	gTycDAEACAAJ	3383
6669	gTycDAEACAAJ	3384
6670	gTycDAEACAAJ	3385
6671	gTycDAEACAAJ	3386
6672	gTycDAEACAAJ	3387
6673	gTycDAEACAAJ	3388
6674	gTycDAEACAAJ	3389
6675	gTycDAEACAAJ	70
6676	gTycDAEACAAJ	450
6677	gTycDAEACAAJ	3391
6678	gTycDAEACAAJ	73
6679	gTycDAEACAAJ	204
6680	gTycDAEACAAJ	211
6681	gTycDAEACAAJ	979
6682	gTycDAEACAAJ	2645
6683	gTycDAEACAAJ	3392
6684	gTycDAEACAAJ	348
6685	gTycDAEACAAJ	1630
6686	gTycDAEACAAJ	229
6687	gTycDAEACAAJ	2027
6688	gTycDAEACAAJ	1132
6689	gTycDAEACAAJ	162
6690	gTycDAEACAAJ	2418
6691	gTycDAEACAAJ	2034
6692	gTycDAEACAAJ	1829
6693	gTycDAEACAAJ	757
6694	gTycDAEACAAJ	120
6695	gTycDAEACAAJ	124
6696	gTycDAEACAAJ	1917
6697	ZrNzAwAAQBAJ	1793
6698	ZrNzAwAAQBAJ	1794
6699	ZrNzAwAAQBAJ	906
6700	ZrNzAwAAQBAJ	1554
6701	ZrNzAwAAQBAJ	31
6702	ZrNzAwAAQBAJ	34
6703	ZrNzAwAAQBAJ	2607
6704	ZrNzAwAAQBAJ	58
6705	ZrNzAwAAQBAJ	3393
6706	ZrNzAwAAQBAJ	3394
6707	ZrNzAwAAQBAJ	3395
6708	ZrNzAwAAQBAJ	3396
6709	ZrNzAwAAQBAJ	69
6710	ZrNzAwAAQBAJ	70
6711	ZrNzAwAAQBAJ	71
6712	ZrNzAwAAQBAJ	3397
6713	ZrNzAwAAQBAJ	3398
6714	ZrNzAwAAQBAJ	3399
6715	ZrNzAwAAQBAJ	1227
6716	ZrNzAwAAQBAJ	3400
6717	ZrNzAwAAQBAJ	73
6718	ZrNzAwAAQBAJ	3401
6719	ZrNzAwAAQBAJ	1232
6720	ZrNzAwAAQBAJ	84
6721	ZrNzAwAAQBAJ	95
6722	ZrNzAwAAQBAJ	1908
6723	ZrNzAwAAQBAJ	121
6724	23ftDwAAQBAJ	2177
6725	23ftDwAAQBAJ	3076
6726	23ftDwAAQBAJ	391
6727	23ftDwAAQBAJ	3079
6728	23ftDwAAQBAJ	10
6729	23ftDwAAQBAJ	269
6730	23ftDwAAQBAJ	1554
6731	23ftDwAAQBAJ	660
6732	23ftDwAAQBAJ	31
6733	23ftDwAAQBAJ	415
6734	23ftDwAAQBAJ	1057
6735	23ftDwAAQBAJ	159
6736	23ftDwAAQBAJ	35
6737	23ftDwAAQBAJ	36
6738	23ftDwAAQBAJ	293
6739	23ftDwAAQBAJ	38
6740	23ftDwAAQBAJ	719
6741	23ftDwAAQBAJ	298
6742	23ftDwAAQBAJ	173
6743	23ftDwAAQBAJ	174
6744	23ftDwAAQBAJ	304
6745	23ftDwAAQBAJ	2738
6746	23ftDwAAQBAJ	468
6747	23ftDwAAQBAJ	2871
6748	23ftDwAAQBAJ	57
6749	23ftDwAAQBAJ	58
6750	23ftDwAAQBAJ	978
6751	23ftDwAAQBAJ	61
6752	23ftDwAAQBAJ	64
6753	23ftDwAAQBAJ	68
6754	23ftDwAAQBAJ	1736
6755	23ftDwAAQBAJ	3402
6756	23ftDwAAQBAJ	3403
6757	23ftDwAAQBAJ	3404
6758	23ftDwAAQBAJ	3405
6759	23ftDwAAQBAJ	3406
6760	23ftDwAAQBAJ	204
6761	23ftDwAAQBAJ	3407
6762	23ftDwAAQBAJ	3408
6763	23ftDwAAQBAJ	3409
6764	23ftDwAAQBAJ	3410
6765	23ftDwAAQBAJ	3411
6766	23ftDwAAQBAJ	3412
6767	23ftDwAAQBAJ	3413
6768	23ftDwAAQBAJ	3414
6769	23ftDwAAQBAJ	3415
6770	23ftDwAAQBAJ	3416
6771	23ftDwAAQBAJ	3417
6772	23ftDwAAQBAJ	3418
6773	23ftDwAAQBAJ	3419
6774	23ftDwAAQBAJ	3420
6775	23ftDwAAQBAJ	3421
6776	23ftDwAAQBAJ	3422
6777	23ftDwAAQBAJ	3423
6778	23ftDwAAQBAJ	3424
6779	23ftDwAAQBAJ	3425
6780	23ftDwAAQBAJ	3426
6781	23ftDwAAQBAJ	3427
6782	23ftDwAAQBAJ	229
6783	23ftDwAAQBAJ	614
6784	23ftDwAAQBAJ	613
6785	23ftDwAAQBAJ	232
6786	23ftDwAAQBAJ	3428
6787	23ftDwAAQBAJ	618
6788	23ftDwAAQBAJ	3429
6789	23ftDwAAQBAJ	620
6790	23ftDwAAQBAJ	2922
6791	23ftDwAAQBAJ	3430
6792	23ftDwAAQBAJ	3431
6793	23ftDwAAQBAJ	3432
6794	23ftDwAAQBAJ	2546
6795	23ftDwAAQBAJ	626
6796	23ftDwAAQBAJ	120
6797	23ftDwAAQBAJ	379
6798	23ftDwAAQBAJ	3068
6799	23ftDwAAQBAJ	638
6800	C_dvDwAAQBAJ	1536
6801	C_dvDwAAQBAJ	1540
6802	C_dvDwAAQBAJ	1031
6803	C_dvDwAAQBAJ	10
6804	C_dvDwAAQBAJ	13
6805	C_dvDwAAQBAJ	17
6806	C_dvDwAAQBAJ	21
6807	C_dvDwAAQBAJ	24
6808	C_dvDwAAQBAJ	538
6809	C_dvDwAAQBAJ	27
6810	C_dvDwAAQBAJ	1563
6811	C_dvDwAAQBAJ	34
6812	C_dvDwAAQBAJ	35
6813	C_dvDwAAQBAJ	41
6814	C_dvDwAAQBAJ	58
6815	C_dvDwAAQBAJ	572
6816	C_dvDwAAQBAJ	61
6817	C_dvDwAAQBAJ	1093
6818	C_dvDwAAQBAJ	74
6819	C_dvDwAAQBAJ	593
6820	C_dvDwAAQBAJ	1107
6821	C_dvDwAAQBAJ	1108
6822	C_dvDwAAQBAJ	597
6823	C_dvDwAAQBAJ	598
6824	C_dvDwAAQBAJ	600
6825	C_dvDwAAQBAJ	602
6826	C_dvDwAAQBAJ	605
6827	C_dvDwAAQBAJ	608
6828	C_dvDwAAQBAJ	2668
6829	C_dvDwAAQBAJ	112
6830	C_dvDwAAQBAJ	116
6831	C_dvDwAAQBAJ	120
6832	C_dvDwAAQBAJ	121
6833	C_dvDwAAQBAJ	123
6834	C_dvDwAAQBAJ	136
6835	C_dvDwAAQBAJ	146
6836	C_dvDwAAQBAJ	1688
6837	C_dvDwAAQBAJ	173
6838	C_dvDwAAQBAJ	706
6839	C_dvDwAAQBAJ	204
6840	C_dvDwAAQBAJ	723
6841	C_dvDwAAQBAJ	2267
6842	C_dvDwAAQBAJ	2291
6843	C_dvDwAAQBAJ	269
6844	C_dvDwAAQBAJ	292
6845	C_dvDwAAQBAJ	294
6846	C_dvDwAAQBAJ	304
6847	C_dvDwAAQBAJ	323
6848	C_dvDwAAQBAJ	3433
6849	C_dvDwAAQBAJ	3434
6850	C_dvDwAAQBAJ	3435
6851	C_dvDwAAQBAJ	3436
6852	C_dvDwAAQBAJ	3437
6853	C_dvDwAAQBAJ	3438
6854	C_dvDwAAQBAJ	3439
6855	C_dvDwAAQBAJ	3440
6856	C_dvDwAAQBAJ	3441
6857	C_dvDwAAQBAJ	3442
6858	C_dvDwAAQBAJ	883
6859	C_dvDwAAQBAJ	3443
6860	C_dvDwAAQBAJ	366
6861	C_dvDwAAQBAJ	3444
6862	C_dvDwAAQBAJ	3447
6863	C_dvDwAAQBAJ	3448
6864	C_dvDwAAQBAJ	3449
6865	C_dvDwAAQBAJ	3450
6866	C_dvDwAAQBAJ	3451
6867	C_dvDwAAQBAJ	3445
6868	C_dvDwAAQBAJ	3446
6869	C_dvDwAAQBAJ	3452
6870	C_dvDwAAQBAJ	3453
6871	C_dvDwAAQBAJ	3456
6872	C_dvDwAAQBAJ	3457
6873	C_dvDwAAQBAJ	3458
6874	C_dvDwAAQBAJ	3454
6875	C_dvDwAAQBAJ	3455
6876	C_dvDwAAQBAJ	3459
6877	C_dvDwAAQBAJ	3460
6878	C_dvDwAAQBAJ	391
6879	C_dvDwAAQBAJ	3461
6880	C_dvDwAAQBAJ	3462
6881	C_dvDwAAQBAJ	1428
6882	C_dvDwAAQBAJ	414
6883	C_dvDwAAQBAJ	1956
6884	C_dvDwAAQBAJ	1452
6885	C_dvDwAAQBAJ	1465
6886	C_dvDwAAQBAJ	442
6887	C_dvDwAAQBAJ	448
6888	C_dvDwAAQBAJ	1476
6889	C_dvDwAAQBAJ	1479
6890	C_dvDwAAQBAJ	1499
6891	C_dvDwAAQBAJ	476
6892	C_dvDwAAQBAJ	485
6893	C_dvDwAAQBAJ	490
6894	C_dvDwAAQBAJ	1003
6895	C_dvDwAAQBAJ	494
6896	anJrbWGCdmAC	3072
6897	anJrbWGCdmAC	407
6898	anJrbWGCdmAC	3463
6899	anJrbWGCdmAC	3464
6900	anJrbWGCdmAC	3465
6901	anJrbWGCdmAC	266
6902	anJrbWGCdmAC	2823
6903	anJrbWGCdmAC	3466
6904	anJrbWGCdmAC	3467
6905	anJrbWGCdmAC	3468
6906	anJrbWGCdmAC	3469
6907	anJrbWGCdmAC	3470
6908	anJrbWGCdmAC	3471
6909	anJrbWGCdmAC	3472
6910	anJrbWGCdmAC	3473
6911	anJrbWGCdmAC	3474
6912	anJrbWGCdmAC	3475
6913	anJrbWGCdmAC	3476
6914	anJrbWGCdmAC	3477
6915	anJrbWGCdmAC	148
6916	anJrbWGCdmAC	3478
6917	anJrbWGCdmAC	3479
6918	anJrbWGCdmAC	3480
6919	anJrbWGCdmAC	3481
6920	anJrbWGCdmAC	3482
6921	anJrbWGCdmAC	414
6922	anJrbWGCdmAC	3483
6923	anJrbWGCdmAC	24
6924	anJrbWGCdmAC	3484
6925	anJrbWGCdmAC	3485
6926	anJrbWGCdmAC	35
6927	anJrbWGCdmAC	3486
6928	anJrbWGCdmAC	3487
6929	anJrbWGCdmAC	3488
6930	anJrbWGCdmAC	551
6931	anJrbWGCdmAC	3489
6932	anJrbWGCdmAC	3490
6933	anJrbWGCdmAC	3491
6934	anJrbWGCdmAC	3492
6935	anJrbWGCdmAC	3493
6936	anJrbWGCdmAC	3494
6937	anJrbWGCdmAC	265
6938	anJrbWGCdmAC	58
6939	anJrbWGCdmAC	2362
6940	anJrbWGCdmAC	572
6941	anJrbWGCdmAC	1656
6942	anJrbWGCdmAC	191
6943	anJrbWGCdmAC	194
6944	anJrbWGCdmAC	195
6945	anJrbWGCdmAC	1033
6946	anJrbWGCdmAC	1232
6947	anJrbWGCdmAC	1745
6948	anJrbWGCdmAC	3283
6949	anJrbWGCdmAC	232
6950	anJrbWGCdmAC	234
6951	anJrbWGCdmAC	21
6952	anJrbWGCdmAC	2413
6953	anJrbWGCdmAC	238
6954	anJrbWGCdmAC	112
6955	anJrbWGCdmAC	242
6956	anJrbWGCdmAC	120
6957	anJrbWGCdmAC	251
6958	OlCHcjX0RT4C	9
6959	OlCHcjX0RT4C	2059
6960	OlCHcjX0RT4C	527
6961	OlCHcjX0RT4C	17
6962	OlCHcjX0RT4C	21
6963	OlCHcjX0RT4C	35
6964	OlCHcjX0RT4C	550
6965	OlCHcjX0RT4C	1080
6966	OlCHcjX0RT4C	58
6967	OlCHcjX0RT4C	68
6968	OlCHcjX0RT4C	71
6969	OlCHcjX0RT4C	73
6970	OlCHcjX0RT4C	77
6971	OlCHcjX0RT4C	2127
6972	OlCHcjX0RT4C	2134
6973	OlCHcjX0RT4C	598
6974	OlCHcjX0RT4C	88
6975	OlCHcjX0RT4C	98
6976	OlCHcjX0RT4C	101
6977	OlCHcjX0RT4C	120
6978	OlCHcjX0RT4C	123
6979	OlCHcjX0RT4C	636
6980	OlCHcjX0RT4C	136
6981	OlCHcjX0RT4C	146
6982	OlCHcjX0RT4C	148
6983	OlCHcjX0RT4C	2220
6984	OlCHcjX0RT4C	197
6985	OlCHcjX0RT4C	1237
6986	OlCHcjX0RT4C	1247
6987	OlCHcjX0RT4C	234
6988	OlCHcjX0RT4C	243
6989	OlCHcjX0RT4C	3510
6990	OlCHcjX0RT4C	254
6991	OlCHcjX0RT4C	269
6992	OlCHcjX0RT4C	3342
6993	OlCHcjX0RT4C	2319
6994	OlCHcjX0RT4C	294
6995	OlCHcjX0RT4C	808
6996	OlCHcjX0RT4C	813
6997	OlCHcjX0RT4C	815
6998	OlCHcjX0RT4C	817
6999	OlCHcjX0RT4C	309
7000	OlCHcjX0RT4C	822
7001	OlCHcjX0RT4C	824
7002	OlCHcjX0RT4C	825
7003	OlCHcjX0RT4C	827
7004	OlCHcjX0RT4C	318
7005	OlCHcjX0RT4C	830
7006	OlCHcjX0RT4C	320
7007	OlCHcjX0RT4C	833
7008	OlCHcjX0RT4C	831
7009	OlCHcjX0RT4C	323
7010	OlCHcjX0RT4C	832
7011	OlCHcjX0RT4C	1868
7012	OlCHcjX0RT4C	332
7013	OlCHcjX0RT4C	343
7014	OlCHcjX0RT4C	362
7015	OlCHcjX0RT4C	378
7016	OlCHcjX0RT4C	389
7017	OlCHcjX0RT4C	1416
7018	OlCHcjX0RT4C	3495
7019	OlCHcjX0RT4C	3496
7020	OlCHcjX0RT4C	3497
7021	OlCHcjX0RT4C	3498
7022	OlCHcjX0RT4C	3499
7023	OlCHcjX0RT4C	3500
7024	OlCHcjX0RT4C	3501
7025	OlCHcjX0RT4C	3502
7026	OlCHcjX0RT4C	3503
7027	OlCHcjX0RT4C	3504
7028	OlCHcjX0RT4C	428
7029	OlCHcjX0RT4C	3505
7030	OlCHcjX0RT4C	3506
7031	OlCHcjX0RT4C	3507
7032	OlCHcjX0RT4C	3508
7033	OlCHcjX0RT4C	3509
7034	OlCHcjX0RT4C	3511
7035	OlCHcjX0RT4C	3512
7036	OlCHcjX0RT4C	3513
7037	OlCHcjX0RT4C	3514
7038	OlCHcjX0RT4C	3515
7039	OlCHcjX0RT4C	3516
7040	OlCHcjX0RT4C	3517
7041	OlCHcjX0RT4C	3518
7042	OlCHcjX0RT4C	442
7043	OlCHcjX0RT4C	3519
7044	OlCHcjX0RT4C	3521
7045	OlCHcjX0RT4C	3522
7046	OlCHcjX0RT4C	3523
7047	OlCHcjX0RT4C	3524
7048	OlCHcjX0RT4C	3520
7049	OlCHcjX0RT4C	3525
7050	OlCHcjX0RT4C	3526
7051	OlCHcjX0RT4C	3527
7052	OlCHcjX0RT4C	3528
7053	OlCHcjX0RT4C	3529
7054	OlCHcjX0RT4C	3530
7055	OlCHcjX0RT4C	3531
7056	OlCHcjX0RT4C	2513
7057	OlCHcjX0RT4C	1506
7058	OlCHcjX0RT4C	1016
7059	gm1_ZjzjEboC	129
7060	gm1_ZjzjEboC	3555
7061	gm1_ZjzjEboC	3560
7062	gm1_ZjzjEboC	3562
7063	gm1_ZjzjEboC	136
7064	gm1_ZjzjEboC	9
7065	gm1_ZjzjEboC	906
7066	gm1_ZjzjEboC	1122
7067	gm1_ZjzjEboC	17
7068	gm1_ZjzjEboC	660
7069	gm1_ZjzjEboC	3567
7070	gm1_ZjzjEboC	2255
7071	gm1_ZjzjEboC	593
7072	gm1_ZjzjEboC	174
7073	gm1_ZjzjEboC	595
7074	gm1_ZjzjEboC	58
7075	gm1_ZjzjEboC	3556
7076	gm1_ZjzjEboC	1107
7077	gm1_ZjzjEboC	2115
7078	gm1_ZjzjEboC	1108
7079	gm1_ZjzjEboC	1481
7080	gm1_ZjzjEboC	74
7081	gm1_ZjzjEboC	3274
7082	gm1_ZjzjEboC	3532
7083	gm1_ZjzjEboC	3533
7084	gm1_ZjzjEboC	3534
7085	gm1_ZjzjEboC	1614
7086	gm1_ZjzjEboC	3535
7087	gm1_ZjzjEboC	3536
7088	gm1_ZjzjEboC	1102
7089	gm1_ZjzjEboC	3537
7090	gm1_ZjzjEboC	3538
7091	gm1_ZjzjEboC	3539
7092	gm1_ZjzjEboC	211
7093	gm1_ZjzjEboC	1495
7094	gm1_ZjzjEboC	3540
7095	gm1_ZjzjEboC	3541
7096	gm1_ZjzjEboC	3542
7097	gm1_ZjzjEboC	3543
7098	gm1_ZjzjEboC	3544
7099	gm1_ZjzjEboC	605
7100	gm1_ZjzjEboC	3545
7101	gm1_ZjzjEboC	3546
7102	gm1_ZjzjEboC	1120
7103	gm1_ZjzjEboC	3547
7104	gm1_ZjzjEboC	3548
7105	gm1_ZjzjEboC	3549
7106	gm1_ZjzjEboC	3550
7107	gm1_ZjzjEboC	1125
7108	gm1_ZjzjEboC	3551
7109	gm1_ZjzjEboC	3552
7110	gm1_ZjzjEboC	1128
7111	gm1_ZjzjEboC	3553
7112	gm1_ZjzjEboC	3554
7113	gm1_ZjzjEboC	1131
7114	gm1_ZjzjEboC	2540
7115	gm1_ZjzjEboC	2411
7116	gm1_ZjzjEboC	238
7117	gm1_ZjzjEboC	3557
7118	gm1_ZjzjEboC	112
7119	gm1_ZjzjEboC	3558
7120	gm1_ZjzjEboC	1001
7121	gm1_ZjzjEboC	3559
7122	gm1_ZjzjEboC	3563
7123	gm1_ZjzjEboC	3564
7124	gm1_ZjzjEboC	3565
7125	gm1_ZjzjEboC	3566
7126	gm1_ZjzjEboC	120
7127	gm1_ZjzjEboC	3568
7128	gm1_ZjzjEboC	123
7129	gm1_ZjzjEboC	636
7130	gm1_ZjzjEboC	3561
7131	dFsPAQAAIAAJ	3584
7132	dFsPAQAAIAAJ	3585
7133	dFsPAQAAIAAJ	3586
7134	dFsPAQAAIAAJ	3587
7135	dFsPAQAAIAAJ	3588
7136	dFsPAQAAIAAJ	3589
7137	dFsPAQAAIAAJ	916
7138	dFsPAQAAIAAJ	21
7139	dFsPAQAAIAAJ	2326
7140	dFsPAQAAIAAJ	2676
7141	dFsPAQAAIAAJ	24
7142	dFsPAQAAIAAJ	152
7143	dFsPAQAAIAAJ	290
7144	dFsPAQAAIAAJ	35
7145	dFsPAQAAIAAJ	935
7146	dFsPAQAAIAAJ	814
7147	dFsPAQAAIAAJ	48
7148	dFsPAQAAIAAJ	53
7149	dFsPAQAAIAAJ	1078
7150	dFsPAQAAIAAJ	58
7151	dFsPAQAAIAAJ	191
7152	dFsPAQAAIAAJ	194
7153	dFsPAQAAIAAJ	195
7154	dFsPAQAAIAAJ	1736
7155	dFsPAQAAIAAJ	3577
7156	dFsPAQAAIAAJ	211
7157	dFsPAQAAIAAJ	120
7158	dFsPAQAAIAAJ	2796
7159	dFsPAQAAIAAJ	238
7160	dFsPAQAAIAAJ	3569
7161	dFsPAQAAIAAJ	3570
7162	dFsPAQAAIAAJ	3571
7163	dFsPAQAAIAAJ	3572
7164	dFsPAQAAIAAJ	3573
7165	dFsPAQAAIAAJ	1654
7166	dFsPAQAAIAAJ	3575
7167	dFsPAQAAIAAJ	3576
7168	dFsPAQAAIAAJ	3574
7169	dFsPAQAAIAAJ	3578
7170	dFsPAQAAIAAJ	3579
7171	dFsPAQAAIAAJ	3580
7172	dFsPAQAAIAAJ	3581
7173	dFsPAQAAIAAJ	3582
7174	dFsPAQAAIAAJ	3583
7175	pgvqsaYvgacC	3076
7176	pgvqsaYvgacC	3590
7177	pgvqsaYvgacC	3591
7178	pgvqsaYvgacC	3592
7179	pgvqsaYvgacC	3593
7180	pgvqsaYvgacC	3594
7181	pgvqsaYvgacC	3595
7182	pgvqsaYvgacC	3596
7183	pgvqsaYvgacC	3597
7184	pgvqsaYvgacC	3598
7185	pgvqsaYvgacC	3080
7186	pgvqsaYvgacC	3599
7187	pgvqsaYvgacC	3600
7188	pgvqsaYvgacC	3601
7189	pgvqsaYvgacC	3602
7190	pgvqsaYvgacC	148
7191	pgvqsaYvgacC	21
7192	pgvqsaYvgacC	2326
7193	pgvqsaYvgacC	23
7194	pgvqsaYvgacC	3352
7195	pgvqsaYvgacC	3603
7196	pgvqsaYvgacC	538
7197	pgvqsaYvgacC	31
7198	pgvqsaYvgacC	546
7199	pgvqsaYvgacC	35
7200	pgvqsaYvgacC	290
7201	pgvqsaYvgacC	34
7202	pgvqsaYvgacC	38
7203	pgvqsaYvgacC	48
7204	pgvqsaYvgacC	53
7205	pgvqsaYvgacC	57
7206	pgvqsaYvgacC	58
7207	pgvqsaYvgacC	60
7208	pgvqsaYvgacC	3067
7209	pgvqsaYvgacC	714
7210	pgvqsaYvgacC	232
7211	pgvqsaYvgacC	234
7212	pgvqsaYvgacC	2922
7213	pgvqsaYvgacC	237
7214	pgvqsaYvgacC	3574
7215	pgvqsaYvgacC	3579
7216	pgvqsaYvgacC	3580
7217	dRoGDQAAQBAJ	3456
7218	dRoGDQAAQBAJ	546
7219	dRoGDQAAQBAJ	38
7220	dRoGDQAAQBAJ	494
7221	dRoGDQAAQBAJ	3119
7222	dRoGDQAAQBAJ	48
7223	dRoGDQAAQBAJ	2962
7224	dRoGDQAAQBAJ	3604
7225	dRoGDQAAQBAJ	3605
7226	dRoGDQAAQBAJ	3606
7227	dRoGDQAAQBAJ	3607
7228	dRoGDQAAQBAJ	3608
7229	dRoGDQAAQBAJ	3580
7230	dRoGDQAAQBAJ	1789
7231	dRoGDQAAQBAJ	1086
7232	rWIHTxHGVTcC	546
7233	rWIHTxHGVTcC	740
7234	rWIHTxHGVTcC	38
7235	rWIHTxHGVTcC	48
7236	rWIHTxHGVTcC	52
7237	rWIHTxHGVTcC	853
7238	rWIHTxHGVTcC	1654
7239	rWIHTxHGVTcC	3574
7240	rWIHTxHGVTcC	22
7241	rWIHTxHGVTcC	3609
7242	rWIHTxHGVTcC	58
7243	rWIHTxHGVTcC	182
7244	rWIHTxHGVTcC	3580
7245	rWIHTxHGVTcC	23
7246	9F90xQEACAAJ	266
7247	9F90xQEACAAJ	155
7248	9F90xQEACAAJ	787
7249	9F90xQEACAAJ	147
7250	9F90xQEACAAJ	535
7251	9F90xQEACAAJ	3610
7252	9F90xQEACAAJ	3611
7253	9F90xQEACAAJ	3612
7254	9F90xQEACAAJ	3613
7255	9F90xQEACAAJ	3614
7256	9F90xQEACAAJ	3615
7257	9F90xQEACAAJ	3616
7258	9F90xQEACAAJ	3617
7259	9F90xQEACAAJ	3618
7260	9F90xQEACAAJ	3619
7261	9F90xQEACAAJ	3620
7262	9F90xQEACAAJ	1957
7263	9F90xQEACAAJ	3621
7264	9F90xQEACAAJ	3622
7265	9F90xQEACAAJ	3623
7266	9F90xQEACAAJ	3624
7267	9F90xQEACAAJ	3625
7268	9F90xQEACAAJ	3626
7269	9F90xQEACAAJ	3627
7270	9F90xQEACAAJ	3628
7271	9F90xQEACAAJ	174
7272	9F90xQEACAAJ	3629
7273	9F90xQEACAAJ	58
7274	9F90xQEACAAJ	1086
7275	9F90xQEACAAJ	70
7276	9F90xQEACAAJ	462
7277	9F90xQEACAAJ	473
7278	9F90xQEACAAJ	232
7279	9F90xQEACAAJ	1768
7280	9F90xQEACAAJ	2028
7281	9F90xQEACAAJ	497
7282	9F90xQEACAAJ	755
7283	9F90xQEACAAJ	766
7284	M-CocWLBGB4C	392
7285	M-CocWLBGB4C	136
7286	M-CocWLBGB4C	9
7287	M-CocWLBGB4C	269
7288	M-CocWLBGB4C	1326
7289	M-CocWLBGB4C	1682
7290	M-CocWLBGB4C	2326
7291	M-CocWLBGB4C	24
7292	M-CocWLBGB4C	1571
7293	M-CocWLBGB4C	292
7294	M-CocWLBGB4C	294
7295	M-CocWLBGB4C	3630
7296	M-CocWLBGB4C	3631
7297	M-CocWLBGB4C	3632
7298	M-CocWLBGB4C	430
7299	M-CocWLBGB4C	3633
7300	M-CocWLBGB4C	3634
7301	M-CocWLBGB4C	308
7302	M-CocWLBGB4C	1077
7303	M-CocWLBGB4C	3635
7304	M-CocWLBGB4C	3636
7305	M-CocWLBGB4C	3637
7306	M-CocWLBGB4C	3638
7307	M-CocWLBGB4C	1722
7308	M-CocWLBGB4C	58
7309	M-CocWLBGB4C	3639
7310	M-CocWLBGB4C	3640
7311	M-CocWLBGB4C	3641
7312	M-CocWLBGB4C	3642
7313	M-CocWLBGB4C	3643
7314	M-CocWLBGB4C	3644
7315	M-CocWLBGB4C	3645
7316	M-CocWLBGB4C	3646
7317	M-CocWLBGB4C	68
7318	M-CocWLBGB4C	1093
7319	M-CocWLBGB4C	3647
7320	M-CocWLBGB4C	71
7321	M-CocWLBGB4C	3648
7322	M-CocWLBGB4C	329
7323	M-CocWLBGB4C	3649
7324	M-CocWLBGB4C	331
7325	M-CocWLBGB4C	589
7326	M-CocWLBGB4C	337
7327	M-CocWLBGB4C	2004
7328	M-CocWLBGB4C	342
7329	M-CocWLBGB4C	86
7330	M-CocWLBGB4C	345
7331	M-CocWLBGB4C	349
7332	M-CocWLBGB4C	1505
7333	M-CocWLBGB4C	355
7334	M-CocWLBGB4C	743
7335	M-CocWLBGB4C	365
7336	M-CocWLBGB4C	366
7337	M-CocWLBGB4C	112
7338	M-CocWLBGB4C	303
7339	M-CocWLBGB4C	1529
7340	M-CocWLBGB4C	378
7341	M-CocWLBGB4C	124
7342	M-CocWLBGB4C	254
7343	DU0LDAAAQBAJ	2437
7344	DU0LDAAAQBAJ	136
7345	DU0LDAAAQBAJ	269
7346	DU0LDAAAQBAJ	3342
7347	DU0LDAAAQBAJ	1046
7348	DU0LDAAAQBAJ	2082
7349	DU0LDAAAQBAJ	294
7350	DU0LDAAAQBAJ	1202
7351	DU0LDAAAQBAJ	308
7352	DU0LDAAAQBAJ	436
7353	DU0LDAAAQBAJ	3508
7354	DU0LDAAAQBAJ	1210
7355	DU0LDAAAQBAJ	58
7356	DU0LDAAAQBAJ	1212
7357	DU0LDAAAQBAJ	62
7358	DU0LDAAAQBAJ	2241
7359	DU0LDAAAQBAJ	3650
7360	DU0LDAAAQBAJ	3651
7361	DU0LDAAAQBAJ	3652
7362	DU0LDAAAQBAJ	3653
7363	DU0LDAAAQBAJ	3654
7364	DU0LDAAAQBAJ	68
7365	DU0LDAAAQBAJ	3655
7366	DU0LDAAAQBAJ	3656
7367	DU0LDAAAQBAJ	3657
7368	DU0LDAAAQBAJ	3658
7369	DU0LDAAAQBAJ	3659
7370	DU0LDAAAQBAJ	1093
7371	DU0LDAAAQBAJ	590
7372	DU0LDAAAQBAJ	599
7373	DU0LDAAAQBAJ	1244
7374	DU0LDAAAQBAJ	1381
7375	IxWOEAAAQBAJ	538
7376	IxWOEAAAQBAJ	804
7377	IxWOEAAAQBAJ	58
7378	IxWOEAAAQBAJ	1086
7379	IxWOEAAAQBAJ	70
7380	IxWOEAAAQBAJ	456
7381	IxWOEAAAQBAJ	1098
7382	IxWOEAAAQBAJ	3274
7383	IxWOEAAAQBAJ	3660
7384	IxWOEAAAQBAJ	3661
7385	IxWOEAAAQBAJ	3662
7386	IxWOEAAAQBAJ	3663
7387	IxWOEAAAQBAJ	3664
7388	IxWOEAAAQBAJ	3665
7389	IxWOEAAAQBAJ	3666
7390	IxWOEAAAQBAJ	3667
7391	IxWOEAAAQBAJ	3668
7392	IxWOEAAAQBAJ	1110
7393	IxWOEAAAQBAJ	860
7394	IxWOEAAAQBAJ	232
7395	IxWOEAAAQBAJ	240
7396	IxWOEAAAQBAJ	2032
7397	IxWOEAAAQBAJ	2037
7398	IxWOEAAAQBAJ	1662
7399	SQCxEHEXBykC	521
7400	SQCxEHEXBykC	906
7401	SQCxEHEXBykC	148
7402	SQCxEHEXBykC	35
7403	SQCxEHEXBykC	1700
7404	SQCxEHEXBykC	174
7405	SQCxEHEXBykC	1714
7406	SQCxEHEXBykC	58
7407	SQCxEHEXBykC	70
7408	SQCxEHEXBykC	1481
7409	SQCxEHEXBykC	1101
7410	SQCxEHEXBykC	211
7411	SQCxEHEXBykC	3669
7412	SQCxEHEXBykC	3670
7413	SQCxEHEXBykC	3671
7414	SQCxEHEXBykC	3672
7415	SQCxEHEXBykC	3673
7416	SQCxEHEXBykC	218
7417	SQCxEHEXBykC	3675
7418	SQCxEHEXBykC	3674
7419	SQCxEHEXBykC	3676
7420	SQCxEHEXBykC	3677
7421	SQCxEHEXBykC	3678
7422	SQCxEHEXBykC	2662
7423	SQCxEHEXBykC	487
7424	SQCxEHEXBykC	234
7425	SQCxEHEXBykC	1645
7426	SQCxEHEXBykC	112
7427	SQCxEHEXBykC	755
7428	SQCxEHEXBykC	628
7429	SQCxEHEXBykC	120
7430	SQCxEHEXBykC	506
7431	SQCxEHEXBykC	510
7432	r119-dYq0mwC	2182
7433	r119-dYq0mwC	521
7434	r119-dYq0mwC	266
7435	r119-dYq0mwC	9
7436	r119-dYq0mwC	269
7437	r119-dYq0mwC	148
7438	r119-dYq0mwC	21
7439	r119-dYq0mwC	154
7440	r119-dYq0mwC	2207
7441	r119-dYq0mwC	1700
7442	r119-dYq0mwC	294
7443	r119-dYq0mwC	3635
7444	r119-dYq0mwC	3636
7445	r119-dYq0mwC	58
7446	r119-dYq0mwC	698
7447	r119-dYq0mwC	191
7448	r119-dYq0mwC	2277
7449	r119-dYq0mwC	2241
7450	r119-dYq0mwC	68
7451	r119-dYq0mwC	581
7452	r119-dYq0mwC	468
7453	r119-dYq0mwC	340
7454	r119-dYq0mwC	473
7455	r119-dYq0mwC	345
7456	r119-dYq0mwC	349
7457	r119-dYq0mwC	3679
7458	r119-dYq0mwC	3680
7459	r119-dYq0mwC	3681
7460	r119-dYq0mwC	3682
7461	r119-dYq0mwC	2019
7462	r119-dYq0mwC	3683
7463	r119-dYq0mwC	3684
7464	r119-dYq0mwC	3685
7465	r119-dYq0mwC	487
7466	r119-dYq0mwC	3686
7467	r119-dYq0mwC	3687
7468	r119-dYq0mwC	234
7469	r119-dYq0mwC	3688
7470	r119-dYq0mwC	3689
7471	r119-dYq0mwC	3690
7472	r119-dYq0mwC	3691
7473	r119-dYq0mwC	3692
7474	r119-dYq0mwC	112
7475	r119-dYq0mwC	2033
7476	r119-dYq0mwC	3693
7477	r119-dYq0mwC	3694
7478	r119-dYq0mwC	242
7479	r119-dYq0mwC	3695
7480	r119-dYq0mwC	3696
7481	r119-dYq0mwC	3697
7482	r119-dYq0mwC	121
7483	r119-dYq0mwC	506
7484	r119-dYq0mwC	123
7485	r119-dYq0mwC	510
7486	D6uZDwAAQBAJ	2145
7487	D6uZDwAAQBAJ	66
7488	D6uZDwAAQBAJ	901
7489	D6uZDwAAQBAJ	70
7490	D6uZDwAAQBAJ	873
7491	D6uZDwAAQBAJ	2601
7492	D6uZDwAAQBAJ	1834
7493	D6uZDwAAQBAJ	1452
7494	D6uZDwAAQBAJ	1101
7495	D6uZDwAAQBAJ	1615
7496	D6uZDwAAQBAJ	3698
7497	D6uZDwAAQBAJ	755
7498	D6uZDwAAQBAJ	3699
7499	D6uZDwAAQBAJ	1780
7500	D6uZDwAAQBAJ	58
7501	D6uZDwAAQBAJ	893
7502	bZnHBAAAQBAJ	519
7503	bZnHBAAAQBAJ	266
7504	bZnHBAAAQBAJ	269
7505	bZnHBAAAQBAJ	148
7506	bZnHBAAAQBAJ	660
7507	bZnHBAAAQBAJ	294
7508	bZnHBAAAQBAJ	551
7509	bZnHBAAAQBAJ	1192
7510	bZnHBAAAQBAJ	1191
7511	bZnHBAAAQBAJ	1193
7512	bZnHBAAAQBAJ	1195
7513	bZnHBAAAQBAJ	1196
7514	bZnHBAAAQBAJ	1197
7515	bZnHBAAAQBAJ	1194
7516	bZnHBAAAQBAJ	2097
7517	bZnHBAAAQBAJ	1202
7518	bZnHBAAAQBAJ	434
7519	bZnHBAAAQBAJ	308
7520	bZnHBAAAQBAJ	309
7521	bZnHBAAAQBAJ	1201
7522	bZnHBAAAQBAJ	1207
7523	bZnHBAAAQBAJ	1210
7524	bZnHBAAAQBAJ	58
7525	bZnHBAAAQBAJ	1212
7526	bZnHBAAAQBAJ	1215
7527	bZnHBAAAQBAJ	831
7528	bZnHBAAAQBAJ	1216
7529	bZnHBAAAQBAJ	450
7530	bZnHBAAAQBAJ	64
7531	bZnHBAAAQBAJ	68
7532	bZnHBAAAQBAJ	1221
7533	bZnHBAAAQBAJ	70
7534	bZnHBAAAQBAJ	1220
7535	bZnHBAAAQBAJ	65
7536	bZnHBAAAQBAJ	3529
7537	bZnHBAAAQBAJ	1098
7538	bZnHBAAAQBAJ	71
7539	bZnHBAAAQBAJ	2243
7540	bZnHBAAAQBAJ	1224
7541	bZnHBAAAQBAJ	1230
7542	bZnHBAAAQBAJ	590
7543	bZnHBAAAQBAJ	1225
7544	bZnHBAAAQBAJ	202
7545	bZnHBAAAQBAJ	1234
7546	bZnHBAAAQBAJ	211
7547	bZnHBAAAQBAJ	3706
7548	bZnHBAAAQBAJ	2264
7549	bZnHBAAAQBAJ	88
7550	bZnHBAAAQBAJ	345
7551	bZnHBAAAQBAJ	3707
7552	bZnHBAAAQBAJ	1244
7553	bZnHBAAAQBAJ	348
7554	bZnHBAAAQBAJ	1248
7555	bZnHBAAAQBAJ	2274
7556	bZnHBAAAQBAJ	101
7557	bZnHBAAAQBAJ	3302
7558	bZnHBAAAQBAJ	234
7559	bZnHBAAAQBAJ	1217
7560	bZnHBAAAQBAJ	494
7561	bZnHBAAAQBAJ	242
7562	bZnHBAAAQBAJ	3700
7563	bZnHBAAAQBAJ	3701
7564	bZnHBAAAQBAJ	3702
7565	bZnHBAAAQBAJ	3703
7566	bZnHBAAAQBAJ	3704
7567	bZnHBAAAQBAJ	3705
7568	bZnHBAAAQBAJ	506
7569	bZnHBAAAQBAJ	123
7570	bZnHBAAAQBAJ	3708
7571	bZnHBAAAQBAJ	3709
7572	WZ0f_yUgc0UC	3712
7573	WZ0f_yUgc0UC	3713
7574	WZ0f_yUgc0UC	3714
7575	WZ0f_yUgc0UC	3715
7576	WZ0f_yUgc0UC	3716
7577	WZ0f_yUgc0UC	3717
7578	WZ0f_yUgc0UC	3718
7579	WZ0f_yUgc0UC	3719
7580	WZ0f_yUgc0UC	269
7581	WZ0f_yUgc0UC	2580
7582	WZ0f_yUgc0UC	33
7583	WZ0f_yUgc0UC	290
7584	WZ0f_yUgc0UC	419
7585	WZ0f_yUgc0UC	548
7586	WZ0f_yUgc0UC	806
7587	WZ0f_yUgc0UC	3495
7588	WZ0f_yUgc0UC	550
7589	WZ0f_yUgc0UC	294
7590	WZ0f_yUgc0UC	813
7591	WZ0f_yUgc0UC	820
7592	WZ0f_yUgc0UC	309
7593	WZ0f_yUgc0UC	821
7594	WZ0f_yUgc0UC	3511
7595	WZ0f_yUgc0UC	825
7596	WZ0f_yUgc0UC	58
7597	WZ0f_yUgc0UC	827
7598	WZ0f_yUgc0UC	3514
7599	WZ0f_yUgc0UC	61
7600	WZ0f_yUgc0UC	442
7601	WZ0f_yUgc0UC	831
7602	WZ0f_yUgc0UC	320
7603	WZ0f_yUgc0UC	833
7604	WZ0f_yUgc0UC	576
7605	WZ0f_yUgc0UC	323
7606	WZ0f_yUgc0UC	68
7607	WZ0f_yUgc0UC	830
7608	WZ0f_yUgc0UC	71
7609	WZ0f_yUgc0UC	1736
7610	WZ0f_yUgc0UC	3528
7611	WZ0f_yUgc0UC	3152
7612	WZ0f_yUgc0UC	211
7613	WZ0f_yUgc0UC	1237
7614	WZ0f_yUgc0UC	87
7615	WZ0f_yUgc0UC	88
7616	WZ0f_yUgc0UC	96
7617	WZ0f_yUgc0UC	98
7618	WZ0f_yUgc0UC	101
7619	WZ0f_yUgc0UC	1386
7620	WZ0f_yUgc0UC	112
7621	WZ0f_yUgc0UC	3576
7622	WZ0f_yUgc0UC	635
7623	WZ0f_yUgc0UC	636
7624	WZ0f_yUgc0UC	3710
7625	WZ0f_yUgc0UC	3711
7626	ebW2JpsaOxkC	2241
7627	ebW2JpsaOxkC	162
7628	ebW2JpsaOxkC	101
7629	ebW2JpsaOxkC	3720
7630	ebW2JpsaOxkC	3721
7631	ebW2JpsaOxkC	3722
7632	ebW2JpsaOxkC	174
7633	ebW2JpsaOxkC	1198
7634	ebW2JpsaOxkC	1072
7635	ebW2JpsaOxkC	2134
7636	ebW2JpsaOxkC	62
7637	B1hSG45JCX4C	1795
7638	B1hSG45JCX4C	3723
7639	B1hSG45JCX4C	3724
7640	B1hSG45JCX4C	3725
7641	B1hSG45JCX4C	3726
7642	B1hSG45JCX4C	3727
7643	B1hSG45JCX4C	1554
7644	B1hSG45JCX4C	2081
7645	B1hSG45JCX4C	41
7646	B1hSG45JCX4C	1717
7647	B1hSG45JCX4C	58
7648	B1hSG45JCX4C	61
7649	B1hSG45JCX4C	68
7650	B1hSG45JCX4C	70
7651	B1hSG45JCX4C	1227
7652	B1hSG45JCX4C	2013
7653	B1hSG45JCX4C	95
7654	B1hSG45JCX4C	96
7655	B1hSG45JCX4C	238
7656	B1hSG45JCX4C	1779
7657	B1hSG45JCX4C	755
7658	B1hSG45JCX4C	121
7659	WEW1cC7yaCQC	897
7660	WEW1cC7yaCQC	1794
7661	WEW1cC7yaCQC	1795
7662	WEW1cC7yaCQC	521
7663	WEW1cC7yaCQC	906
7664	WEW1cC7yaCQC	3728
7665	WEW1cC7yaCQC	3729
7666	WEW1cC7yaCQC	3730
7667	WEW1cC7yaCQC	3731
7668	WEW1cC7yaCQC	3732
7669	WEW1cC7yaCQC	3733
7670	WEW1cC7yaCQC	21
7671	WEW1cC7yaCQC	3735
7672	WEW1cC7yaCQC	3736
7673	WEW1cC7yaCQC	3734
7674	WEW1cC7yaCQC	3737
7675	WEW1cC7yaCQC	3738
7676	WEW1cC7yaCQC	148
7677	WEW1cC7yaCQC	3739
7678	WEW1cC7yaCQC	3740
7679	WEW1cC7yaCQC	2207
7680	WEW1cC7yaCQC	3616
7681	WEW1cC7yaCQC	3741
7682	WEW1cC7yaCQC	3742
7683	WEW1cC7yaCQC	3743
7684	WEW1cC7yaCQC	3744
7685	WEW1cC7yaCQC	2081
7686	WEW1cC7yaCQC	3745
7687	WEW1cC7yaCQC	935
7688	WEW1cC7yaCQC	3746
7689	WEW1cC7yaCQC	41
7690	WEW1cC7yaCQC	3747
7691	WEW1cC7yaCQC	3748
7692	WEW1cC7yaCQC	3749
7693	WEW1cC7yaCQC	3750
7694	WEW1cC7yaCQC	3751
7695	WEW1cC7yaCQC	1717
7696	WEW1cC7yaCQC	58
7697	WEW1cC7yaCQC	66
7698	WEW1cC7yaCQC	70
7699	WEW1cC7yaCQC	842
7700	WEW1cC7yaCQC	1227
7701	WEW1cC7yaCQC	120
7702	WEW1cC7yaCQC	95
7703	WEW1cC7yaCQC	2020
7704	WEW1cC7yaCQC	487
7705	WEW1cC7yaCQC	234
7706	WEW1cC7yaCQC	2794
7707	WEW1cC7yaCQC	1908
7708	WEW1cC7yaCQC	2194
7709	WEW1cC7yaCQC	890
7710	WEW1cC7yaCQC	1528
7711	WEW1cC7yaCQC	121
7712	WEW1cC7yaCQC	506
7713	WEW1cC7yaCQC	510
7714	cLhVjQGs83QC	395
7715	cLhVjQGs83QC	17
7716	cLhVjQGs83QC	22
7717	cLhVjQGs83QC	2081
7718	cLhVjQGs83QC	290
7719	cLhVjQGs83QC	35
7720	cLhVjQGs83QC	935
7721	cLhVjQGs83QC	3752
7722	cLhVjQGs83QC	3753
7723	cLhVjQGs83QC	3754
7724	cLhVjQGs83QC	3755
7725	cLhVjQGs83QC	3756
7726	cLhVjQGs83QC	3757
7727	cLhVjQGs83QC	174
7728	cLhVjQGs83QC	3758
7729	cLhVjQGs83QC	3759
7730	cLhVjQGs83QC	3760
7731	cLhVjQGs83QC	3761
7732	cLhVjQGs83QC	3762
7733	cLhVjQGs83QC	3763
7734	cLhVjQGs83QC	3764
7735	cLhVjQGs83QC	3765
7736	cLhVjQGs83QC	3766
7737	cLhVjQGs83QC	3767
7738	cLhVjQGs83QC	3768
7739	cLhVjQGs83QC	58
7740	cLhVjQGs83QC	3769
7741	cLhVjQGs83QC	3770
7742	cLhVjQGs83QC	323
7743	cLhVjQGs83QC	68
7744	cLhVjQGs83QC	70
7745	cLhVjQGs83QC	71
7746	cLhVjQGs83QC	2251
7747	cLhVjQGs83QC	1227
7748	cLhVjQGs83QC	2767
7749	cLhVjQGs83QC	599
7750	cLhVjQGs83QC	95
7751	cLhVjQGs83QC	808
7752	cLhVjQGs83QC	112
7753	cLhVjQGs83QC	755
7754	cLhVjQGs83QC	121
7755	8FWTZTkKKUkC	3771
7756	8FWTZTkKKUkC	61
7757	8FWTZTkKKUkC	1110
7758	OwsBBAAAQBAJ	349
7759	OwsBBAAAQBAJ	950
7760	TxFxDwAAQBAJ	3776
7761	TxFxDwAAQBAJ	3777
7762	TxFxDwAAQBAJ	3772
7763	TxFxDwAAQBAJ	3778
7764	TxFxDwAAQBAJ	349
7765	TxFxDwAAQBAJ	590
7766	TxFxDwAAQBAJ	2457
7767	TxFxDwAAQBAJ	1180
7768	TxFxDwAAQBAJ	3773
7769	TxFxDwAAQBAJ	3774
7770	TxFxDwAAQBAJ	3775
7771	G0KJzgEACAAJ	66
7772	G0KJzgEACAAJ	103
7773	G0KJzgEACAAJ	232
7774	G0KJzgEACAAJ	906
7775	G0KJzgEACAAJ	3149
7776	G0KJzgEACAAJ	61
7777	twDVs4UIU_kC	3619
7778	twDVs4UIU_kC	232
7779	twDVs4UIU_kC	2028
7780	twDVs4UIU_kC	1110
7781	twDVs4UIU_kC	535
7782	GXYH1C_esq0C	3779
7783	GXYH1C_esq0C	232
7784	GXYH1C_esq0C	174
7785	GXYH1C_esq0C	3607
7786	GXYH1C_esq0C	61
7787	hTy7QzxZSEUC	3616
7788	hTy7QzxZSEUC	2979
7789	hTy7QzxZSEUC	232
7790	hTy7QzxZSEUC	2028
7791	hTy7QzxZSEUC	1485
7792	hTy7QzxZSEUC	853
7793	hTy7QzxZSEUC	61
7794	lDKoFjT_tT0C	2241
7795	lDKoFjT_tT0C	1418
7796	49fWEAAAQBAJ	96
7797	49fWEAAAQBAJ	232
7798	49fWEAAAQBAJ	61
7799	6qzHDAAAQBAJ	66
7800	6qzHDAAAQBAJ	3780
7801	6qzHDAAAQBAJ	103
7802	6qzHDAAAQBAJ	906
7803	6qzHDAAAQBAJ	3149
7804	6qzHDAAAQBAJ	174
7805	6qzHDAAAQBAJ	61
7806	rWuODQAAQBAJ	66
7807	rWuODQAAQBAJ	884
7808	rWuODQAAQBAJ	1629
7809	Yfj1DwAAQBAJ	61
7810	Yfj1DwAAQBAJ	548
7811	Yfj1DwAAQBAJ	3781
7812	GrGdDwAAQBAJ	349
7813	zKl_4L9AWccC	2457
7814	zKl_4L9AWccC	1418
7815	zKl_4L9AWccC	2241
7816	zKl_4L9AWccC	743
7817	oR1avgEACAAJ	548
7818	oR1avgEACAAJ	3782
7819	oR1avgEACAAJ	3783
7820	oR1avgEACAAJ	1608
7821	oR1avgEACAAJ	3784
7822	oR1avgEACAAJ	1131
7823	oR1avgEACAAJ	1101
7824	oR1avgEACAAJ	884
7825	oR1avgEACAAJ	2037
7826	ScdAEQAAQBAJ	103
7827	ScdAEQAAQBAJ	744
7828	ScdAEQAAQBAJ	3785
7829	ScdAEQAAQBAJ	3786
7830	ScdAEQAAQBAJ	2095
7831	ScdAEQAAQBAJ	730
\.


--
-- Data for Name: library_subject; Type: TABLE DATA; Schema: public; Owner: postgres
--

COPY public.library_subject (id, name) FROM stdin;
1	Literature And Fiction (General)
2	Napoleon I, Emperor Of The French, 1769-1821
3	Mœurs Et Coutumes
4	Invasion Of Russia, 1812
5	Campagnes Et Batailles
6	Manners And Customs
7	Russian Empire
8	Histoire
9	Classics
10	Classic Literature
11	Social Life And Customs
12	Napoleonic Wars In Fiction
13	Social Conditions
14	Slavic Philology
15	Napoleon In Fiction
16	891.73/3
17	English Fiction
18	Napoleonic Wars, 1800-1815 In Fiction
19	Russian Literature
20	Napoleonic Wars, 1800-1815--Campaigns--Russia--Fiction
21	Open Library Staff Picks
22	Literature
23	Fiction, Historical
24	Open_Syllabus_Project
25	Napoleonic Wars, 1800-1815, Fiction
26	Aristocracy (Social Class)
27	Russian Language Materials
28	Napoleonic Wars (1800-1815) Fast (Ocolc)Fst01032683
29	Soviet Union, Fiction
30	Russian Fiction
31	Translations Into English
32	Napoleonic Wars, 1800-1814 In Fiction
33	Textual Criticism
34	History
35	Romans, Nouvelles
36	Fiction, General
37	Russia In Fiction
38	Fiction, Historical, General
39	Napoleonic Wars, 1800-1814
40	Russia (Federation), Fiction
41	Long Now Manual For Civilization
42	Napoleon I, Emperor Of The French, 1769-1821 In Fiction
43	Napoleonic Wars, 1800-1815--Campaigns
44	Classic
45	Parodies, Imitations
46	Pg3366 .V6 1996
47	Napoleonic Wars
48	Fiction, War & Military
49	Napoleon I
50	Voǐna I Mir
51	Napoléan In Fiction
52	Historical Fiction
53	Campaigns
54	Napoleonic Wars, 1800-1815
55	Russia
56	Guerres Napoléoniennes, 1800-1815
57	Continental European Fiction (Fictional Works By One Author)
58	Fiction
59	Russian Fiction, Translations Into English
60	Military Campaigns
61	Fiction / Classics
62	Juvenile Fiction / General
63	Intrigue
64	Family
65	Protected Daisy
66	Fiction / Science Fiction / Action & Adventure
67	War And Conflict
68	Fantasy Fiction
69	Guerras Imaginarias
70	New York Times Bestseller
71	Fantasy
72	Persistent Vegetative States
73	General
74	Supernatural
75	Vengeance
76	Series:A Song Of Ice And Fire
77	Dragons
78	Moral Ambiguity
79	Loyalty
80	Nyt:Mass-Market-Paperback=2011-04-10
81	Knights
82	Nyt:Trade_Fiction_Paperback=2011-09-10
83	Wights
84	Imaginary Wars And Battles
85	Seasons
86	Kings And Rulers
87	Fantastic Fiction
88	Magic
89	Trial By Combat
90	Royalty And Nobility
91	Incest
92	Overdrive
93	Courts And Courtiers
94	Walls
95	Hugo Award Winner
96	Fiction / Fantasy / Epic
97	Ignotus Award Winner
98	Fiction, Fantasy, Epic
99	Forced Marriage
100	Voyages And Travels
101	Fiction, Fantasy, General
102	Epic Fiction
103	Fiction / Action & Adventure
104	Guerra Civil
105	Politics
106	Folk Healers
107	Adult
108	Imaginary Places
109	Accessible Book
110	Epic
111	Epic Fantasy
112	Novela
113	Reyes Y Soberanos
114	American Fantasy Fiction
115	Epic Literature
116	Bien Y Mal
117	Civil War
118	Invierno
119	Penal Colonies
120	Ficción
121	Science Fiction
122	Seven Kingdoms (Imaginary Place)
123	Good And Evil
124	Action & Adventure
125	Seven Kingdoms (Imaginary Place), Fiction
126	Feudalism
127	High Fantasy
128	Winter
129	Revenge
130	Betrayal
131	Locus Award Winner
132	Fiction, Friendship
133	First Loves
134	Rich People -- Fiction
135	Antiheroes, L Fiction
136	Spanish Language Materials
137	Historical
138	Traffic Accidents
139	Modern Fiction
140	Relaciones Hombre-Mujer
141	Classic Adaptation
142	Accidentes
143	American Dream
144	Upper Class--New York (State)--Long Island--Fiction
145	Wives
146	Comic Books, Strips
147	Literary
148	Reading Level-Grade 12
149	Fiction, Romance, General
150	Fictional Works [Publication Type]
151	Facsimiles
152	Man-Woman Relationships, Fiction
153	Rich People--Fiction
154	Love
155	Fiction / Friendship
156	Maîtresses
157	Mistresses
158	Revenge--Fiction
159	Criticism And Interpretation
160	Fiction, Romance, Historical, 20Th Century
161	Romance Fiction
162	Fiction, Action & Adventure
163	American Manuscripts
164	First Loves -- Fiction
165	Long Island (N.Y.), Fiction
166	Long Island (N.Y.)--Fiction
167	Années Vingt (Vingtième Siècle)
168	Fiction, City Life
169	Classes Supérieures
170	Drama
171	Fiction"
172	Young Adult Fiction, Social Themes, Class Differences
173	Psychological Fiction
174	Fiction / General
175	Cuentos De Amor
176	American Fiction (Collections), 20Th Century
177	Accidents De La Route
178	Traffic Accidents--Fiction
179	Young Adult Fiction, Comics & Graphic Novels, Classic Adaptation
180	Manuscripts
181	Married People, Fiction
182	Love Stories
183	Fictional Works Publication Type
184	Premier Amour
185	Primer Amor
186	Mujeres Casadas
187	Young Adult Fiction, Classics
188	Rich People -- New York (State) -- New York -- Fiction
189	Great Gatsby (Fitzgerald, F. Scott)
190	Fiction, Classics
191	American Fiction
192	Nouveaux Riches
193	Fiction, Fantasy, Romance
194	813/.52
195	American Fiction (Fictional Works By One Author)
196	New York (State)
197	Young Adult Fiction
198	Roman Américain
199	Fiction, Historical, World War I
200	Rich People
201	Fiction, Historical,  New York (N.Y.)
202	Social Themes
203	Wealth
204	Fiction, Psychological
205	Novel
206	Millionnaires
207	Moral Conditions
208	Romance Norte Americano
209	Millionaires
210	Nouveau Riche
211	Large Type Books
212	Man-Woman Relationships--New York (State)--Long Island--Fiction
213	Married Women
214	Economic Conditions
215	Rêve Américain
216	Fiction, Romance, Historical, American
217	Nineteen Twenties
218	Chang Pian Xiao Shuo
219	Upper Class
220	Mistresses--Fiction
221	Ps3511.I9 G7 1995B
222	First Loves--Fiction
223	Fitzgerald, F. Scott (Francis Scott), 1896-1940
224	Adultery
225	Tránsito
226	New York (State), Fiction
227	New York (State) -- New York
228	Rich
229	Readers
230	Riches
231	New York (State) -- Long Island
232	Fiction / Literary
233	American Literature, History And Criticism, 19Th Century
234	Reading Level-Grade 11
235	Long Island (N.Y.) -- Fiction
236	Class Differences
237	Translations Into Chinese
238	American Literature
239	Comics & Graphic Novels
240	Man-Woman Relationships
241	Relations Entre Hommes Et Femmes
242	Friendship
243	Men
244	Amitié Masculine
245	Littérature Française
246	Amitié
247	Theater Programs
248	People With Disabilities, Fiction
249	Migrant Labor
250	American Drama (Dramatic Works By One Author)
251	Amistad Entre Hombres
252	Voyages And Travels, Fiction
253	Large Print Books
254	Specimens
255	Habimah
256	Ranch Life
257	Cowboys
258	Étude Et Enseignement
259	Western Stories
260	People With Mental Disabilities
261	Vie Au Ranch
262	West (U.S.), Fiction
263	Juvcol
264	Drifters
265	Male Friendship
266	Friendship, Fiction
267	Retrasados Mentales
268	Cowhands
269	Children'S Fiction
270	Vaqueros
271	Critique Et Interprétation
272	Vida Ranchera
273	Study Guides
274	Livres En Gros Caractères
275	California, Fiction
276	Of Mice And Men (Steinbeck, John)
277	Personnes Ayant Une Déficience Intellectuelle
278	Small Town & Rural
279	Goal (Psychology)
280	Vie Rurale
281	Cow-Boys
282	Farm Life
283	Contemporary Fiction
284	Literary Fiction
285	Examinations
286	Classical Literature
287	Collectionid:Bannedbooks
288	Labor Trilogy
289	Children'S Literature
290	Roman
291	Hommes
292	Novela Juvenil
293	Texts
294	Juvenile Fiction
295	Juvenile Wit And Humor
296	Chinese Language
297	Tribunaux
298	Fantastique
299	Cuento Infantil Ingles
300	Shorthand
301	Children'S Stories, English
302	Gregg
303	Reading Materials
304	Fiction, Short Stories (Single Author)
305	Urtidsdjur
306	Alice (Fictitious Character : Carroll), Fiction
307	English Fantastic Fiction
308	Ficción Juvenil
309	Novela Fantástica
310	Translations Into Irish
311	Rêves
312	Niñas
313	Fantasmes
314	Courts
315	Translations Into Yiddish
316	Logic
317	Enfants
318	Adventure Stories
319	Croquet (Jeu)
320	English Fantasy Fiction
321	Humor
322	Erwachsenwerden
323	English Literature
324	Children'S Literature, History And Criticism
325	Translations Into Polish
326	Books And Reading
327	Contes De Fées
328	Alicia (Personaje Literario : Carroll)
329	Picture Books
330	Playing Cards
331	Dreams
332	Fantasy In Fiction
333	Translations Into Ladino
334	Readers For New Literates
335	Curiosity In Children
336	English Adventure Stories
337	Animals
338	Morale Pratique
339	Cartes À Jouer
340	Decision Making
341	Fantasy  Magic
342	Imagination
343	Child And Youth Fiction
344	Xiao Shuo
345	Adventure And Adventurers, Fiction
346	English Nonsense Verses
347	Curiosité
348	Romans, Nouvelles, Etc. Pour La Jeunesse
349	Juvenile Fiction / Classics
350	Literature, Collections
351	Tong Hua
352	Humorous Stories
353	Cours Et Courtisans
354	Children, Books And Reading
355	Fantasía
356	Innocence (Psychology)
357	Shao Er Du Wu
358	Mädchen
359	Philosophie
360	Suo Xie
361	Jorden
362	Toy And Movable Books
363	Imagination & Play
364	Nonsense Verses
365	Spanish Language
366	Conduct Of Life
367	Artists' Illustrated Books
368	Lugares Imaginarios
369	Adventure Travel
370	Literary Nonsense
371	Curiosidad En Los Niños
372	Girls
373	Sprache
374	Histoires Pour Enfants Anglaises
375	Ying Yu
376	Alice In Wonderland;
377	Geologi
378	Children'S Stories
379	Textbooks For Foreign Speakers
380	Yu Yan Du Wu
381	Prise De Décision
382	Children'S Literature, English
383	Fantasy Fiction, History And Criticism
384	English Language, Textbooks For Foreign Speakers
385	Evolution
386	Lieux Imaginaires
387	Shi Jie Wen Xue
388	Anthropomorphism
389	Juvenile Literature
390	Short Novel
391	English
392	Children
393	Traumland
394	Theft
395	Coloring Books
396	Carroll, Lewis, 1832-1898
397	Cuentos Infantiles Ingleses
398	Ficc ʹA O (Ge Nero)
399	Pin Yin Du Wu
400	Reise
401	Rural-Urban Migration
402	Tea
403	Rabbits
404	Hookahs
405	Croquet
406	Literatura Infanto-Juvenil
407	Translations From English
408	Swahili Language
409	Girls, Fiction
410	Vol (Droit)
411	Crocheting
546	Fiction / War & Military
412	Alice (Fictitious Character : Carroll)
413	Russian Language
414	History And Criticism
415	English Language
416	Nyt:Chapter-Books=2010-02-21
417	Dinosaurier
418	Kultur
419	Literatura Inglesa
420	Utdöda Djur
421	Alice'S Adventures In Wonderland (Carroll, Lewis)
422	High Interest-Low Vocabulary Books
423	North
424	Humour Pour La Jeunesse
425	Affirmation De Soi
426	Forntiden
427	Fantastiske Fortællinger
428	English Fantasy Literature
429	Paston Grammmar School, Walsham, Eng
430	Fairy Tales
431	Roman Anglais
432	Legends
433	Illusion (Philosophie)
434	Fantasy & Magic
435	Curiosidad
436	Mythical Animals
437	Adventure And Adventurers
438	Illusion (Philosophy)
439	Illustrations
440	Logik
441	Irish Literature
442	British And Irish Fiction (Fictional Works By One Author)
443	Children'S Stories, Chinese
444	Nonsense Literature
445	Fantasi A
446	Curiosity
447	Cousins
448	England In Fiction
449	Triangle (Relations Humaines)
450	Orphans
451	Revenge In Fiction
452	Interpersonal Relations, Fiction
453	Love In Fiction
454	Foundlings In Fiction
455	Triangles (Interpersonal Relations)
456	Young Women
457	Enfants Trouvés
458	Tragedy
459	Study And Teaching
460	Rural Families -- Fiction
461	Inheritance And Succession
462	Fiction, Family Life, General
463	Comics & Graphic Novels, Romance
464	Reading Books
465	Interpersonal Relations
466	Yorkshire (England)
467	Pr4172 .W7 2009C
468	Families
469	Orphans In Fiction
470	Love, Fiction
471	Landscape In Literature
472	Rural Families In Fiction
473	Family Life
474	Romance
475	Literary Collections / General
476	Adaptations
477	Triangles (Interpersonal Relations)--Fiction
478	Yorkshire (England) -- Fiction
479	Heathcliff (Fictitious Character : Brontë) -- Fiction
480	Beuve De Hanstone (Legendary Character)
481	Triangles (Interpersonal Relationships)
482	Foundlings
483	Social Conflict
484	Heathcliff (Fictitious Character), Fiction
485	Comic Books, Strips, Etc.
486	Rejection (Psychology) -- Fiction
487	Reading Level-Grade 9
488	Country Life
489	Landscape In Literature In Fiction
490	Comics & Graphic Novels, Literary
491	Bronte, Emily, 1818-1848
492	Familles Rurales
493	Heathcliff (Fictitious Character)
494	England, Fiction
495	Hl 2083
496	Women
497	Domestic Fiction
498	Slavery In Fiction
499	Rejection (Psychology)
500	Country Life In Fiction
501	Heathcliff (Fictitious Character : Brontë)
502	Readers (Adult)
503	Femmes
504	Rejet (Psychologie)
505	Triangles (Interpersonal Relations) -- Fiction
506	Reading Level-Grade 10
507	Rural Families
508	823/.8
509	Fiction / Gothic
510	Reading Level-Grade 8
511	Romantic Fiction
512	Revenge -- Fiction
513	Classic Fiction
514	Catherine Earnshawm (Fictitious Character)
515	Death
516	Wuthering Heights (Brontë, Emily)
517	English Language Readers
518	Slavery
519	Englisch
520	Zhang Pian Xiao Shuo
521	Reading Level-Grade 7
522	English Gothic Fiction
523	Country Homes
524	Wuthering Heights (Emily Brontë)
525	Foundlings -- Fiction
526	Fiction / Political
527	Pictorial Works
528	Relations
529	Sikhism
530	Pakistan, Fiction
531	Political Refugees
532	Political Violence
533	Fiction / Places / Asia
534	India, Fiction
535	Fiction / Cultural Heritage
536	Islam
537	Fiction, Political
538	Fiction / Historical / General
539	Fiction / Religious
540	China, Fiction
541	World War, 1939-1945
542	World War (1939-1945) Fast (Ocolc)Fst01180924
543	Shanghai (China), Fiction
544	Engels
545	Garçons
547	Boys
548	Fiction / Media Tie-In
549	British
550	Fiction, Media Tie-In
551	Bildungsromans
552	World War, 1939-1945, Fiction
553	French Language
554	Planets
555	Philosophy
556	Asteroids
557	Juvenile Films
558	Friendship -- Juvenile Fiction
559	Novela FantáStica
560	Princes -- Romans, Nouvelles, Etc. Pour La Jeunesse
561	Air Pilots
562	Deaf Children
563	Princes -- Juvenile Fiction
564	Princes, Fiction
565	Loneliness
566	Children'S Stories, French
567	Deserts
568	Cuentos De Hadas
569	Foxes
570	Juvenile Fiction / Royalty
571	PríNcipes -- Novela Juvenil
572	Allegories
573	Air Pilots -- Juvenile Fiction
574	Fiction - General
575	French Fantasy Fiction
576	Adventure
577	French Language, Readers
578	Juvenile
579	Travel, Fiction
580	Pride And Vanity
581	Extraterrestrial Beings
582	Pilotos AéReos -- Novela Juvenil
583	Príncipes
584	Princes
585	Childhood
586	Children'S Literature, French
587	Pilotes D'AéRonef -- Romans, Nouvelles, Etc. Pour La Jeunesse
588	Loss
589	Juvenile Fiction / Family / Parents
590	Juvenile Fiction / Fantasy & Magic
591	Tweens
592	Juvenile Fiction / Horror
593	Horror Stories
594	Award:Hugo_Award=Novella
595	Collection:Name
596	Littérature Fantastique Américaine
597	Comics & Graphic Novels, Horror
598	Graphic Novels
599	Fiction / Fantasy / General
600	Supernatural, Fiction
601	Children'S Books/Ages 9-12 Fiction
602	Paranormal Fiction
603	Young Adult Literature
604	Blind
605	Horror Fiction
606	Award:Hugo_Award=2003
607	Supernatural -- Juvenile Fiction
608	Horror Tales
609	Imaginary Creatures
610	Sick, Fiction
611	Flowers
612	Shaw Alphabet
613	Insects
614	Korean
615	Children'S Poetry, English
616	Twins
617	Translations Into German
618	Dictionaries
619	Translations Into Italian
620	Spanish
621	Children'S Poetry
622	Chess
623	English Language, Study And Teaching, Foreign Speakers
624	Artists' Books
625	Literature And Fiction, Juvenile
626	German
627	Physics, Mathematical Models
628	Literature And Fiction, Fantasy
629	Queens
630	Unicorns
631	English Language, Juvenile Literature
632	Portmanteau Words
633	Mirror-Writing
634	English Poetry
635	Translations Into French
636	Novela Inglesa
637	Latin Language
638	Chinese
639	Fantasy (Litteratur)
640	English Fantasy Poetry
641	African Americans -- Fiction
642	Political Fiction
643	Literatura Norte-Americana
644	Suo Xie Ben
645	Esclaves Fugitifs
646	In Literature
647	Correspondence
648	Uncle Tom (Fictitious Character)
649	Stowe, Beecher (Fictitious Character), Fiction
650	Plantation Life
651	Slaves, Fiction
652	Slaves
653	Esclavage
654	Slavery -- Fiction
655	Stowe, Harriet Beecher, 1811-1896
656	Noirs Américains
657	African Americans In Literature
658	Sources
659	Uncle Tom'S Cabin (Stowe, Harriet Beecher)
660	Romans
661	Southern States -- Fiction
662	Plantation Life -- Fiction
663	Vie Dans Les Plantations
664	Southern States
665	American Literature, Foreign Influences
666	Master And Servant -- Fiction
667	Esclaves
668	African Americans, Fiction
669	Didactic Fiction
670	Enslaved Persons, Fiction
671	Anti-Slavery Movement
672	Spanish Language Books
673	Master And Servant
674	Sklaverei
675	Schwarze
676	Fugitive Slaves
677	Antislavery Movements
678	Ficiton
679	Slavery In Literature
680	Uncle Tom'S Cabin, Or, Life Among The Lowly
681	Southern States, Fiction
682	Slavery, Fiction
683	Fugitive Slaves -- Fiction
684	Slaves -- Fiction
685	Uncle Tom (Fictitious Character) -- Fiction
686	African Americans
687	City And Town Life
688	Children: Grades 3-4
689	Historia
690	Iiit
691	Plays
692	Guillotine
693	France, History, Revolution, 1789-1799, Fiction
694	London (England), History, Fiction
695	History Revolution, 1789-1799--Fiction
696	Paris (France), Fiction
697	Children'S Plays, American
698	Fathers And Daughters, Fiction
699	Revolution (France : 1789-1799)
700	Juvenile Drama
701	Pères Et Filles
702	Reign Of Terror
703	Storming Of The Bastille
704	Padre E Hija
705	French Fiction
706	British And Irish Drama (Dramatic Works By One Author)
707	Revolution 1789-1799
708	French Revolution
709	Japanese Literature
710	Fathers And Daughters
711	Translations Into Japanese
712	Paris (France), History, Fiction
713	Translations In Japanese
714	War Stories
715	Lookalikes
716	Fiction Classics
717	Readers' Theater
718	Executions And Executioners
719	French
720	Reference Books
721	Sosies
722	Roman Français
723	London (England), Fiction
724	Revolution
725	Juvenile Nonfiction
726	Language & Literary Studies
727	Fiction / Romance / General
728	Drama / Type / Historical
729	Drama / Type / Tragedy
730	Drama / General
731	Music / Genres & Styles / Musicals
732	Performing Arts / Theater / General
733	Swordsmen -- Fiction
734	Continental European Drama (Dramatic Works By One Author)
735	Abenteuerroman
736	France -- History -- Louis Xiii, 1610-1643 -- Fiction
737	Adventure And Adventurers -- Fiction
738	France In Fiction
739	Three Musketeers (Fictitious Characters), Fiction
740	France, Fiction
741	Combat Au Sabre
742	Mongolian Literature
743	Juvenile Fiction / Action & Adventure / General
744	Juvenile Fiction / Readers / Chapter Books
745	Épéistes
746	Fiction, Romance, Historical, General
747	France -- History -- Louis Xiii, 1610-1643 -- Fiction.
748	Romance Literature
749	French Language Materials
750	Swords
751	France
752	Vietnamese Language Books
753	Swordsmen
754	Swordplay
755	New York Times Reviewed
756	Comics & Graphic Novels, Historical Fiction
757	Adventure Fiction
758	New School For Social Research (New York, N.Y. : 1919-1997)
759	Historical"
760	English Literature, Outlines, Syllabi, Etc.
761	Charity Schools, Fiction
762	Pr4167.J5 L88 2016
763	Married Men
764	Cartoons And Comics
765	Landowners
766	Family Secrets
767	Pr4167.J5 D38 2006
768	Governesses In Literature
769	Manners And Customs, Fiction
770	Orphans, Fiction
771	English Drama
772	English Literature, History And Criticism
773	Fiction, Sagas
774	Comics & Graphic Novels, General
775	Teddy Bears
776	Jane Eyre (Brontë, Charlotte)
777	Governesses
778	Gothic Fiction
779	Feminism
780	Upper Class, Fiction
781	Pr4167 .J3 2000
782	Family Secrets, Fiction
783	Gouvernantes
784	823.8
785	Country Homes, Fiction
786	Social Classes
787	Secrecy
788	Charity-Schools
789	Americans
790	Frau
791	Rape Victims
792	Great Britain, Social Life And Customs, Fiction
793	Married People
794	Literature And Fiction, Women Authors
795	Married Men, Fiction
796	Japanese Fiction
797	Detente
798	Young Women, Fiction
799	Mentally Ill Women
800	Mentally Ill Women, Fiction
801	Sotho Language
802	Governesses, Fiction
803	Governesses--England--Fiction
804	Fiction, Coming Of Age
805	Comics & Graphic Novels / Fantasy / General
806	Fiction / Fantasy / Action & Adventure
807	Nyt:Hardcover-Graphic-Books=2014-03-30
808	Comics & Graphic Novels, Fantasy
809	Fiction / Fantasy / Military
810	Series:Stormlight Archive
811	Nyt:Hardcover-Fiction=2010-09-19
812	Pr6039.O32 L6 2005
813	Quests (Expeditions)
814	Fiction In English
815	Baggins, Bilbo (Fictitious Character), Fiction
816	Филологические Науки. Художественная Литература -- Великобритания -- Английская Литература -- С 1945 Г. -- Произведения Художественной Литературы -- Художественная Проза -- Романы. Повести. Рассказы -- Фантастические И Мистические Романы, Повести, Рассказы. Романы Ужасов
817	Hobbits (Fictitious Characters)
818	Baggins, Frodo
819	823/.912
820	The Lord Of The Rings
821	Frodo Baggins (Fictitious Character)
822	Hobbits (Personnages Fictifs)
823	Middle Earth (Imaginary Place)--Fiction
824	Terre Du Milieu (Lieu Imaginaire)
825	Baggins, Frodo (Fictitious Character), Fiction
826	Telephone Directories
827	Middle Earth (Imaginary Place)
828	Gift Books
829	Lord Of The Rings (Tolkien, J.R.R.)
830	Middle Earth (Imaginary Place), Fiction
831	Wizards
832	Ficción Fantástica Inglesa
833	Gandalf (Fictitious Character), Fiction
834	Quête
835	Fantasy Fiction, English
836	Fathers And Sons
837	Reading Level-Grade 6
838	The Struggle For Acceptance
839	Brothers
840	Novela Histórica
841	Poor
842	Hermanos
843	Fathers And Sons, Fiction
844	Novela Hogareña
845	Jalousie
846	Beneficence
847	Niños De Prostitutas
848	Depravity
849	Guerra Mundial Ii, 1939-1945
850	Guilt
851	Pauvres
852	Rivaldad Entre Hermanos
853	Fiction / Sagas
854	Self-Destruction
855	Freedom
856	Padre E Hijo
857	Problem Youth
858	Brithers
859	Father-Son Relationship
860	Murder
861	Pères Et Fils
862	Meurtre
863	Children Of Prostitutes
864	Vida Social Y Costumbres
865	Jealousy
866	Sibling Rivalry
867	Biotechnologists
868	Fiction, Thrillers, Technological
869	Chaos Theorists
870	Procompsognathus
871	Fiction, Science Fiction, Action & Adventure
872	Suspense Fiction
873	Fiction / Thrillers / Technological
874	Dinosaurios
875	Chaos Theory
876	Cloning
877	Paleontologists
878	Backdoor
879	Paleobotanists
880	Clones And Cloning
881	Ke Xue Huan Xiang Xiao Shuo
882	Amusement Parks
883	Scientists, Fiction
884	Fiction / Thrillers / General
885	Ancient Dna
886	Fiction, Technological
887	Corporate Espionage
888	Tyrannosaurus
889	Complex Systems
890	Genetic Engineering
891	Cautionary Tale
892	Thrillers (Fiction)
893	Fiction, Thrillers, General
894	Parques De Diversiones
895	Velociraptors
896	Lysine
897	Brothers And Sisters, Fiction
898	Dinosaurs
899	Jurassic Park (Imaginary Place), Fiction
900	Dinosaurs, Fiction
901	Fiction, Suspense
902	Auxotrophy
903	Animal Genetic Engineering
904	Amusement Parks, Fiction
905	Napalm
906	Fiction / Science Fiction / General
907	Dichogamy
908	Malcolm, Ian (Fictitious Character), Fiction
909	Theme Parks
910	Comics & Graphic Novels / Nonfiction / General
911	United States Congress. House
912	African American Civil Rights Workers
913	United States
914	Civil Rights Movements
915	Nonviolence
916	Biography
917	Biography & Autobiography
918	Comics & Graphic Novels, Nonfiction, Biography & Memoir
919	United States, Race Relations
920	Sit-Ins
921	United States, Congress, House, Biography
922	African American Nonfiction
923	Student Nonviolent Coordinating Committee (U.S.)
924	Social Gospel
925	Legislators
926	Personal Memoirs
927	Montgomery Advertiser
928	Racial Segregation
929	Comic
930	African American Legislators
931	United States. Congress. House
932	Brown V. Board Of Education Of Topeka
933	Civil Rights Movement
934	Political Activism
935	Amerikanisches Englisch
936	Cultural Heritage
937	African Americans, Biography
938	Civil Rights
939	Gospel Of John
940	Civil Rights Movements, United States
941	Young Adult Nonfiction
942	Civil Rights Workers
943	Comics & Graphic Novels / Romance
944	Young Adult Fiction / Comics & Graphic Novels / Coming Of Age
945	Young Adult Fiction / Comics & Graphic Novels / Humorous
946	Young Adult Fiction / Comics & Graphic Novels / General
947	Comics & Graphic Novels / General
948	Comics & Graphic Novels / Contemporary Women
949	Young Adult Fiction / Comics & Graphic Novels / Romance
950	Juvenile Fiction / Comics & Graphic Novels / General
951	Descriptions Et Voyages
952	Biography & Autobiography / Literary Figures
953	Journeys
954	Biographies
955	Travel
956	Travel / Essays & Travelogues
957	Authors, Biography
958	History / United States / General
959	Descripciones Y Viajes
960	Description
961	Autores Estadounidenses
962	American Authors
963	Novelas Estadounidenses
964	Steinbeck, John, 1902-1968
965	Biografía
966	United States, Description And Travel
967	Authors, American
968	Description And Travel
969	Grandfathers
970	United States. Congress. Senate
971	United States, Congress, Senate, Biography
972	Biography & Autobiography / Memoirs
973	Grands-Pères
974	Nonfiction
975	Biography & Autobiography / Political
976	United States. Navy
977	World War, 1939-1945, Biography
978	Famille
979	Religion
980	Fathers
981	Parlementaires
982	Nyt:E-Book-Nonfiction=2014-12-07
983	Pères
984	United States, Navy, Biography
985	États-Unis. Navy
986	États-Unis. Congress. Senate
987	Admirals
988	Vietnam War, 1961-1975, Prisoners And Prisons
989	États-Unis
990	Legislators, United States
991	History / Military / General
992	Roman Pour La Jeunesse
993	Fictional Works
994	Youth
995	Enfermos Terminales
996	Ficcion Juvenil
997	Attitude To Death
998	Patients
999	Terminally Ill—Fiction
1000	Mort
1001	Teenage Girls
1002	Nyt:Chapter_Books=2012-01-07
1003	Médecins
1004	Love—Fiction
1005	Sick Young Adult Fiction
1006	Cancer—Fiction
1007	Young Adult Fiction / Social Themes / Self-Esteem & Self-Reliance
1008	Death & Dying
1009	Cancer Chez L'Adolescent
1010	Cancer In Adolescence
1011	Relaciones Humanas
1012	Thyroid Neoplasms
1013	Self-Help Groups
1014	Cancer In Children
1015	Neoplasms
1016	Juvenile Works
1017	Interpersonal Relations--Young Adult Fiction
1018	17.91 Literature From And For Special Groups
1019	Histoires D'Amour
1020	Niños
1021	Cancer
1022	Chez L'Enfant
1023	Cáncer
1024	Malades En Phase Terminale
1025	Niños Moribundos
1026	18.06 Anglo-American Literature
1027	Terminally Ill
1028	Cancer, Fiction
1029	Young Adult Fiction / Social Themes / Death, Grief, Bereavement
1030	Cancéreux
1031	Physicians
1032	Cancer--Young Adult Fiction
1033	Psychology
1034	Jeunesse
1035	Terminally Ill Children
1036	Young Adult Fiction / Romance / Contemporary
1037	Amour
1038	Friends
1039	Osteosarcoma
1040	Adolescent
1041	Jeunes Femmes
1042	Eye Cancer
1043	Enfants Malades En Phase Terminale
1044	Self-Esteem & Self-Reliance
1045	Sick
1046	Juvenile Nonfiction / Performing Arts / Film
1047	Governors
1048	Política Y Gobierno
1049	Presidentes
1050	Childhood And Youth
1051	Biography & Autobiography / General
1052	Presidenten
1053	United States, Politics And Government, 1993-2001
1054	Biography & Autobiography / Presidents & Heads Of State
1055	Clinton, Bill, 1946-
1056	Presidents, United States
1057	Familia
1058	Presidents
1059	Political Science / American Government / General
1060	Biografías
1061	Friends And Associates
1062	Politics And Government
1063	Amigos Y Asociados
1064	Caricatures And Cartoons
1065	Cousins -- Fiction
1066	Helping Behavior
1067	Phoney Bone (Fictitious Character)
1068	Heroes
1069	Cousins -- Juvenile Fiction
1070	Fone Bone (Fictitious Character)
1071	Fantasy Comic Books, Strips
1072	Humor / General
1073	Comic Books, Strips, Etc
1074	Nyt:Paperback_Graphic_Books=2011-09-10
1075	Smiley Bone (Fictitious Character)
1076	Fantasy Graphic Novels
1077	Animals, Fiction
1078	War
1079	Treasure Troves
1080	Comics & Graphic Novels, Fantasy, General
1081	Puma
1082	Farmers
1083	Bone (Fictitious Character)
1084	Caricatures And Cartoons -- Juvenile Literature
1085	Helpfulness
1086	Fiction / Women
1087	Fiction / Visionary & Metaphysical
1088	Life Change Events
1089	Summer
1090	Auster, Paul, 1947-
1091	Écrivains Américains
1092	Biography & Autobiography / Personal Memoirs
1093	Monsters
1094	Clownrewolves
1095	Suspense
1096	We
1097	Nonlinear Narrative
1098	Coming Of Age
1099	Clowns
1100	Homosexuality
1101	Fiction / Thrillers / Suspense
1102	Fiction / Horror
1103	Catatonia
1104	Thrillers
1105	Third-Person
1106	Omniscience
1107	Horror
1108	Fiction, Horror
1109	Schwinn Bicycles
1110	Fiction / Coming Of Age
1111	Ghosts
1112	Lepers
1113	Nyt:Trade-Fiction-Paperback=2017-09-03
1114	Mummies
1115	Blood Oaths
1116	Perros
1117	Rabies
1118	Dogs In Fiction
1119	Fiction / Small Town & Rural
1120	Maine, Fiction
1121	Rabies In Fiction
1122	Horror - General
1123	Saint Bernard Dog
1124	Psychological Horror
1125	Fiction - Horror
1126	Children: Young Adult (Gr. 7-9)
1127	Dogs
1128	American Horror Tales
1129	Rabia
1130	Saint Bernard Dogs
1131	Fiction / Thrillers / Psychological
1132	Shipwreck Survival
1133	Faith
1134	Hunting Stories
1135	Gary Paulsen
1136	Washington (State), Fiction
1137	Books
1138	Wilderness Survival, Fiction
1139	Juvenile Fiction / Action & Adventure / Survival Stories
1140	Airplane
1141	Self-Perception
1142	Birds
1143	Ya
1144	Wilderness Survival
1145	Cerfs
1146	Divorcio
1147	Plane Crash
1148	Crash
1149	Habiletés De Survie
1150	Heart Attack
1151	Self-Reliance
1152	Teenagers
1153	Wilderness Areas
1154	Hazelnut Bushes
1155	Survival
1156	6.1.
1157	Accelerated Reader
1158	Eskimos
1159	Canadian Oil Fields
1160	1988 Newbery Honor Book
1161	Boys, Fiction
1162	Divorce, Fiction
1163	Wildlife
1164	Stories
1165	Hatchet
1166	Survival (Title)
1167	Children Of Divorced Parents
1168	Canada, Fiction
1169	Cessna 406
1170	Teens
1171	Airplane Crash Survival
1172	Divorce
1173	Deer
1174	Chapter Book
1175	Newbery Honor
1176	Hunting
1177	Inuits
1178	Accelerated Reader - 6.1.
1179	Juvenile Fiction / Social Issues / Adolescence
1180	Juvenile Fiction / Social Themes / Adolescence & Coming Of Age
1181	Pilot
1182	Secrets In Divorces
1183	Choke Cherries Gut Cherries
1184	Histoires De Chasse
1185	Young Adult
1186	Wilderness
1187	Cpr
1188	Survival, Fiction
1189	Supervivencia
1190	Survival After Airplane Accidents, Shipwrecks
1191	Nyt:Series_Books=2006-09-16
1192	Magia
1193	Escuelas
1194	Hogwarts School Of Witchcraft And Wizardry (Imaginary Place)
1195	Sorciers
1196	Hermione Granger (Fictitious Character)
1197	School Stories
1198	Young Adult Fiction / Action & Adventure / General
1199	Award:Hugo_Award=2001
1200	Hechiceros
1201	Poudlard (Organisation Imaginaire)
1202	Harry Potter (Fictional Character)
1203	Young Adult Fiction / School & Education / Boarding School & Prep School
1204	Jugendbuch
1205	Wiederbelebung
1206	Fictitious Schools
1207	Écoles
1208	Bewährung
1209	Korean Language Materials
1300	Dante Alighieri
1210	Harry Potter (Fictitious Character)
1211	Potter, Harry (Fictitious Character)
1212	Wizards, Fiction
1213	Film Adaptations
1214	Películas Cinematográficas Juveniles
1215	Ron Weasley (Fictitious Character)
1216	Foster Homes
1217	Schools
1218	Romans Nouvelles Etc. Pour La Jeunesse
1219	Novelas Inglesas
1220	Potter, Harry (Fictitious Character), Fiction
1221	Hogwarts School Of Witchcraft And Wizardry (Imaginary Organization), Fiction
1222	Juvenile Fiction / School & Education
1223	Magi
1224	Magic, Fiction
1225	Bengali Detective And Mystery Stories
1226	Waisenkind
1227	Award:Hugo_Award=Novel
1228	Intrige
1229	School
1230	Schools, Fiction
1231	Magier
1232	Chinese Fiction
1233	Sorcellerie
1234	Orphans & Foster Homes
1235	Inglaterra
1236	Sport
1237	Young Adult Fiction / Fantasy / Wizards & Witches
1238	Young Adult Fiction / Fantasy / Contemporary
1239	Juvenile Audience
1240	Wettkampf
1241	Hugo Award
1242	Juvenile Fiction / Family / General
1243	Junge
1244	Hogwarts School Of Witchcraft And Wizardry (Imaginary Organization)
1245	Translations Into Marathi
1246	Mord
1247	Young Adult Fiction / Fantasy / General
1248	Magos
1249	Rettung
1250	Potter, Harry (Personaje Literario)
1251	Whitman, Walt, 1819-1892. Leaves Of Grass
1252	Poems
1253	Wood-Engraving
1254	Poets, American
1255	Leaves Of Grass (Whitman, Walt)
1256	Whitman, Walt, 1819-1892
1257	American Epic Poetry
1258	American Poetry
1259	Poets, American--19Th Century
1260	Poetry / American / General
1261	Sheldan, Moreah , 1930-
1262	Moi (Psychologie) Dans La Littérature
1263	Democracy In Literature
1264	Self In Literature
1265	Poetry, Collections
1266	Printing
1267	Limited Editions Club
1268	Poésie Américaine
1269	Poetry
1270	Lgbtq Poetry
1271	Whitman, Walt, 1819-1892, Juvenile Literature
1272	Free Verse
1273	American Poets
1274	Poesia Norte Americana
1275	811/.3
1276	Children'S Poetry, American
1277	American Poetry (Collections), 19Th Century
1278	Mysticism, Poetry
1279	Bayntun-Riviere (Bindery)
1280	Poésie Épique Américaine
1281	Poetry (Poetic Works By One Author)
1282	American Poetry, History And Criticism, 19Th Century
1283	Leaves Of Grass
1284	American Poetry--19Th Century
1285	American Poetry -- 19Th Century
1286	Private Presses
1287	Title Pages
1288	Bookbinders
1289	Poetry As Topic
1290	Mysticism
1291	Ps3201 1855E 2005
1292	Poètes Américains
1293	Calligraphy
1294	Whitman, Walt, 1819-1892, Concordances
1295	Gay Poets
1296	American
1297	United States Civil War, 1861-1865
1298	Leather Bindings (Bookbinding)
1299	Bayntun And Rivi©·Re (Bookbinders)
1301	851/.1
1302	1265-1321
1303	Tekeningen
1304	Concordances
1305	Divina Commedia
1306	Italian Literature
1307	Pq4315 .C5 2003
1308	Virtue
1309	Redemption
1310	Dialects
1311	Poesía Italiana
1312	Pq4315 .D87 1996
1313	Heaven--Poetry
1314	Italian Poetry -- To 1400 -- Translations Into English
1315	Poetry & Poets: Classical, Early & Medieval
1316	Translations From Italian
1317	Poetry / General
1318	Medieval Illumination Of Books And Manuscripts
1319	Iconography
1320	Poésie Italienne
1321	Aspect Religieux
1322	Rime
1323	Italian Poetry, Translations Into English
1324	Versification
1325	Portraits
1326	Miniature Books
1327	Sin
1328	Medieval Literature
1329	Mechanical Drawing
1330	Italian
1331	Fiction, Humorous, General
1332	Poésie
1333	Italian Illumination Of Books And Manuscripts
1334	Future Life
1335	Ciel
1336	Italian Language
1337	Pq4302 .F70 Vol. 3
1338	Divina Commedia (Dante Alighieri)
1339	Purgatory
1340	Early Works To 1800
1341	La Divina Commedia (Dante)
1342	Heaven
1343	Allegory
1344	Paradis
1345	Paradise
1346	Fiction, Humorous
1347	Latin Poetry, Translations Into English
1348	Bilingual
1349	Epic Poetry, Italian -- Translations Into English
1350	Pq4305
1351	Theology
1352	Purgatoire
1353	Cary, Henry Francis, 1772-1844
1354	Church And State
1355	Italy
1356	Literary Collections
1357	Narrative Poem
1358	Rhyme
1359	Italian Poetry
1360	Italian Language Materials
1361	Dante Alighieri, 1265-1321
1362	Biblioteca Nazionale Centrale Di Firenze
1363	Christianity
1364	Poetics
1365	Great Books Of The Western World
1366	Italian Epic Poetry
1367	Dante Alighieri,
1368	Literary Collections / Continental European
1369	Medieval
1370	Hell
1371	Italian Narrative Poetry
1372	Fine Books
1373	Literatura Italiana
1374	Grandgent, Charles Hall, 1862-1939
1375	Poem Sayers
1376	Bookbinding
1377	Voyages To The Otherworld
1378	Literatura
1379	Epic Poetry, English (Old)
1380	Modernized Versions
1381	Monsters In Literature
1382	Epic Poetry, History And Criticism
1383	Heroes In Literature
1384	Dragons In Literature
1385	Beowulf
1386	Chinese Language Materials
1387	Televisión
1388	Violent
1389	Dystopian Fiction
1390	Survival Skills
1391	Contests, Fiction
1392	Interpersonal Relations Fiction
1393	Oppression
1394	Relations Humaines
1395	Television, Fiction
1396	Life Risking
1397	Young Adult Works
1398	Television Programs Fiction
1399	Television Programs
1400	Bravery.
1401	Apocalyptic Fiction
1402	Survival Stories
1403	American Literature, Study And Teaching
1404	Survival Fiction
1405	Game Shows
1406	Self-Sacrifice
1407	Émissions Télévisées
1408	Dystopias
1409	Programas De Televisión
1410	Young Adult Fiction / Family / General
1411	Competencias
1412	Concursos
1413	Fantastische Literatur
1414	Reality Television Programs
1415	Effects Of War
1416	Young Adult Fiction / Girls & Women
1417	Contests
1418	Juvenile Fiction / Science Fiction / General
1419	Émissions Televiseés
1420	Concours Et Compétitions
1421	Young Adult Fiction / Romance / General
1422	Action And Adventure Fiction
1423	Novels
1424	Fantastische ErzaHlung
1425	Roman D'Aventures
1426	Survival Skills Fiction
1427	Fictional Work
1428	Short Stories
1429	Young Adult Fiction / Social Themes / General
1430	Television Game Shows Juvenile Fiction
1431	Jeux TéLéViséS Romans, Nouvelles, Etc. Pour La Jeunesse
1432	Roman Pour Jeunes Adultes
1433	Starvation
1434	Young Adult Fiction / Dystopian
1435	Reality Television Programs Fiction
1436	Contensts
1437	Serie:The_Hunger_Games
1438	Programas
1439	Future
1440	Contests Fiction
1441	Nyt:Series_Books=2010-08-21
1442	Television Game Shows
1443	Young Adult Fiction / Politics & Government
1444	Severe Poverty
1445	Sisters
1446	Reality Television Programs Juvenile Fiction
1447	Poetry / American / African American & Black
1448	Gender-Nonconforming People
1449	African American Men
1450	Violence Against
1451	Collection:Thom_Gunn_Award=Finalist
1452	Fiction, Thrillers, Suspense
1453	Electrodes
1454	Serialised Fiction
1455	African American Healers
1456	Insurance Fraud
1457	Prisiones
1458	Mystery
1459	Fiction / Thrillers / Supernatural
1460	First-Person Narrative
1461	Urinary Tract Infections
1462	Prisons
1463	Empathy
1464	Fiction / Fantasy / Historical
1465	Mystery And Detective Stories
1466	Electric Chairs
1467	Georgia, Fiction
1468	Psychics
1469	Prison Officials And Employees
1470	Solitary Confinement
1471	Death Row Inmates
1472	Straitjackets
1473	Serialized Fiction
1474	Prisoners
1475	Cajuns
1476	Murderers
1477	John Coffey (Fictitious Character)
1478	Jails
1479	Cuentos De Terror
1480	Coffey, John (Fictitious Character), Fiction
1481	Fiction / Horror / General
1482	Prison Wardens
1483	Serial
1484	Rape
1485	Fiction / Southern
1486	Miracles
1487	Nursing Homes
1488	Arsonists
1489	Psychiatric Hospitals
1490	Electric Current
1491	Penitentiary
1492	Death Row
1493	Mice
1494	Native Americans
1495	Fiction / Occult & Supernatural
1496	Fiction / World Literature / Russia / 19Th Century
1497	English Fiction (Collections), 19Th Century
1498	English Science Fiction
1499	Physicians, Fiction
1500	Pr5397 .F7 1992
1501	Victor Frankenstein (Fictitious Character)
1502	English Fiction & Prose Literature - General & Miscellaneous - Literary Criticism
1503	Horror And Supernatural Fiction
1504	Scientists--Fiction
1505	Monsters, Fiction
1506	Translations Into Russian
1507	Science, Experiments, Fiction
1508	Reincarnation
1509	Frankenstein'S Monster
1510	Shelley, Mary Wollstonecraft , 1797-1851
1511	Pr5397 .F7 1969
1512	Pr5397 .F7 2012
1513	Scientists -- Fiction
1514	Audio-Book
1515	Mad
1516	Scientists In Literature
1517	Ghost
1518	Conducta (Etica)
1519	Literature And Fiction, Horror And Ghost Stories
1520	Scot
1521	Fic004000
1522	Horror Literature - Literary Criticism
1523	Madness
1524	Occupations - Fiction
1525	Ethics
1526	Frankenstein, Victor
1527	Victor Frankenstein (Fictional Character)
1528	Fiction, Science Fiction, Hard Science Fiction
1529	Monstruos
1530	Classic Science Fiction
1531	Frankenstein (Fictitious Character)
1532	823.7
1533	Pr5397 .F7 2012D
1534	English & College Success -> English -> Fiction
1535	Literature, History And Criticism
1536	Geneva (Switzerland), Fiction
1537	Paperback
1538	Science
1539	Mary Wollstonecraft Shelley
1540	Frankenstein (Fictitious Character), Fiction
1541	Tales
1542	Frankenstein Films
1543	Frankenstein, Victor (Fictional Character)
1544	Arte De Vivir
1545	Science Fiction, History And Criticism
1546	Frankenstein, Victor (Fictional Character)--Fiction
1547	Frankenstein (Personaje Literario)
1548	British Fiction (Fictional Works By One Author)
1549	Switzerland, Fiction
1550	Criticism & Interpretation
1551	Reading Comprehension
1552	Science In Literature
1553	Scientists
1554	Fiction, Science Fiction, General
1555	Monsters--Fiction
1556	Science & Technology In Literature
1557	Fiction, Gothic
1558	Authors
1559	823/.7
1560	Frankenstein (Fictional Character)--Fiction
1561	Women Authors
1562	Frankenstein (Fictional Character)
1563	English Horror Tales
1564	Monsters -- Fiction
1565	Frankenstein’S Monster (Fictitious Character)
1566	Mary Shelley
1567	Horror Tales, History And Criticism
1568	Frankenstein'S Monster (Fictitious Character) -- Fiction
1569	Gothic
1570	Pr5397 .F7 2008F
1571	Monstres
1572	Comics & Graphic Novels, Science Fiction
1573	Frankenstein'S Monster (Fictitious Character)
1574	Literary Styles & Movements - Fiction
1575	Conducta (Ética)
1576	Self-Realization
1577	823.7 F
1578	Pr5397 .F7 2003C
1579	Rhetoric
1580	Frankenstein, Victor (Fictitious Character)--Fiction
1581	Hardcovers
1582	Frankenstein’S Monster
1583	Vida Espiritual
1584	Epistolary Fiction
1585	Shelley, Mary Wollstonecraft, 1797-1851. Frankenstein
1586	Monstrous
1587	Frankenstein (Shelley, Mary Wollstonecraft)
1588	Self-Actualization (Psychology)
1589	Frankenstein, Victor (Fictitious Character)
1590	African American Women
1591	Frankenstein, Victor (Fictitious Character) -- Fiction
1592	Drama (Dramatic Works By One Author)
1593	Pr5397 .F7 2008D
1594	Shelley, Mary Wollstonecraft, 1797-1851
1595	Pr5397 .F7 2007
1596	Literary Criticism
1597	823
1598	Fiction / World Literature / England / 19Th Century
1599	Books At The Movies
1600	Illustration
1601	Life Conduct
1602	Ebook
1603	Fiction, Science Fiction, Short Stories
1604	Speculative Fiction
1605	Fiction, Fantasy, Collections & Anthologies
1606	Fiction / Science Fiction / Collections & Anthologies
1607	Black Authors
1608	Fiction / Thrillers / Crime
1609	Collectionid:Ac
1610	Fiction / Mystery & Detective / Police Procedural
1611	Police Psychologists
1612	Psicólogos Afronorteamericanos
1613	Detective And Mystery Stories
1614	Thriller
1615	Police
1616	Serial Murders
1617	Cross, Alex (Personaje Ficticio)
1618	Alex Cross (Fictitious Character)
1619	African American Psychologists
1620	Psychologists
1621	African American Police
1622	Fic031080
1623	Fic030000
1624	Fic015000
1625	Totalitarianism
1626	Fascism
1627	Half-Tracks
1628	Walking
1629	Fiction / Dystopian
1630	Teenage Boys
1631	Fic028000
1632	Dystopia
1633	Fic055000
1634	Walking Contests
1635	Teenage Athletes
1636	Emotions, Fiction
1637	Cuentos De Terror Estadounidenses
1638	Crime
1639	Crime In Fiction
1640	Short Story
1641	Hyperesthesia
1642	Homicide
1643	Gothic Fiction (Literary Genre)
1644	Fiction / Mystery & Detective / Collections & Anthologies
1645	Asesinato
1646	Delitos
1647	Crime Fiction
1648	Murder In Fiction
1649	Ps3569.P363 N68 2004
1650	--North Carolina--Fiction
1651	Oral Reading -- Fiction
1652	Older People -- Fiction
1653	Skönlitteratur
1654	Fiction, Romance, Historical
1655	813.54
1656	Ancianos
1657	Older People
1658	Oral Reading--Fiction
1659	Fiction / Romance / Historical / General
1660	Kärlek
1661	Older People--Fiction
1662	North Carolina, Fiction
1663	North Carolina -- Fiction
1664	Aged
1665	Oral Reading
1666	-- North Carolina -- Fiction
1667	Generosity
1668	Juvenile Fiction / Social Themes / Friendship
1669	Life
1670	Juvenile Fiction / Family / New Baby
1671	Juvenile Fiction / Concepts / Seasons
1672	Juvenile Fiction / Social Themes / Emotions & Feelings
1673	Trees, Fiction
1674	Emotions & Feelings
1675	Mental Healing
1676	Accelerated Reader 1.6.
1677	Juvenile Fiction / Holidays & Celebrations / Christmas & Advent
1678	Arboles
1679	Humorous Poetry
1680	Latin Language, Readers
1681	Trees
1682	Latin Language Materials
1683	Juvenile Fiction / Science & Nature / Environment
1684	Picture Books For Children
1685	Juvenile Fiction / Science & Nature / Trees & Forests
1686	Sacrifice
1687	Juvenile Fiction / Family / Multigenerational
1688	Modern Literature
1689	Multigenerational
1690	Fiction / Romance / Science Fiction
1691	Genre:Fantasy
1692	Fiction / Magical Realism
1693	Dead
1694	Fiction / Fantasy / Dark Fantasy
1695	Dwellings
1696	Nyt:Combined-Print-And-E-Book-Fiction=2020-10-04
1697	Labyrinths
1698	Form:Novel
1699	Curiosities And Wonders
1700	Time Travel
1701	Vonnegut, Kurt, 1922-2007
1702	Domestic Animals
1703	Literatură Americană
1704	American Spy Stories
1705	Destruction And Pillage
1706	Children And War
1707	Free Will And Determinism
1708	Fiction / Satire
1709	Guerra Mundial 11, 1939-1945
1710	Boats And Boating
1711	American Literature, History And Criticism
1712	Prisoners Of War
1713	World War Ii
1714	Voyages Dans Le Temps
1715	Military Fiction
1716	Literature And The War
1717	American Science Fiction
1718	Bombing Of Dresden
1719	Fiction, Satire
1720	Totalitarisme
1721	Englischunterricht
1722	Behavior, Fiction
1723	Zhong Pian Xiao Shuo
1724	Farms
1725	Regensburg
1726	For National Curriculum Key Stage 4 & Gcse
1727	Fables
1728	Livestock
1729	English Literature: Literary Criticism
1730	Political Satire
1731	Animal Drama
1732	Political Science
1733	Totalitarismo
1734	English Political Satire
1735	Political Corruption
1736	Lectures Et Morceaux Choisis
1737	Satire
1738	Animaux Domestiques
1739	Animals In Literature
1740	Politique-Fiction
1741	Power (Social Sciences)
1742	Animales Domésticos
1743	Reading (Adult Education)
1744	Great Depression, 1929-1939
1745	Translations Into Persian
1746	Migrant Agricultural Laborers
1747	Migrant Agricultural Laborers--California--Fiction
1748	Labor Camps
1749	Rural Families--Fiction
1750	Farm Family
1751	Depressions--Fiction
1752	Dust Bowl Era, 1931-1939
1753	Labor Camps--Fiction
1754	Crises Économiques
1755	Award:Pulitzer_Prize=Fiction
1756	California
1757	Migrant Agricultural Laborers -- Fiction
1758	Labor Camps In Literature
1759	Agricultural Laborers
1760	Steinbeck, John , 1902-1968
1761	Labor Camps--California--Fiction
1762	Ps3537.T3234 G8 2006
1763	Pulitzer Prize Winner
1764	Award:Pulitzer_Prize=1940
1765	Depressions
1766	Medicine In Literature
1767	Oklahoma, Fiction
1768	Fiction, Family Life
1769	Travailleurs Agricoles Migrants
1770	Ps3537.T3234 G8 1996
1771	Migrant Agricultural Laborers--Fiction
1772	Prose
1773	Dutch Language
1774	Migrant Agricultural Laborers In Literature
1775	Abris Pour Travailleurs
1776	Swashes
1777	Spy And Adventure Novels
1778	Submarines (Ships)
1779	Ecology
1780	Fiction, Thrillers
1781	Scientific Conferences
1782	Technology
1783	Global Warming
1784	Blue-Ringed Octopuses
1785	Conflicts Of Interest
1786	Earth Sciences
1787	Greenhouse Effect
1788	Nyt:Combined-Print-And-E-Book-Fiction=2015-08-30
1789	Fiction / Thrillers / Espionage
1790	Climate
1791	Literature And Fiction, Mystery And Suspense
1792	Ecoterrorism
1793	Fiction / Science Fiction / Alien Contact
1794	Fiction / Science Fiction / Hard Science Fiction
1795	Fiction / Science Fiction / Space Opera
1796	Contemporary Romance
1797	Fiction / Romance / Contemporary
1798	Fiction / Romance / Romantic Comedy
1799	Contemporary
1800	Books About Books
1801	Reading
1802	Juifs
1803	Nyt:Paperback_Books=2007-09-09
1804	Guerre Mondiale, 1939-1945
1805	Jews
1806	Muerte
1807	German History
1808	Libros Y Lectura
1809	Storytelling, Fiction
1810	Novela Australiana
1811	Book Thefts
1812	Nyt:Young-Adult-Paperback-Monthly=2022-09-04
1813	Livres Et Lecture
1814	Death (Personification)
1815	Juvenile Fiction / Historical / Holocaust
1816	Family Problems
1817	Art De Conter
1818	Nazi Germany
1819	Judaism
1820	Gestapo
1821	Sauvetage
1822	Juvenile Fiction / Law & Crime
1823	Jews, History, Fiction
1824	Books And Reading, Fiction
1825	Jews Rescue (1939-1945 : World War) Fast (Ocolc)Fst01710189
1826	Death, Fiction
1827	Narración De Cuentos
1828	Nazi
1829	Storytelling
1830	Juvenile Fiction / Historical / Military & Wars
1831	Juvenile Fiction / Social Issues / Emotions & Feelings
1832	Judios
1833	Germany, History, Fiction
1834	Memory
1835	Jews Rescue
1836	Rescue
1837	Judíos
1838	Mothers
1839	Germany
1840	Guerra Mundial Ii
1841	Readers (Primary)
1842	New England In Fiction
1843	Translations From American Literature
1844	Scarlet Letter (Hawthorne, Nathaniel)
1845	Puritans
1846	American Literature (Collections)
1847	Problems, Exercises
1848	Hester Prynne (Fictitious Character)
1849	Manners And Customs In Fiction
1850	Clergy In Fiction
1851	Powieść Amerykańska
1852	Married Women In Fiction
1853	Women Immigrants In Fiction
1854	New England, Fiction
1855	Littérature Américaine
1856	Immigrantes
1857	Adulterio
1858	Sat (Educational Test)
1859	Femmes Mariées
1860	Vocabulary
1861	Ehebruch
1862	The Scarlet Letter (Hawthorne)
1863	Boston (Mass.) -- History -- Colonial Period, Ca. 1600-1775 -- Fiction
1864	Religeous Extremism In Fiction
1865	Puritans, Fiction
1866	Illegitimate Children
1867	Adulteresses
1868	Tłumaczenia Polskie
1869	Sound Recordings For Foreign Speakers
1870	Human Relations
1871	Illegitimacy
1872	Massachusetts, History, Fiction
1873	Clergy, Fiction
1874	Hawthorne, Nathaniel, 1804-1864
1875	Massachusetts, Fiction
1876	Economic Aspects
1877	Boston (Mass.), Fiction
1878	Women Immigrants -- Fiction
1879	Clergy -- Fiction
1880	Foreign Speakers
1881	Clergé
1882	Study And Teaching As A Second Language
1883	Nathaniel Hawthorne
1884	Women Tailors
1885	Massachusetts In Fiction
1886	Married Women -- Fiction
1887	Women Immigrants
1888	Littérature
1889	Puritanos
1890	Illegitimate Children -- Fiction
1891	Prynne, Hester (Fictitious Character), Fiction
1892	English & College Success -> English -> Literary Criticism
1893	Puritans In Fiction
1894	Adultery In Fiction
1895	Enfants Naturels
1896	Mortal Sin
1897	Economic Policy
1898	Women In Fiction
1899	Non-Classifiable
1900	Adultery -- Fiction
1901	Constitution Civile Du Clerge .
1902	Clergy
1903	Puritains
1904	Illegitimate Children In Fiction
1905	Adultère
1906	Puritans -- Fiction
1907	Mujeres
1908	Ciencia-Ficción
1909	Brainwashing
1910	Maturity
1911	Joyriding
1912	English Satire
1913	Antisocial Personality Disorder
1914	Black Comedy
1915	Argot
1916	Gang Rape
1917	Muchachos Adolescentes
1918	Metanoia
1919	Clockwork Orange (Motion Picture)
1920	Délinquance Juvénile
1921	English Authors
1922	Criminals
1923	Slang Language
1924	Burgess, Anthony, 1917-1993
1925	Orgasm
1926	Aversion Therapy
1927	Fiction, Dystopian
1928	Criminales
1929	Juvenile Delinquents In Fiction
1930	Unintended Consequences
1931	Assault
1932	Classical Music
1933	Kubrick, Stanley, 1928-1999
1934	Rehabilitation
1935	Sátira
1936	Juvenile Delinquency
1937	Beethoven'S Fifth Symphony
1938	Novella
1939	Juvenile Delinquents
1940	Nadsat
1941	Jeunes Délinquants
1942	Violence
1943	Metafiction
1944	Gangs
1945	Réhabilitation
1946	Behavior Modification
1947	Bible
1948	Great Britain, Fiction
1949	Drama, History And Criticism
1950	Soul
1951	Irish Occult Fiction
1952	English, Irish, Scottish, Welsh
1953	Le Livre.
1954	Conduct Of Life, Fiction
1955	Picture Of Dorian Gray (Wilde, Oscar)
1956	Gothic Fiction (Literary Genre), English
1957	Bibliography
1958	Painting, Fiction
1959	Pr5819 .A1 1998B
1960	Novela Didáctica
1961	Lgbtq Fiction Before Stonewall
1962	Apparence (Philosophie)
1963	Issues Of Presses
1964	Appearance (Philosophy)
1965	Hedonism
1966	Conduct Of Life--Fiction
1967	Appearance (Philosophy)--Fiction
1968	Novela Psicología
1969	Fiction, Fantasy, Paranormal
1970	Education
1971	Immortality
1972	Fiction, Lgbtq+, Gay
1973	Influence (Psychology)
1974	Portraits--Fiction
1975	Aging
1976	European
1977	English Literature, History And Criticism, 19Th Century
1978	Juvénilité
1979	Youthfulness
1980	Canada -- History -- 1867-1914 -- Juvenile Fiction
1981	Islands -- Juvenile Fiction
1982	Canada
1983	Islands
1984	Prince Edward Island
1985	Language Arts
1986	Teachers
1987	Enseignants
1988	Er Tong Xiao Shuo
1989	Country Life -- Prince Edward Island -- Juvenile Fiction
1990	Paper Work
1991	Adoption, Fiction
1992	Er Tong Wen Xue
1993	Friendship In Fiction
1994	Prince Edward Island -- History -- 20Th Century -- Juvenile Fiction
1995	Orphelines
1996	Perception De Soi
1997	Prince Edward Island, Fiction
1998	Prince Edward Island In Fiction
1999	Shirley, Anne (Fictitious Character), Fiction
2000	Shirley, Anne (Personnage Fictif)
2001	Juvenile Fiction / Girls & Women
2002	Canadian Fiction
2003	Canada, History, Fiction
2004	Islands, Fiction
2005	Foster Home Care
2006	Orphans -- Juvenile Fiction
2007	Juvenile Fiction / Historical / Canada / Post-Confederation (1867-)
2008	Anne Shirley (Fictitious Character)
2009	Country Life, Fiction
2010	Nyt:Hardcover-Fiction=2021-05-23
2011	Astronauts
2012	Memory Disorders
2013	Science-Fiction
2014	Vol Spatial
2015	Hard Science-Fiction
2016	Hard Sci-Fi
2017	Space Flight
2018	Nyt:Trade-Fiction-Paperback=2022-11-13
2019	Sci-Fi
2020	End Of The World
2021	Astronautes
2022	Fin Du Monde
2023	Mother-Son Relationship
2024	Widows
2025	Fiction, Animals
2026	Veuves
2027	Relations Homme-Animal
2028	Fiction / Family Life / General
2029	Personnes Disparues
2030	Poulpes
2031	Octopuses
2032	Investigation
2033	Missing Persons
2034	Human-Animal Relationships
2035	Animal Behavior
2036	Mères Et Fils
2037	Fiction / Mystery & Detective / General
2038	Nyt:Hardcover-Fiction=2022-05-22
2039	Fiction / Animals
2040	Mothers And Sons
2041	Enquêtes
2042	Vampires In Literature
2043	Literary Collections / European / English, Irish, Scottish, Welsh
2044	Literary Criticism / Reference
2045	Literary Collections / Ancient & Classical
2046	Vampiros
2047	Dracula, Count (Fictitious Character), Fiction
2048	Count Dracula (Fictional Character)
2049	Vampires
2050	Epistolary Novels
2051	English Language, Rhetoric
2052	Dracula, Count (Fictitious Character), Drama
2053	Language Arts & Disciplines / Literacy
2054	Dracula I Litteraturen
2055	Irish Authors
2056	Romanians
2057	County Dracula (Fictitious Character)
2058	Dracula (Personaje Literario)
2059	Science Fiction, Fantasy, Horror
2060	Irish Fiction
2061	Temples
2062	18.05 English Literature
2063	Dracula (Stoker, Bram)
2064	Literature, Study And Teaching
2065	Vampires, Fiction
2066	Literary Collections / European / General
2067	Stoker, Bram, 1847-1912
2068	Fiction, Ghost
2069	Gothic Literature
2070	Literary Collections / Diaries & Journals
2071	Dracula (Stoker)
2072	Romania, Fiction
2073	Film And Video Adaptations
2074	Personas Dotadas
2075	Nebula Award
2076	Fiction / Fantasy / Romance
2077	Mentally Handicapped
2078	Cirugía
2079	Institutionalization
2080	Phenylketonuria
2081	Award:Nebula_Award=Novel
2082	Fiction / Fantasy / Contemporary
2083	Brain
2084	Niños Superdotados
2085	Cerebro
2086	People With Mental Disabilities, Fiction
2087	Cerveau
2088	Gifted Persons
2089	Fiction / Fantasy / Urban
2090	Surgery
2091	Dementia
2092	Surdoués
2093	Chirurgie
2094	Grifted Peoples
2095	Fiction / Psychological
2096	Collectionid:Texchallenge2021
2097	Adolescence
2098	High School Students--Juvenile Fiction
2099	Abuse
2100	Letters, Fiction
2101	Diaries, Fiction
2102	Letters--Juvenile Fiction
2103	Conditions Sociales
2104	Young Adult Fiction / Coming Of Age
2105	Sexuality
2106	Élèves Du Secondaire
2107	Adolescence--Juvenile Fiction
2108	Collectionid:Conroechallenge
2109	Youth, Fiction
2110	Letters
2111	Repression
2112	Collectionid:Eaneschallenge
2113	Coming-Of-Age
2114	Loss (Psychology)
2115	High School Students
2116	Adolescents
2117	High School Students--Social Conditions--Fiction
2118	813/.54
2119	Drug Use
2120	Mental Health
2121	High School Students--Social Conditions
2122	Teenagers--Juvenile Fiction
2123	Diary Fiction
2124	Music
2125	Introversion
2126	High School Students--Social Conditions--Juvenile Fiction
2127	Young Adult Fiction / Literary
2128	Bildungsroman
2129	Ps3553.H3469 P47 1999
2130	Lettres (Genre Littéraire)
2131	Diary Novels
2132	Nyt:Paperback-Books=2012-06-24
2133	Translations Into Vietnamese
2134	Young Adult Fiction / Classics
2135	Infinite
2136	Zombies
2137	Guerres Et Batailles Imaginaires
2138	Post Apocalyptic
2139	War Correspondents
2140	Apocalyptic
2141	Oral History
2142	Nyt:Trade_Fiction_Paperback=2011-08-20
2143	Fiction / Science Fiction / Apocalyptic & Post-Apocalyptic
2144	Correspondants De Guerre
2145	Epidemics
2146	Control (Psicología)
2147	Desertification
2148	London
2149	Effect Of Human Beings On
2150	Class Systems
2151	Radioactive Pollution
2152	Gesellschaft
2153	Collectivisme
2154	Passivité (Psychologie)
2155	Utopias
2156	Dystopian
2157	Science And State
2158	Atomic Bomb
2159	Culture
2160	Angleška Književnost
2161	Collectivism
2162	Spanish Fiction
2163	Capitalism
2164	Environmental Aspects
2165	Control (Psychology)
2166	Ciencia Y Estado
2167	Audiobooks
2168	Science-Fiction Anglaise
2169	Human Behavior
2170	Nature
2171	Passivity (Psychology)
2172	Forecasting
2173	Ciencia
2174	Lavado De Cerebro
2175	Totalitarismus
2176	Moral And Ethical Aspects Of Science
2177	Social Problems
2178	Propaganda
2179	Aspectos Morales Y Éticos
2180	Realism In Literature
2181	Capitalist Civilization
2182	Moral And Ethical Aspects
2183	Rejuvenation
2184	Carnivals
2185	Carnival
2186	Fêtes Foraines
2187	Rajeunissement
2188	Illinois, Fiction
2189	Littérature Ancienne
2190	Hermanos Y Hermanas
2191	Siblings
2192	Frères Et Sœurs
2193	Yoknapatawpha County (Imaginary Place), Fiction
2194	Siblings, Fiction
2195	Caddy Compson (Fictitious Character)
2196	Cuisinières Noires Américaines
2197	Ps3511.A86 S7 1990
2198	Ps 3511.A86 S7 1990
2199	Aufsatzsammlung
2200	Yoknapatawpha County (Imaginary Place)
2201	Cuisiniers
2202	Faulkner, William , 1897-1962
2203	Burial
2204	Ps3511.A86 S7 1994
2205	Ancient Literature
2206	Patronos Y Empleados
2207	Brothers And Sisters
2208	Mississippi, Fiction
2209	African American Women Cooks
2210	Aristocracy (Social Class)--Fiction
2211	People With Mental Disabilities--Fiction
2212	Familles
2213	Sound And The Fury (Faulkner, William)
2214	African American Women Cooks--Fiction
2215	Illegitimate Children--Fiction
2216	Cooks
2217	Compson, Caddy (Fictitious Character), Fiction
2218	Brothers And Sisters--Fiction
2219	Tennis
2220	Motion Pictures
2221	Nyt:Trade-Fiction-Paperback=2008-10-05
2222	Entertainment
2223	Separatist Movements
2224	Saddness
2225	Fiction / Sports
2226	Compulsive Behavior
2227	Dominance (Psychology)
2228	Fiction / Humorous / Dark Humor
2229	Addicts
2230	Menschenversuch
2231	Familiars (Spirits)
2232	Children And Adults
2233	Kidnapping -- Fiction
2234	Spanish: Adult Fiction
2235	Belacqua, Lyra (Fictitious Character), Fiction
2236	Personas Desaparecidas
2237	Teachers, Fiction
2238	Amitie
2239	Polar Bears
2240	Children'S Books - Young Adult Fiction
2241	Juvenile Fiction / Fantasy / General
2242	Novela Fantástica Inglesa
2243	Merveilleux
2244	Missing Persons -- Experiments -- Juvenile Fiction
2245	Parry, Will (Personaje Literario)
2246	Juvenile Fiction -- Social Themes -- Self-Esteem & Self-Reliance
2247	Artic Regions
2248	Lyra Belacqua (Fictitious Character)
2249	Arctic Regions -- Fiction
2250	Entführung
2251	Demonology
2252	Arctic Regions -- Juvenile Fiction
2253	Zigeuner
2254	Experiments
2255	Traducciones Al Español
2256	The Marvelous
2257	Juvenile Fiction -- Fantasy & Magic
2258	Will Parry (Fictitious Character)
2259	Belacqua, Lyra (Personaje Literario)
2260	Secuestro
2261	Kind
2262	Children'S Books - Young Adult
2263	Children: Young Adult (Gr. 10-12)
2264	Witches
2265	Belacqua, Lyra (Fictitious Character) -- Juvenile Fiction
2266	Skjønnlitteratur
2267	Children: Grades 4-6
2268	Kidnapping -- Juvenile Fiction
2269	Experimentos
2270	Juvenile Fiction -- Action & Adventure
2271	Enlevement
2272	Geographical Myths
2273	Teenage Fiction
2274	Magie
2275	Arctic Regions
2276	Action & Adventure - General
2277	Science Fiction, Fantasy, & Magic
2278	Belacqua, Lyra (Fictitious Character)
2279	Spanish Language, Juvenile Literature
2280	Carnegie Medal
2281	Missing Persons -- Fiction
2282	Missing Persons -- Experiments
2283	Political Theology
2284	Fantasy - General
2285	Dämon
2286	Uncles
2287	Kidnapping
2288	Imaginärer Schauplatz
2289	Children'S 12-Up - Fiction - Fantasy
2290	Spanish Language, Readers
2291	Science Fiction & Fantasy
2292	Translating Into Welsh
2293	Internats
2294	Stein Der Weisen
2295	Poudlard, École De Sorcellerie (Organisation Imaginaire)
2296	Fabeltiere
2297	Novelas Juveniles Inglesas
2298	Kinderbuch
2299	Wizard
2300	Sorcières
2301	Fiction - People
2302	Cleverness
2303	Schools In Fiction
2304	Challenges And Overcoming Obstacles
2305	Harry Potter
2306	Alchemy
2307	J.K Rowling
2308	Series:Harry_Potter
2309	Literary Theory
2310	Modern History To 20Th Century: C 1700 To C 1900
2311	Hechicería
2312	Wizards In Fiction
2313	Ingleterra
2314	Witchcraft, Fiction
2315	Children - Fiction & Literature
2316	Witches In Fiction
2317	Literatura Juvenil Estadounidense
2318	Children - Harry Potter
2319	Magic In Fiction
2320	Lehrling
2321	Novelas Fantásticas
2322	Magic And Supernatural
2323	School Life
2324	Places & Cultures
2325	Ungeheuer
2326	German Language Materials
2327	Teen Fiction
2328	Critique
2329	Imperialism In Literature
2330	Dégénérescence
2331	Kolonialismus
2332	Conrad, Joseph, 1857-1924, Juvenile Literature
2333	Ship Captains
2334	Degeneration
2335	Literatura Inglesa (História E Crítica)
2336	Persecutions
2337	Discovery And Exploration
2338	Psychological Aspects
2339	Diaries
2340	Européens
2341	Inquisition
2342	Comptoirs (Établissements De Commerce)
2343	Europeans
2344	Comics & Graphic Novels / Literary
2345	Europeens
2346	Conrad, Joseph, 1857-1924
2347	Impérialisme
2348	Africa, Fiction
2349	English Psychological Fiction
2350	Discoveries In Geography
2351	Trading Posts
2352	Degeneración
2353	Conrad, Joseph, 1857-1924. Heart Of Darkness
2354	Imperialism
2355	Europeos
2356	Heart Of Darkness (Conrad, Joseph)
2357	Heart Of Darkness (Conrad)
2358	Fugitives From Justice
2359	Sufrimiento
2360	Suffering
2361	Souffrance
2362	Sea Stories
2363	Comics & Graphic Novels / Adaptations
2364	Imperialismo
2365	Doppelgängers
2366	Sailors
2367	Afro-American Women-
2368	Chr 2006
2369	African American Women In Literature
2370	1000Blackgirlbooks
2371	Marriage
2372	African American
2373	Man-Woman Relationship
2374	Self-Realization-
2375	Florida
2376	Florida, Fiction
2377	Pregnancy
2378	Social Aspects
2379	United States Congress
2380	Religious Fanaticism
2381	Scrabble
2382	Neutrality
2383	Theocracy
2384	Misogynie
2385	Fiction Subjects
2386	Canadian Fiction (Fictional Works By One Author)
2387	Nyt:Trade-Fiction-Paperback=2017-02-26
2388	Fiction / World Literature / Canada / 20Th Century
2389	Canadian Authors
2390	Handmaids
2391	Misogyny
2392	Military Dictatorship
2393	Nyt:E-Book-Fiction=2017-01-22
2394	Old Testament
2395	Roman Canadien De Langue Anglaise
2396	Foreign Relations
2397	Fiction / Science Fiction
2398	Fiction / Feminist
2399	Comics & Graphic Novels, Adaptations
2400	Political
2401	Christian Fundamentalism
2402	Collection:Otherwise_Tiptree_Award=Retrohonor
2403	Theonomy
2404	Social Science / Feminism & Feminist Theory
2405	Canadian Fantasy Fiction
2406	Handmaid'S Tale (Atwood, Margaret)
2407	Brothels
2408	World Literature
2409	Bang Sticks
2410	Shark Fishing
2411	Translations Into Spanish
2412	Police Chiefs
2413	Literatura Estadounidense
2414	Seaside Resorts
2415	Great White Sharks
2416	Harpoons
2417	Dolphins
2418	Fiction, Sea Stories
2419	Requins
2420	Blue Sharks
2421	Connivance
2422	Jaws (Motion Picture)
2423	White Shark
2424	Fishes
2425	Roman Espagnol
2426	Shark Attacks
2427	Marine Biologists
2428	Selectmen
2429	United States, Fiction
2430	Sharks
2431	Shark Cage Diving
2432	Mafia
2433	Spécialistes De Lettres Classiques
2434	Vermont, Fiction
2435	Étudiants
2436	Teacher-Student Relationships
2437	Materiales En Español
2438	Relations Maitres-Eleves
2439	Richard Papen (Fictitious Character)
2440	Roman Policier
2441	College Students
2442	Nyt:Trade-Fiction-Paperback=2013-12-01
2443	Estudiantes Universitarios
2444	Etudiants
2445	College Teachers, Fiction
2446	College Stories
2447	Meurtriers
2448	Classicists
2449	Self-Acceptance
2450	School & Education
2451	Mark Twain Award
2452	Juvenile Fiction / Disability
2453	Middle Schools
2454	Diseases, Illnesses & Injuries
2455	Aprobación De Sí Mismo
2456	Multiple Abnormalities
2457	Juvenile Fiction / Media Tie-In
2458	Deformidades
2459	Private Schools
2460	Self-Acceptance, Fiction
2461	Education Mainstreaming
2462	Human Abnormalities
2463	Daily Living
2464	Nyt:Chapter_Books=2012-02-25
2465	Personal Beauty
2466	Craniofacial Abnormalities
2467	Mainstreaming (Education)
2468	Teasing
2469	Special Needs
2470	Students
2471	Abnormalities
2472	Juvenile Fiction / Health & Daily Living / Diseases, Illnesses & Injuries
2473	Birth Defects
2474	Disabled Children
2475	Padres E Hijos
2476	Body Image
2477	Diseases Illnesses & Injuries
2478	Face
2479	Juvenile Fiction / Social Themes / Self-Esteem & Self-Reliance
2480	New List 20120229
2481	Fiction - School & Education
2482	Children'S Audiobooks
2483	Family Relations
2484	Juvenile Fiction / Social Issues / Self-Esteem & Self-Reliance
2485	Juvenile Fiction / Health & Daily Living / Diseases
2486	Health & Daily Living
2487	Fiction - Health & Daily Living - Diseases Illnesses & Injuries
2488	Face Abnormalities
2489	Health
2490	Fiction - Social Themes - Special Needs
2491	Mainstreaming
2492	Parent And Child
2493	Juvenile Fiction / Health & Daily Living / Daily Activities
2494	Children With Disabilities
2495	College Teachers
2496	Missouri, Fiction
2497	English Teachers
2498	Professeurs D'Anglais
2499	Academic
2500	Campus
2501	Marital Conflict
2502	Middle West, Fiction
2503	Conflits Conjugaux
2504	Race Relations
2505	Gender Roles
2506	Laws
2507	Loss Of Innocence
2508	Lawyers, Fiction
2509	Class
2510	Southern Gothic
2511	Padres E Hijas
2512	Filles
2513	Courage
2514	Procesos Por Violación
2515	Lawyers
2516	Father-Daughter Relationship,
2517	Southern Life
2518	Father-Daughter Relationship
2519	Legal Stories
2520	Toleranz
2521	Estados Del Sur (Estados Unidos)
2522	Fiction / Legal
2523	Prejudices
2524	Compassion
2525	Racial Injustice
2526	Fiction, Legal
2527	Trials (Rape)
2528	Muchachas
2529	Great Depression
2530	Procès (Viol)
2531	Relaciones Raciales
2532	Relations Raciales
2533	Rape Trials
2534	Mob Mentality
2535	Détermination (Trait De Personnalité)
2536	Friendship -- Fiction
2537	Individualité
2538	Gangs -- Fiction
2539	Young Adult Fiction / Social Themes / Violence
2540	Bullying
2541	Young Adult Fiction / Family / Siblings
2542	Superheroes
2543	Orphans -- Fiction
2544	Determination (Personality Trait)
2545	Frères
2546	Alienation (Social Psychology)
2547	Intimidation
2548	Individuality
2549	Boys & Men
2550	Family, Fiction
2551	Violence -- Fiction
2552	Family Life, Fiction
2553	Bullying, Fiction
2554	Families -- Fiction
2555	Brothers -- Fiction
2556	Gangs, Fiction
2557	Award:Pulitzer_Prize=1937
2558	Scarlett O'Hara (Fictitious Character)
2559	O'Hara, Scarlett (Fictitious Character)
2560	Slave Trade
2561	Sezessionskrieg
2562	O'Hara, Scarlett (Fictitious Character) -- Fiction
2563	Georgia -- History -- Civil War, 1861-1865 -- Fiction
2564	Plantations -- Georgia -- History -- 19Th Century -- Fiction
2565	Plantations
2566	Manuskript
2567	O'Hara, Scarlett (Fictitious Character), Fiction
2568	Economics
2569	Women -- Georgia -- Fiction
2570	Familie
2571	Fiction / Romance / Historical / American
2572	American Civil War (1861-1865) Fast (Ocolc)Fst01351658
2573	United States, History, Civil War, 1861-1865, Fiction
2574	Südstaaten
2575	African Continental Ancestry Group
2576	United States -- History -- Civil War, 1861-1865 -- Fiction.
2577	Plantations -- GéOrgie (ÉTat) -- Histoire -- 19E SièCle -- Romans, Nouvelles, Etc
2578	GéOrgie (ÉTat) -- Histoire -- 1861-1865 (Guerre De SéCession) -- Romans, Nouvelles, Etc
2579	United States Civil War
2580	Powieści
2581	Georgia
2582	Students, Fiction
2583	Mentally Ill
2584	Psychiatric Hospital Patients
2585	Fiction, Biographical
2586	Depression, Mental, Fiction
2587	Mental Illness
2588	Suicidal Behavior
2589	Sexism
2590	Women'S Periodicals
2591	Electroconvulsive Therapy
2592	Women College Students
2593	Interns
2594	Women Psychotherapy Patients
2595	Mental Depression
2596	Women Periodical Editors
2597	New York (N.Y.), Fiction
2598	Autobiographical Fiction
2599	Depression In Women
2600	Roman À Clef
2601	Suicide
2602	Treatment
2603	In English
2604	Macondo (Imaginary Place)--Fiction
2605	Epic Poems
2606	Garcia Marquez, Gabriel, 1928-2014
2607	Ficcion
2608	Pq8180.17.A73 C513 1970
2609	Latin America, Fiction
2610	Pz4.G2164
2611	Language Study
2612	América Latina
2613	Latin American Fiction
2614	Littérature Épique
2615	863
2616	Cliffs Notes
2617	Spanish American Fiction
2618	Macondo (Lugar Imaginario)
2619	Macondo (Imaginary Place), Fiction
2620	Fiction (Fictional Works By One Author)
2621	Colombian Fiction
2622	Literatura Épica
2623	Macondo (Imaginary Place)
2624	Roman Colombien
2625	Translations Into Arabic
2626	Dorf
2627	Translations Into Gujarati
2628	Macondo (Lieu Imaginaire)
2629	Latinamerican Literature
2630	Cien Años De Soledad (García Márquez, Gabriel)
2631	Magic Realism (Literature)
2632	Condiciones Sociales
2633	Magic Realism
2634	Unabhängigkeitsbewegung
2635	Young Men
2636	Angestellter
2637	Literary Collections / European / French
2638	Novela Francesa
2639	Français
2640	Algeria, Fiction
2641	Camus, Albert, 1913-1960. L'Étranger
2642	Novelas Francesas
2643	Étranger (Camus, Albert)
2644	Psychological
2645	Relatos De Aventura
2646	French Philosophy
2647	Happiness
2648	Trials (Murder)
2649	Relatos De Aventuras
2650	Argelia
2651	Social Marginality
2652	Murder--Fiction
2653	Todesstrafe
2654	Nobel Prize For Literature Laureate
2655	Peoples & Cultures - Fiction
2656	Philosophical Novels
2657	Algeria In Fiction
2658	Maestros Universitarios
2659	Assassins
2660	Alternative Reality
2661	Nyt:Hardcover_Fiction=2011-12-31
2662	Assassination
2663	Near And Far Eastern Fiction (Fictional Works By One Author)
2664	Tokyo (Japan), Fiction
2665	New List 20111231
2666	Magical Realism
2667	Japanese Fiction -- 20Th Century -- Translations Into English
2668	Asesinos
2669	Novelists
2670	Translations Into Portuguese
2671	Autores
2672	Powieść Brazylijska
2673	Russian Language Edition
2674	Alquimistas
2675	Alchemists
2676	Spain, Fiction
2677	Inspiration & Personal Growth
2678	Pastores
2679	Fiction, Visionary & Metaphysical
2680	Alquimia
2681	Shepherds
2682	Body, Mind & Spirit / Spirituality / General
2683	Andalucía (España)
2684	Thai Fiction
2685	Translations Into Indonesian
2686	Body, Mind & Spirit
2687	Body, Mind & Spirit / Inspiration & Personal Growth
2688	Portuguese Fiction
2689	Expeditions
2690	Spirituality
2691	Nyt:Trade_Fiction_Paperback=2008-01-05
2692	Nyt:Trade_Fiction_Paperback=2007-12-02
2693	Mexican Literature
2694	Greek Poetry, History And Criticism
2695	Mythology, Greek, In Literature
2696	Homère (08.?-08.? Av. J.-C.)
2697	Odysseus (Classical Mythology.)
2698	Poesia Épica
2699	Pa4025.A5 M74 1995
2700	Translations Into Ukrainian
2701	Translations Into Greek (Modern)
2702	Homère , (08.?-08.? Av. J.-C.)
2703	Achilles (Greek Mythology) -- Poetry
2704	883/.01
2705	Greek Language, Readers
2706	Poetry / Ancient & Classical
2707	Odysseus (Greekmythology)
2708	Mythology, Classical
2709	Ensayos
2710	Klassieke Oudheid
2711	Pa4025.A5 F34 2006
2712	Cities And Towns
2713	Poesía
2714	Greece, Fiction
2715	Mitología, Griega
2716	Epic Poetry, Greek--Translations Into English
2717	Personal Copy
2718	Grieks
2719	700=Aacr2
2720	Pa4022 .P19 1992
2721	Greek Poetry, Translations Into English
2722	Poetry / Ancient, Classical & Medieval
2723	Water Resources Development
2724	Poésie Épique Grecque
2725	Pa4025 .A5 H766O 1998
2726	Epic Poetry, Greek -- Translations Into English
2727	Commerce
2728	Greek Literature, Translations Into English
2729	Mythologie Grecque
2730	Mythology, Juvenile Literature
2731	Funcionalismo (Lingüística)
2732	Epic Poetry, Greek
2733	La Guerra De Troya
2734	Growth
2735	Epen
2736	Achilles (Greek Mythology)
2737	Classical Mythology
2738	Literary Criticism / General
2739	Odysseus
2740	Ulysse (Mythologie Grecque)
2741	Great_Books_Of_The_Western_World
2742	Literary Criticism / Ancient & Classical
2743	Greek World
2744	Hymns, Greek (Classical)
2745	Trojan War
2746	Greek Mythology
2747	Diseases
2748	Epic Poetry
2749	Homer
2750	Greek Poetry
2751	Greek Epic Poety
2752	Ancient & Classical
2753	Classical Literature, Translations Into English
2754	Pa4025.A5 F5 1998
2755	Greek Literature
2756	Pa4025.A5 S5
2757	Épopées Grecques--Traductions Anglaises
2758	Pa4022 .P9 1980
2759	Greek Language
2760	Library
2761	18.43
2762	Mythology, Greek
2763	Literatura Grega Clássica
2764	Ancient, Classical & Medieval
2765	Odysseus (Greek Mythology)
2766	Drama / European / General
2767	Mythology
2768	Pa4021 .A2 1991
2769	Lingüística
2770	Trojan War. Fast (Ocolc)Fst01157294
2771	Educational Tests And Measurements
2772	Horses
2773	Trojan War -- Poetry
2774	Classical Epic Poetry
2775	Greek Epic Poetry
2776	Translations Into Latin
2777	Pa4025.A6 G37 1994
2778	Great_Books
2779	Odysseus (Greek Mythology), Juvenile Literature
2780	Poesía Épica Griega
2781	Translations
2782	Deals
2783	Fiction, Fantasy, Historical
2784	Fiction / Multiple Timelines
2785	Nyt:Combined-Print-And-E-Book-Fiction=2020-10-25
2786	Lgbtq Science Fiction & Fantasy
2787	Immortalism
2788	Theatre
2789	Sawyer, Tom (Personaje Literario)
2790	Hardcover
2791	Translations Into Czech
2792	1835-1910
2793	Novels, Other Prose & Writers: 19Th Century
2794	Children'S Stories, American
2795	Abenteuer
2796	Theater
2797	Dummies (Bookselling)
2798	Adventures
2799	Tom Sawyer (Fictional Character)
2800	Klassenlektüre
2801	Kindle
2802	Free Online
2803	Runaways, Fiction
2804	Czech
2805	Ar 8.3.
2806	Tom Sawyer (Fictitious Character)
2807	Finn, Huckleberry (Fictitious Character), Fiction
2808	Witnesses
2809	Kid'S
2810	Mississippi River, Fiction
2811	19Th Century
2812	Exhibitions
2813	Polish
2814	Movies
2815	Adventurerers
2816	Sawyer, Tom (Fictitious Character), Fiction
2817	Child Witnesses
2818	Runaways
2819	Russian
2820	E-Book
2821	Sawyer, Tom (Personaje Imaginario)
2822	Orphelins
2823	Novela Estadounidense
2824	Ouvrages De Fiction
2825	The Adventures Of Tom Sawyer
2826	Children'S
2827	Huckleberry Finn (Fictitious Character)
2828	Mark Twain
2829	Aventures Et Aventuriers
2830	215671
2831	Muchachos
2832	American Adventure Stories
2833	Runaway Children
2834	Novela Humorística
2835	1967 Lewis Carroll Shelf Award
2836	Novela De Acción Y Aventura
2837	Morals
2838	Anna Karenina (Tolstoy, Leo, Graf)
2839	Karénine, Anna (Personnage Fictif)
2840	Translations From Russian
2841	Russian Novel And Short Story
2842	Non-English Fiction
2843	TeʼAṭron Ha-ʻIroni BeʼEr-Shevaʻ (Beersheba, Israel)
2844	Russia -- Fiction
2845	Upper Class Women
2846	Literature And Fiction, Historical Fiction
2847	Pg3366 .A6 1995
2848	Married Women--Fiction
2849	Romance - General
2850	Adultery--Fiction
2851	Anna Karenina (Fictitious Character)
2852	Suicide In Literature
2853	Adultery--Russia--Fiction
2854	Literature - Classics / Criticism
2855	Fiction / Fantasy / Humorous
2856	Wolfdogs--Fiction
2857	Theft, Fiction
2858	Dogs, Fiction
2859	Wolves, Fiction
2860	Gold Mines And Mining, Fiction
2861	Lobos
2862	Bienestar
2863	Perros De Trineo
2864	Vaje
2865	Perros Salvajes
2866	Pet Theft--Fiction
2867	Dogs--Klondike River Valley (Yukon)--Fiction
2868	Gold Mines And Mining
2869	Nature Stories, American--History And Criticism
2870	Human-Animal Relationships In Literature
2871	Crítica E Interpretación
2872	Wolfdogs
2873	Dogs--Fiction
2874	London, Jack , 1876-1916
2875	Ps3523.O46 A6 1998B
2876	Chiens De Traîneaux
2877	Italijanščina
2878	Dogs -- Fiction
2879	Pet Theft -- Fiction
2880	Animal Welfare--Fiction
2881	Wolves
2882	Literatura Norte Americana
2883	Vol D'Animaux Familiers
2884	Robo De Mascotas
2885	Chiens Errants
2886	Sled Dogs
2887	Dogs In Literature
2888	Sled Dogs -- Fiction
2889	Adventure Stories, American
2890	Feral Dogs--Fiction
2891	Pet Theft
2892	Ps3523.O46 C3 1980
2893	Découvertes D'Or
2894	Sled Dogs--Fiction
2895	Klondike River Valley (Yukon) -- Fiction
2896	Chiens
2897	Alaska, Fiction
2898	Chiens-Loups
2899	Loups
2900	Yukon, Fiction
2901	Call Of The Wild (London, Jack)
2902	Natural Disasters, Fiction
2903	Descubrimiento De Oro
2904	Adventure Stories, American--History And Criticism
2905	Feral Dogs -- Fiction
2906	American Nature Stories
2907	Animal Welfare
2908	Reading Level-Grade 5
2909	Nature Stories
2910	Animal Welfare -- Fiction
2911	Animales
2912	Jezikovni Pouk
2913	Gold Discoveries
2914	Feral Dogs
2915	Leadership
2916	Cartoons
2917	English Fiction Children'S Stories
2918	Watership Down (Imaginary Place), Fiction
2919	Quests
2920	Rabbits, Fiction
2921	Animation
2922	German Fiction
2923	Films
2924	Underground
2925	Interviews
2926	Tunnels
2927	Hunger
2928	Badgers
2929	Welsh Authors
2930	Children'S Plays
2931	Agriculteurs
2932	Children'S Stories, Welsh
2933	Rats
2934	Zorros
2935	Juvenile Fiction / Humorous Stories
2936	Children'S Plays, English
2937	Juvenile Fiction / Animals / Foxes
2938	Renards
2939	Thieves
2940	Tricksters
2941	Foxes, Fiction
3072	Alegorías
2942	Sutpen Family (Fictitious Characters), Fiction
2943	Mississippi -- Fiction
2944	Yaknapatawpha County (Imaginary Place)
2945	Sutpen Family (Fictitious Character)
2946	Sutpen Family (Fictitious Characters)
2947	Life Style
2948	American Historical Fiction
2949	Sutpen Family (Fictitious Characters) -- Fiction
2950	Ashley Brett (Fictitious Character)
2951	Expatriation -- Fiction
2952	Expatriation
2953	War & Military
2954	Ashley, Brett (Fictitious Character), Fiction
2955	Americans -- Spain -- Fiction
2956	Americans--France--Fiction
2957	Ps3515.E37 S8 2006
2958	Brett Ashley (Fictitious Character)
2959	Fiction / Places / Europe
2960	Expatriation, Fiction
2961	Ashley, Brett (Fictitious Character)
2962	Fiction / Historical / 20Th Century / World War I
2963	Expatriation--Fiction
2964	Americans--Spain--Fiction
2965	Ashley, Brett (Fictitious Character) -- Fiction
2966	Spain -- History -- Alfonso Xiii, 1886-1931 -- Fiction
2967	Fiction / World Literature / Spain / 20Th Century
2968	Michigan
2969	Ps3563.O8749 S6 2004
2970	National Book Critics Circle Award Winner
2971	Award:National_Book_Critics_Circle_Award=Fiction
2972	African American Families
2973	African Americans--Fiction
2974	African American Families--Fiction
2975	Michigan, Fiction
2976	Nyt:Trade-Fiction-Paperback=2019-08-25
2977	Familles Noires Américaines
2978	Blacks
2979	Fiction / African American & Black / General
2980	Afro-Americans
2981	Afro-American Families
2982	Award:National_Book_Critics_Circle_Award=1977
2983	Corruption
2984	Trilogy
2985	Schwedisch
2986	Belletristische Darstellung
2987	Aristocracy
2988	Hackers
2989	Child Sexual Abuse
2990	Kriminalfall
2991	Punk
2992	Journalisme D'Enquête
2993	Mystery Fiction
2994	Stockholm (Sweden), Fiction
2995	Verschwinden
2996	Industrialists
2997	Sexueller Missbrauch
2998	Aufklärung
2999	Sex
3000	Women Private Investigators
3001	Computer Hackers Sweden Stockholm Fiction
3002	Kriminalliteratur
3003	Swedish Fiction
3004	Clase Alta
3005	Journalists, Fiction
3006	Journalistes
3007	Journalists Sweden Stockholm Fiction
3008	Nyt:Combined_Print_Fiction=2012-03-03
3009	Missing Persons Investigation Sweden Oland Fiction
3010	Comparative Literature
3011	Text
3012	Computer Hackers
3013	Aufklärung <Kriminologie>
3014	Fiction, Mystery & Detective, General
3015	Ética
3016	Investigate
3017	Heiresses
3018	Missing Persons, Fiction
3019	Tattooing
3020	Investigative Reporting
3021	Faschismus
3022	Lisbeth Salander (Fictitious Character)
3023	Mikael Blomkvist (Fictitious Character)
3024	Journalists
3025	Scandinavian Comparative Literature
3026	21St Century Film And Literature
3027	Detective
3028	Book Of Leviticus
3029	Gender And Violence
3030	Junge Frau
3031	Disappeared Persons
3032	Finance
3033	Lisbeth
3034	Journalist
3035	Women'S And Gender Studies
3036	Fiction: Literature
3037	Woman
3038	Mikael Blomqvist (Fictitious Character)
3039	Internet Archive Wishlis
3040	Justice
3041	Kriminalroman
3042	Mikael Blomkvist
3043	Mothers And Sons, Fiction
3044	Housing
3045	Groups
3046	Fiction / Humorous / General
3047	Sons
3048	Hombres Jóvenes
3049	Madres E Hijos
3050	Character
3051	New Orleans (La.), Fiction
3052	Powieść Austriacka
3053	Administration Of Criminal Justice
3054	Alegorical Fiction
3055	Legal Status, Laws
3056	Kafka, Franz, 1883-1924. Prozess
3057	Fiction / Absurdist
3058	Procesos Criminales
3059	Formas Y Generos Literarios
3060	Austrian Fiction
3061	Textkritik
3062	Bureaucracy
3063	Prozess (Kafka, Franz)
3064	Literatura Alemana
3065	Jewish Authors
3066	Novela Checoslovaca
3067	Translations From German
3068	Germanic Literature
3069	Procesos
3070	Fiction / Jewish
3071	Deutschunterricht
3073	German Short Stories
3074	Indictments
3075	Literatura Checoslovaca
3076	German Language
3077	Pt2621.A26 P713 1998
3078	Czech Fiction (German)
3079	Trials
3080	German Literature
3081	Novelas
3082	Trials--Fiction
3083	833/.912
3084	Novela Alemana
3085	Alemania
3086	Fiction, Absurdist
3087	Dysfunctional Families, Fiction
3088	Gentry
3089	Motherless Families, Fiction
3090	Mate Selection, Fiction
3091	Dysfunctional Families
3092	Ship Captains,  Fiction
3093	Pr4034 .P4 1998B
3094	England -- Social Life And Customs -- 19Th Century -- Fiction
3095	Moški In Ženske
3096	Great Britain
3097	English Manuscripts
3098	Motherless Families
3099	Courtship
3100	Sœurs
3101	Fiction, Romance, Historical, Regency
3102	Medosebni Odnosi
3103	Great Britain. Royal Navy
3104	Rejection (Psychology), Fiction
3105	Pr4034 .P4 2008
3106	Austen, Jane, 1775-1817
3107	First Loves, Fiction
3108	Armed Forces, Fiction
3109	V Leposlovju
3110	Družbene Razmere
3111	Courtship, Fiction
3112	Stinehour Press. 1977
3113	Austen, Jane , 1775-1817
3114	Love Stories, English
3115	Officers
3116	Elliot, Anne , 1787-
3117	Rejection (Psychology)--Fiction
3118	Young Women--England--Fiction
3119	Fiction / Romance / New Adult
3120	Castaway
3121	Relationships
3122	Regression (Psychology)
3123	Golding, William, 1911-1993
3124	Shipwreck
3125	Morality
3126	Regression
3127	Interpersonal Relations In Children
3128	Castaways
3129	Juvenile Fiction / Religious / Christian / Fantasy & Science Fiction
3130	Judeo-Arabic Literature
3131	Escapes
3132	Venganza
3133	False Arrest In Fiction
3134	Pirates In Fiction
3135	Franse Fiksie
3136	Historical - General
3137	False Arrest
3138	Translations Into Tagalog
3139	Spanish: Grades 3-4
3140	France -- History -- 19Th Century -- Fiction
3141	Pirates
3142	Juvenile Nonfiction / Adventure & Adventurers
3143	France, History, 1799-1914, Fiction
3144	Literary Criticism & Collections / General
3145	French Literature, Study And Teaching
3146	False Imprisonment
3147	Sailors In Fiction
3148	Translations From French
3149	Fiction / Sea Stories
3150	French Literature
3151	Adventure And Adventurers In Fiction
3152	Fiction / Fairy Tales, Folk Tales, Legends & Mythology
3153	Boxing
3154	Aggressiveness
3155	Apocalyptic Fantasies
3156	Novela Norteamericana
3157	Self-Destructive Behavior
3158	Hand-To-Hand Fighting
3159	Jeunes Hommes
3160	Milenarismo
3161	Millennialism
3162	Millénarisme
3163	Regression (Civilization)--Fiction
3164	Post-Apocalyptic Fiction
3165	Fathers And Sons_Fiction; Fiction_Dystopian; Fiction_Science Fiction_General; American Fiction (Fict
3166	Disasters
3167	Extinction Event
3168	Fathers And Sons--Fiction
3169	Nyt:Mass-Market-Paperback=2008-12-07
3170	Voyages And Travels--Fiction
3171	Civilization
3172	Apocalypse
3173	Road Fiction
3174	Regression (Civilization)
3175	Robinsonades
3176	Elementary Education Of Adults
3177	Animal Experimentation
3178	Reading, Remedial Teaching
3179	Wells, H. G. (Herbert George), 1866-1946
3180	Mentally Ill -- Fiction
3181	Comic And Graphic Books
3182	Science -- Experiments -- Fiction
3183	Literature And Fiction, Science Fiction
3184	English Fiction, History And Criticism, 20Th Century
3185	Science -- Experiments
3186	Husbands
3187	Resistance Movements
3188	Correspondence..
3189	Nationalism
3190	Politique
3191	Insurance Agents
3192	Thoughtcrime
3193	Historical Negationism
3194	Distopías
3195	Authoritarianism
3196	Futurology
3197	English Political Fiction
3198	Authors And Publishers
3199	Newspeak
3200	Pr6029.R8 N49 2003
3201	Dystopies
3202	Cult Of Personality
3203	Satirical Literature
3204	Novela Política
3205	Cautionary Tales And Verse
3206	Scifi
3207	Telescreens
3208	Rebels
3209	Outer Party
3210	Essays
3211	Suburban Life
3212	Middle Aged Men
3213	Translating And Interpreting
3214	Indic Fiction (English)
3215	Perpetual War
3216	Nineteen Eighty-Four (Orwell, George)
3217	Totalitarianism--Fiction
3218	Totalitarianism And Literature
3219	Memory Holes
3220	Lexicography
3221	Surveillance
3222	Ingsoc
3223	Translations Into Urdu
3224	Dystopian Plays
3225	Zukunft
3226	Polizeistaat
3227	Dystopias In Literature
3228	Sting Operations
3229	Censorship
3230	Rafting
3231	Runaways (Fictitious Characters)
3232	Missouri -- History -- 19Th Century -- Fiction
3233	Boys--Fiction
3234	Amours
3235	Voyages
3236	Voyage
3237	Finn, Huckleberry (Fictitious Character)--Fiction
3238	Runaway Teenagers
3239	Twain, Mark , 1835-1910
3240	Runaway Children--Fiction
3241	Mississippi River -- Fiction
3242	Boys--Travel
3243	Enfants Fugueurs
3244	Adventures Of Huckleberry Finn (Twain, Mark)
3245	Libros Infantiles
3246	Sex Role In Literature
3247	Personnages
3248	English As A Second Language
3249	American Literature, Outlines, Syllabi, Etc.
3250	Haur Eta Gazteentzako Liburuak
3251	Boys--Travel--Mississippi River--Fiction
3252	Finn, Huckleberry (Personnage Fictif)
3253	Social History-United States-1800S
3254	Abenturak-
3255	Missouri Hannibal
3256	Ps1305 .A1 2003
3257	Eleberriak-
3258	Boys--Missouri--Fiction
3259	Rôle Selon Le Sexe Dans La Littérature
3260	Huckleberry Finn (Fictional Character)
3261	Race Relations--Fiction
3262	813/.4
3263	Twain, Mark, 1835-1910
3264	Voyages And Travels -- Fiction
3265	The Adventures Of Huckleberry Finn (Twain)
3266	Boys In Literature
3267	Anglais (Langue)
3268	United States, History
3269	Finn, Huckleberry (Fictitious Character)
3270	Huckleberry Finn
3271	Relations Raciales Dans La Littérature
3272	Ps1305 .T93 1999
3273	Fugitive Slaves--Fiction
3274	Fiction / Places / United States
3275	Classes Sociales
3276	Mississippi River
3277	Garcons
3278	Novelas-
3279	Rafting (Sports)
3280	Ps1305.A2 G73 1995
3281	Wit And Humor
3282	Aventuras-
3283	Male Friendship--Fiction
3284	Amitie Masculine
3285	Humorous
3286	Race Relations In Literature
3287	Finn, Huckleberry
3288	Elizabeth Bennet (Fictitious Character)
3289	Hermanas
3290	English Literature (Collections)
3291	Feelings
3292	Women, Fiction
3293	Sociala Klasser I Litteraturen
3294	Pride And Prejudice (Austen, Jane)
3295	Women In England
3296	Mœurs Et Coutumes"
3297	Mate Selection
3298	Sisters, Fiction
3299	Emoticons
3300	Cortejo Amoroso
3301	Entail
3302	England
3303	Young Ladies
3304	Clases Sociales
3305	Jóvenes (Mujeres)
3306	Mr. Collins (Fictitious Character)
3307	Fitzwilliam Darcy (Fictitious Character)
3308	Language And Languages, Study And Teaching
3309	Художественная Литература -- Великобритания -- Английская Литература -- 1-Ая Пол. 19 В. -- Романы
3310	Manners
3311	Prophecies
3312	Dictionaries, Indexes
3313	Composition And Exercises
3314	Picaresque Literature
3315	Dalziel Brothers
3316	Knights And Knighthood--Spain--Fiction
3317	Caballeros Y Caballería
3318	Sabine Hall (Richmond County, Va.). Library
3319	Quixote
3320	Don Quixote (Cervantes Saavedra, Miguel De)
3321	Chivalry
3322	Novela Española
3323	Cide Hamete Benengeli (Fictitious Character)
3324	Study And Teaching (Secondary)
3325	Art
3326	Appreciation
3327	Spanish Adventure Fiction
3328	Wishbone (Fictitious Character), Fiction
3329	Knights And Knighthood -- Spain -- Fiction
3330	Knights And Knighthood, Fiction
3331	Novelistas Españoles
3332	Real Academia Española,
3333	Aesthetics
3334	Quotations
3335	Painting
3336	Spanish Literature
3337	Don Quixote (Fictitious Character)
3338	Shōsetsu-Shōsetsushū
3339	Dulcinea
3340	Spanish Authors
3341	Novelas Españolas
3342	Characters
3343	Squires
3344	Romances
3345	Literatura Picaresca
3346	Literatura Española
3347	Chivalry, Fiction
3348	Dulcinea (Fictitious Character)
3349	Spanish Proverbs
3350	Dulcinea (Fictitious Character), Fiction
3351	Sancho Panza (Fictitious Character)
3352	Fiction / Historical
3353	Don Quixote (Fictitious Character)--Fiction
3354	Don Quixote (Fictitious Character), Fiction
3355	Knights And Knighthood
3356	Real Academia Española
3357	España
3358	Spain -- Social Life And Customs -- 16Th Century -- Fiction
3359	Biografia
3360	Survie Après Accidents D'Avion, Naufrages
3361	Survival At Sea
3362	Tigres
3363	Life Of Pi (Martel, Yann)
3364	Togers
3365	Shipwreck Victims
3366	Nyt:Trade-Fiction-Paperback=2012-10-21
3367	Man Booker Prize Winner
3368	Indischer Jugendlicher
3369	Zähmung
3370	Pacifique, Océan
3371	Überleben
3372	Ocean Travel
3373	Animales Zoológicos
3374	Viajes Por Mar
3375	Relaciones Hombre-Animal
3376	Huérfanos
3377	Human-Animal Relationship
3378	Ithaca College First-Year Reading Initiative
3379	Integracji I Globalizacji Centrum Badawcze Transformacji
3380	Tiger
3381	Award:Man_Booker_Prize=2002
3382	Novela Psicológica
3383	Supervivencia (Después De Accidentes Aéreos, Naufragios, Etc.)
3384	Animal Population Groups
3385	Zoo Animals
3386	Männliche Jugend
3387	Faszination
3388	Aventures
3389	Schiffbruch
3390	Tigers
3391	Naufragés
3392	Translations Into Korean
3393	Chinese Science Fiction
3394	Fiction, Science Fiction, Alien Contact
3395	Award:Hugo_Award=2015
3396	Cultural Revolution (China : 1966-1976) Fast (Ocolc)Fst01352662
3397	Nyt:Trade-Fiction-Paperback=2020-09-27
3398	China
3399	Human-Alien Encounters
3400	Encuentros Humanos Con Extraterrestres
3401	Fiction / World Literature / China / 21St Century
3402	German Fiction--20Th Century
3403	Vendedores
3404	An Interpretation
3405	Indigenous Peoples
3406	Sales Personnel
3407	Manuels Pour Anglophones
3408	Criticism And Interpretationkafka, Franz , 1883-1924
3409	Métamorphose
3410	Allemand (Langue)
3411	Nouvelles Fantastiques
3412	Working Class Families
3413	Afforestation
3414	Verwandlung (Kafka, Franz)
3415	Fiction In Translation
3416	Working Class Families--Fiction
3417	Die Verwandlung
3418	Austrian Short Stories
3419	Metamorphosis
3420	Kikuyu (African People)
3421	Problèmes Sociaux
3422	German Language, Readers
3423	Native Races
3424	Alienation (Psychology)
3425	Insectos
3426	Alienación (Psicología Social)
3427	Nouvelles
3428	Kafka, Franz , 1883-1924
3429	Textes
3430	Metamorphosis--Fiction
3431	Alienation (Social Psychology)--Fiction
3432	Kafka, Franz, 1883-1924
3433	Anthologies
3434	Conduct Of Life In Fiction
3435	Scottish Horror Tales
3436	Self-Experiment In Medicine
3437	London (England) -- Fiction
3438	Strange Case Of Dr. Jekyll And Mr. Hyde (Stevenson, Robert Louis)
3439	Textos Para Extranjeros
3440	Self-Experimentation In Medicine
3441	Self-Experimentation In Medicine -- Fiction
3442	Personalidad Múltiple
3443	Multiple Personality In Fiction
3444	Médicos
3445	Personnalité Multiple
3446	Inglés (Lengua)
3447	Military, Medieval
3448	Multiple Personality -- Fiction
3449	Physicians -- Fiction
3450	Jekyll, Doctor (Fictitious Character), Fiction
3451	Lecturas Adaptadas
3452	Medicine, Fiction
3453	London (England)
3454	Multiple Personality
3455	Self-Experimentation In Medicine In Fiction
3456	Fiction / Thrillers / Historical
3457	Good And Evil, Fiction
3458	Récits D'Horreur
3459	Novela De Terror
3460	Supernatural In Fiction
3461	Poésie Française
3462	Physicians In Fiction
3463	Libros En Letra Grande
3464	Historias De Aventuras
3465	Fishers--Cuba--Fiction
3466	Cuba, Fiction
3467	Fishers
3468	Hommes Âgés
3469	Older Men
3470	Swahili Fiction
3471	Amistad
3472	Translations Into Swahili
3473	Ps3515.E37 O4 1995
3474	American Fishing Stories
3475	Older Men--Cuba--Fiction
3476	Old Man And The Sea (Hemingway, Ernest)
3477	Older Men In Literature
3478	Big Game Fishing
3479	Courage In Men
3480	Friendship--Fiction
3481	Taoism
3482	American Sea Stories
3483	Marlins
3484	Metaphorical Tales
3485	Ameriška Književnost
3486	Hombres
3487	Older Men--Fiction
3488	Fishing Stories
3489	Pescadores
3490	Pêcheurs
3491	Aged Men
3492	Zhongguo Ren Min Da Xue. Wai Guo Yu Jiao Yan Shi
3493	Fishers--Fiction
3494	Kratka Proza
3495	Young Adult Fiction / Fantasy / Epic
3496	Arkenstone
3497	Bilbo Baggins (Fictitious Character)
3498	Young Adult Fiction / Boys & Men
3499	Media Tie-In
3500	Fiction, Fairy Tales, Folk Tales, Legends & Mythology
3501	Young Adult Fiction / Media Tie-In
3502	Dwarves
3503	Dwarfs
3504	Battle Of Five Armies
3505	Eagles
3506	Invisibility
3507	Untranslated
3508	Young Adult Fiction / Performing Arts / Film
3509	Literatura Angielska Dla Młodzieży
3510	Trolls
3511	Elves
3512	Goblins
3513	Giant Spiders
3514	Hobbits
3515	Thrushes
3516	Young Adult Fiction / Fairy Tales & Folklore / General
3517	Juvenile Fantasy
3518	Dragons In Fiction
3519	Schultheater
3520	The One Ring
3521	Characters And Characteristics
3522	Children'S Books
3523	Teen & Young Adult Literature
3524	Fiction, Fantasy, Dragons & Mythical Creatures
3525	Young Adult Fiction / Science Fiction / General
3526	Gollum (Fictitious Character)
3527	Hobbit, An Unexpected Journey (Motion Picture)
3528	Tierra Media (Lugar Imaginario)
3529	Magiciens
3530	Hobbit (Tolkien, J.R.R.)
3531	Juvenile Fantasy Fiction
3532	Psychokinesis
3533	Proms
3534	Child Abuse
3535	Belonging
3536	Violence Envers Les Enfants
3537	Abuso De Niños
3538	Science Fiction - General
3539	Social Isolation
3540	Novela Inglés
3541	Mothers And Daughters
3542	Elèves Du Secondaire
3543	Menstruation
3544	Psicokinesis
3545	Escuelas Secundarias
3546	Telekinesis
3547	Horror & Ghost Stories
3548	Aislamiento Social
3549	White, Carrie (Fictitious Character), Fiction
3550	Madres E Hijas
3551	Estudiantes
3552	Traducciones En Español
3553	Psicocinética
3554	Estudiantes De Escuela Secundaria
3555	Banned Book
3556	Epistolary Novel
3557	Chamberlain (Me. : Imaginary Place), Fiction
3558	Menarche
3559	Occult & Supernatural Fiction
3560	Telepathy
3561	Arabic Language
3562	Psychokinésie
3563	Psychological Thrillers
3564	Estudiantes De Escuelas Secundarias
3565	Horreur
3566	Cuentos Populares De Terror
3567	Bullies
3568	King, Stephen - Prose & Criticism
3569	Autographs
3570	Ps3515.E37 F3 2012
3571	World War I, 1914-1918
3572	Déserteurs
3573	Military Deserters
3574	World War, 1914-1918
3575	World War (1914-1918)
3576	Français (Langue)
3577	War Stories, Fiction
3578	National Theatre (New York, N.Y. : Houston Street And 2Nd Avenue)
3579	Guerre Mondiale, 1914-1918
3580	World War, 1914-1918, Fiction
3581	American War Stories
3582	American Writers, 1900-1945 - Texts
3583	Cuentos De Guerra
3584	Actors
3585	World War (1914-1918) Fast (Ocolc)Fst01180746
3586	1914-1918 World War
3587	Guerra Mundial I, 1914-1918
3588	World War, 1914-1918--Fiction
3589	World War I, 1914-1918, Fiction
3590	Guerre, 1939-1945
3591	World War (1914-1918) Fast (Ocolc)Fst01180746 (Uri) Http://Id.Worldcat.Org/Fast/Fst01180746
3592	Intrenchments
3593	Remarque, Erich Maria, 1898-1970
3594	Trench Warfare
3595	Weltkrieg
3596	German Literature, History And Criticism
3597	Soldiers
3598	World War, 1914-1918, Literature And The War
3599	Westfront
3600	Bmbf-Statusseminar Gnd
3601	Chinese Literature
3602	Soldat
3603	Germany, Fiction
3604	Fiction / Historical / 20Th Century / World War Ii & Holocaust
3605	Fiction, Thrillers, Espionage
3606	Fiction / Romance / Holiday
3607	Fiction / Westerns
3608	Fiction / Romance / Military
3609	Fiction / Romance / Historical / 20Th Century
3610	Family & Relationships / Adoption & Fostering
3611	Female Friendship
3612	Mothers And Daughters, Fiction
3613	Dometic Fiction
3614	Fiction / Asian American & Pacific Islander
3615	Cleveland (Ohio), Fiction
3616	Fiction / Family Life / Siblings
3617	Nyt:Trade-Fiction-Paperback=2019-05-26
3618	Adoption
3619	Fiction / City Life
3620	Fiction, Cultural Heritage
3621	Fiction, Asian American
3622	Single Mothers
3623	Nyt:Hardcover-Fiction=2017-10-01
3624	Asian American
3625	Woman'S Fiction
3626	Motherhood
3627	Sentimental Fiction
3628	Interracial Adoption
3629	Custody Of Children
3630	Lexile_Code:Ad
3631	French Juvenile Fiction
3632	Caldecott Medal
3633	Age:Min:1
3634	Caldecott Medal Books
3635	Lexile_Range:701-800
3636	Lexile:740
3637	Juvenile Fiction, French
3638	Age:Max:5
3639	Temper Tantrums
3640	Accelerated Reader 2.9.
3641	Behavior
3642	Dreams, Fiction
3643	People & Places
3644	Hispanic & Latino
3645	Award:Caldecott_Award
3646	Fantasty
3647	Collectionid:Caldecott60
3648	Littérature De Jeunesse Anglaise
3649	Ouvrages Illustrés
3650	Juvenile Fiction / Animals
3651	Performing Arts / Screenplays
3652	Miscellanea
3653	Animales Míticos
3654	Juvenile Fiction / Action & Adventure
3655	Art / Film & Video
3656	Performing Arts / Film / Screenwriting
3657	Animals, Mythical, In Literature
3658	Juvenile Fiction / Performing Arts / Theater & Musicals
3659	Animals, Mythical, Fiction
3660	Nyt:Trade-Fiction-Paperback=2021-04-18
3661	Abandoned Children
3662	Nyt:Hardcover-Fiction=2018-09-23
3663	Women Hermits
3664	Fiction / Contemporary Women
3665	Collectionid:Nyt2020S
3666	Fiction, Mystery & Detective, Historical
3667	Nyt:Combined-Print-And-E-Book-Fiction=2018-09-30
3668	Solitude
3669	Alternative Histories (Fiction)
3670	Mei Guo
3671	Chang Pian Xiao Shuo .
3672	Uchronie (Genre Littéraire)
3673	Romans En Novellen ; Vertaald
3674	Nyt:Combined-Print-And-E-Book-Fiction=2011-11-27
3675	Viaje A Través Del Tiempo
3676	Fiction / Alternative History
3677	Alternative Histories (Fiction), American
3678	Fiction, Alternative History
3679	Award:Newbery_Award
3680	Tiểu Thuyết
3681	Spanish: Young Adult (Gr. 10-12)
3682	Poopnce
3683	Murry Family (Fictitious Character)
3684	Murry Family (Fictitious Characters)
3685	Juvenile Fiction - Classics
3686	Gifted Children
3687	Newbery Medal Books
3688	Văn Học Mĩ
3689	Murry Family (Fictitious Character), Fiction
3690	Juvenile Fiction / Science Fiction / Time Travel
3691	Newbery Medal
3692	Friendship In Adolesce
3693	Espacio Y Tiempo
3694	Responsibility
3695	A Wrinkle In Time
3696	Space And Time
3697	Viaje En El Tiempo
3698	Nyt:Combined-Print-And-E-Book-Fiction=2019-06-30
3699	Neurosciences
3700	Warlocks
3701	Potter, Harry (Personnage Fictif)
3702	Fantasiewelt
3703	Magic - Fiction
3704	Quill Award Winner
3705	Scottish Children’S Book Award Winner
3706	Roman Fantastique
3707	Phantastische Literatur
3708	Nyt:Series_Books=2006-07-15
3709	British Book Of The Year Award Winner
3710	Spanish Language Edition
3711	Frodo Baggins (Fictional Character)
3712	Fear
3713	Historia De Aventuras
3714	Bolsón, Frodo (Personaje Literario)
3715	Young Adult Fiction / Animals / Mythical Creatures
3716	Śródziemie (Miejsce Fikcyjne)
3717	Young Adult Fiction / Legends, Myths, Fables / General
3718	Hope
3719	Fiction / Fantasy / Dragons & Mythical Creatures
3720	Young Adult Fiction / General
3721	Fiction, Romance, Fantasy
3722	Young Adult Fiction / Humorous / Dark Humor
3723	Dune (Imaginary Place)
3724	Nyt:Mass-Market-Monthly=2021-11-07
3725	Award:Hugo_Award=1966
3726	Dune (Imaginary Place), Fiction
3727	Nyt:Trade-Fiction-Paperback=2021-11-07
3728	Artificial Intelligence
3729	Military Education
3730	Peter Wiggin (Fictitious Character)
3731	Krieg
3732	Bean (Fictitious Character : Card)
3733	Nyt:Mass_Market_Paperback=2011-07-30
3734	War Games
3735	Prize:Nebula
3736	Außerirdische Intelligenz
3737	Aliens
3738	Science-Fiction-Literatur
3739	Military Art And Science
3740	Child Soldiers
3741	Automation
3742	Ender Wiggin (Fictitious Character)
3743	Award:Hugo_Award=1986
3744	Maniobras De Guerra
3745	The Ender Quintet
3746	Fiction / Science Fiction / Military
3747	Wiggin, Ender (Fictitious Character), Fiction
3748	Data Processing
3749	Space Warfare
3750	Hegemony
3751	Battle School (Imaginary Place), Fiction
3752	Urban Fantasy
3753	Gardes Du Corps
3754	Ex-Convicts
3755	Características Nacionales
3756	Nyt:E-Book_Fiction=2012-01-14
3757	Widowers, Fiction
3758	Award:Hugo_Award=2002
3759	Spiritual Warfare
3760	Veufs
3761	Combat Spirituel
3762	Bodyguards
3763	Gods
3764	Widowers
3765	Ex-Détenus
3766	Spiritual Life
3767	Americana
3768	Widows, Fiction
3769	Fiction, Fantasy, Contemporary
3770	American National Characteristics
3771	Fiction / Hispanic & Latino / General
3772	Juvenile Fiction / Family / Siblings
3773	Juvenile Fiction / People & Places / Europe
3774	Juvenile Fiction / Fairy Tales & Folklore / Adaptations
3775	Juvenile Fiction / Readers / Intermediate
3776	Juvenile Fiction / Concepts / Alphabet
3777	Juvenile Fiction / Readers / Beginner
3778	Juvenile Fiction / Imagination & Play
3779	Fiction / Romance / Western
3780	Fiction / World Literature / France / 19Th Century
3781	Fiction / Historical / 20Th Century / World War Ii
3782	Fiction / Crime
3783	Fiction / Romance / Suspense
3784	Fiction / Family Life / Marriage & Divorce
3785	Drama / American / General
3786	Family & Relationships / Life Stages / Teenagers
\.


--
-- Name: auth_group_id_seq; Type: SEQUENCE SET; Schema: public; Owner: postgres
--

SELECT pg_catalog.setval('public.auth_group_id_seq', 1, false);


--
-- Name: auth_group_permissions_id_seq; Type: SEQUENCE SET; Schema: public; Owner: postgres
--

SELECT pg_catalog.setval('public.auth_group_permissions_id_seq', 1, false);


--
-- Name: auth_permission_id_seq; Type: SEQUENCE SET; Schema: public; Owner: postgres
--

SELECT pg_catalog.setval('public.auth_permission_id_seq', 60, true);


--
-- Name: auth_user_groups_id_seq; Type: SEQUENCE SET; Schema: public; Owner: postgres
--

SELECT pg_catalog.setval('public.auth_user_groups_id_seq', 1, false);


--
-- Name: auth_user_id_seq; Type: SEQUENCE SET; Schema: public; Owner: postgres
--

SELECT pg_catalog.setval('public.auth_user_id_seq', 1, true);


--
-- Name: auth_user_user_permissions_id_seq; Type: SEQUENCE SET; Schema: public; Owner: postgres
--

SELECT pg_catalog.setval('public.auth_user_user_permissions_id_seq', 1, false);


--
-- Name: dashboard_connectionsbookentry_id_seq; Type: SEQUENCE SET; Schema: public; Owner: postgres
--

SELECT pg_catalog.setval('public.dashboard_connectionsbookentry_id_seq', 160, true);


--
-- Name: dashboard_connectionsdraft_id_seq; Type: SEQUENCE SET; Schema: public; Owner: postgres
--

SELECT pg_catalog.setval('public.dashboard_connectionsdraft_id_seq', 13, true);


--
-- Name: dashboard_connectionsgroup_id_seq; Type: SEQUENCE SET; Schema: public; Owner: postgres
--

SELECT pg_catalog.setval('public.dashboard_connectionsgroup_id_seq', 40, true);


--
-- Name: dashboard_connectionspuzzle_id_seq; Type: SEQUENCE SET; Schema: public; Owner: postgres
--

SELECT pg_catalog.setval('public.dashboard_connectionspuzzle_id_seq', 10, true);


--
-- Name: django_admin_log_id_seq; Type: SEQUENCE SET; Schema: public; Owner: postgres
--

SELECT pg_catalog.setval('public.django_admin_log_id_seq', 16, true);


--
-- Name: django_content_type_id_seq; Type: SEQUENCE SET; Schema: public; Owner: postgres
--

SELECT pg_catalog.setval('public.django_content_type_id_seq', 15, true);


--
-- Name: django_migrations_id_seq; Type: SEQUENCE SET; Schema: public; Owner: postgres
--

SELECT pg_catalog.setval('public.django_migrations_id_seq', 25, true);


--
-- Name: game_category_id_seq; Type: SEQUENCE SET; Schema: public; Owner: postgres
--

SELECT pg_catalog.setval('public.game_category_id_seq', 38, true);


--
-- Name: game_dailypuzzle_id_seq; Type: SEQUENCE SET; Schema: public; Owner: postgres
--

SELECT pg_catalog.setval('public.game_dailypuzzle_id_seq', 180, true);


--
-- Name: library_author_id_seq; Type: SEQUENCE SET; Schema: public; Owner: postgres
--

SELECT pg_catalog.setval('public.library_author_id_seq', 131, true);


--
-- Name: library_book_subjects_id_seq; Type: SEQUENCE SET; Schema: public; Owner: postgres
--

SELECT pg_catalog.setval('public.library_book_subjects_id_seq', 7831, true);


--
-- Name: library_subject_id_seq; Type: SEQUENCE SET; Schema: public; Owner: postgres
--

SELECT pg_catalog.setval('public.library_subject_id_seq', 3786, true);


--
-- Name: auth_group auth_group_name_key; Type: CONSTRAINT; Schema: public; Owner: postgres
--

ALTER TABLE ONLY public.auth_group
    ADD CONSTRAINT auth_group_name_key UNIQUE (name);


--
-- Name: auth_group_permissions auth_group_permissions_group_id_permission_id_0cd325b0_uniq; Type: CONSTRAINT; Schema: public; Owner: postgres
--

ALTER TABLE ONLY public.auth_group_permissions
    ADD CONSTRAINT auth_group_permissions_group_id_permission_id_0cd325b0_uniq UNIQUE (group_id, permission_id);


--
-- Name: auth_group_permissions auth_group_permissions_pkey; Type: CONSTRAINT; Schema: public; Owner: postgres
--

ALTER TABLE ONLY public.auth_group_permissions
    ADD CONSTRAINT auth_group_permissions_pkey PRIMARY KEY (id);


--
-- Name: auth_group auth_group_pkey; Type: CONSTRAINT; Schema: public; Owner: postgres
--

ALTER TABLE ONLY public.auth_group
    ADD CONSTRAINT auth_group_pkey PRIMARY KEY (id);


--
-- Name: auth_permission auth_permission_content_type_id_codename_01ab375a_uniq; Type: CONSTRAINT; Schema: public; Owner: postgres
--

ALTER TABLE ONLY public.auth_permission
    ADD CONSTRAINT auth_permission_content_type_id_codename_01ab375a_uniq UNIQUE (content_type_id, codename);


--
-- Name: auth_permission auth_permission_pkey; Type: CONSTRAINT; Schema: public; Owner: postgres
--

ALTER TABLE ONLY public.auth_permission
    ADD CONSTRAINT auth_permission_pkey PRIMARY KEY (id);


--
-- Name: auth_user_groups auth_user_groups_pkey; Type: CONSTRAINT; Schema: public; Owner: postgres
--

ALTER TABLE ONLY public.auth_user_groups
    ADD CONSTRAINT auth_user_groups_pkey PRIMARY KEY (id);


--
-- Name: auth_user_groups auth_user_groups_user_id_group_id_94350c0c_uniq; Type: CONSTRAINT; Schema: public; Owner: postgres
--

ALTER TABLE ONLY public.auth_user_groups
    ADD CONSTRAINT auth_user_groups_user_id_group_id_94350c0c_uniq UNIQUE (user_id, group_id);


--
-- Name: auth_user auth_user_pkey; Type: CONSTRAINT; Schema: public; Owner: postgres
--

ALTER TABLE ONLY public.auth_user
    ADD CONSTRAINT auth_user_pkey PRIMARY KEY (id);


--
-- Name: auth_user_user_permissions auth_user_user_permissions_pkey; Type: CONSTRAINT; Schema: public; Owner: postgres
--

ALTER TABLE ONLY public.auth_user_user_permissions
    ADD CONSTRAINT auth_user_user_permissions_pkey PRIMARY KEY (id);


--
-- Name: auth_user_user_permissions auth_user_user_permissions_user_id_permission_id_14a6b632_uniq; Type: CONSTRAINT; Schema: public; Owner: postgres
--

ALTER TABLE ONLY public.auth_user_user_permissions
    ADD CONSTRAINT auth_user_user_permissions_user_id_permission_id_14a6b632_uniq UNIQUE (user_id, permission_id);


--
-- Name: auth_user auth_user_username_key; Type: CONSTRAINT; Schema: public; Owner: postgres
--

ALTER TABLE ONLY public.auth_user
    ADD CONSTRAINT auth_user_username_key UNIQUE (username);


--
-- Name: dashboard_connectionsbookentry dashboard_connectionsbookentry_group_id_book_id_b12f31a0_uniq; Type: CONSTRAINT; Schema: public; Owner: postgres
--

ALTER TABLE ONLY public.dashboard_connectionsbookentry
    ADD CONSTRAINT dashboard_connectionsbookentry_group_id_book_id_b12f31a0_uniq UNIQUE (group_id, book_id);


--
-- Name: dashboard_connectionsbookentry dashboard_connectionsbookentry_group_id_slot_f29a5d53_uniq; Type: CONSTRAINT; Schema: public; Owner: postgres
--

ALTER TABLE ONLY public.dashboard_connectionsbookentry
    ADD CONSTRAINT dashboard_connectionsbookentry_group_id_slot_f29a5d53_uniq UNIQUE (group_id, slot);


--
-- Name: dashboard_connectionsbookentry dashboard_connectionsbookentry_pkey; Type: CONSTRAINT; Schema: public; Owner: postgres
--

ALTER TABLE ONLY public.dashboard_connectionsbookentry
    ADD CONSTRAINT dashboard_connectionsbookentry_pkey PRIMARY KEY (id);


--
-- Name: dashboard_connectionsdraft dashboard_connectionsdraft_pkey; Type: CONSTRAINT; Schema: public; Owner: postgres
--

ALTER TABLE ONLY public.dashboard_connectionsdraft
    ADD CONSTRAINT dashboard_connectionsdraft_pkey PRIMARY KEY (id);


--
-- Name: dashboard_connectionsgroup dashboard_connectionsgroup_pkey; Type: CONSTRAINT; Schema: public; Owner: postgres
--

ALTER TABLE ONLY public.dashboard_connectionsgroup
    ADD CONSTRAINT dashboard_connectionsgroup_pkey PRIMARY KEY (id);


--
-- Name: dashboard_connectionspuzzle dashboard_connectionspuzzle_pkey; Type: CONSTRAINT; Schema: public; Owner: postgres
--

ALTER TABLE ONLY public.dashboard_connectionspuzzle
    ADD CONSTRAINT dashboard_connectionspuzzle_pkey PRIMARY KEY (id);


--
-- Name: django_admin_log django_admin_log_pkey; Type: CONSTRAINT; Schema: public; Owner: postgres
--

ALTER TABLE ONLY public.django_admin_log
    ADD CONSTRAINT django_admin_log_pkey PRIMARY KEY (id);


--
-- Name: django_content_type django_content_type_app_label_model_76bd3d3b_uniq; Type: CONSTRAINT; Schema: public; Owner: postgres
--

ALTER TABLE ONLY public.django_content_type
    ADD CONSTRAINT django_content_type_app_label_model_76bd3d3b_uniq UNIQUE (app_label, model);


--
-- Name: django_content_type django_content_type_pkey; Type: CONSTRAINT; Schema: public; Owner: postgres
--

ALTER TABLE ONLY public.django_content_type
    ADD CONSTRAINT django_content_type_pkey PRIMARY KEY (id);


--
-- Name: django_migrations django_migrations_pkey; Type: CONSTRAINT; Schema: public; Owner: postgres
--

ALTER TABLE ONLY public.django_migrations
    ADD CONSTRAINT django_migrations_pkey PRIMARY KEY (id);


--
-- Name: django_session django_session_pkey; Type: CONSTRAINT; Schema: public; Owner: postgres
--

ALTER TABLE ONLY public.django_session
    ADD CONSTRAINT django_session_pkey PRIMARY KEY (session_key);


--
-- Name: game_category game_category_display_name_key; Type: CONSTRAINT; Schema: public; Owner: postgres
--

ALTER TABLE ONLY public.game_category
    ADD CONSTRAINT game_category_display_name_key UNIQUE (display_name);


--
-- Name: game_category game_category_logic_code_key; Type: CONSTRAINT; Schema: public; Owner: postgres
--

ALTER TABLE ONLY public.game_category
    ADD CONSTRAINT game_category_logic_code_key UNIQUE (logic_code);


--
-- Name: game_category game_category_pkey; Type: CONSTRAINT; Schema: public; Owner: postgres
--

ALTER TABLE ONLY public.game_category
    ADD CONSTRAINT game_category_pkey PRIMARY KEY (id);


--
-- Name: game_dailypuzzle game_dailypuzzle_date_key; Type: CONSTRAINT; Schema: public; Owner: postgres
--

ALTER TABLE ONLY public.game_dailypuzzle
    ADD CONSTRAINT game_dailypuzzle_date_key UNIQUE (date);


--
-- Name: game_dailypuzzle game_dailypuzzle_pkey; Type: CONSTRAINT; Schema: public; Owner: postgres
--

ALTER TABLE ONLY public.game_dailypuzzle
    ADD CONSTRAINT game_dailypuzzle_pkey PRIMARY KEY (id);


--
-- Name: library_author library_author_pkey; Type: CONSTRAINT; Schema: public; Owner: postgres
--

ALTER TABLE ONLY public.library_author
    ADD CONSTRAINT library_author_pkey PRIMARY KEY (id);


--
-- Name: library_book library_book_pkey; Type: CONSTRAINT; Schema: public; Owner: postgres
--

ALTER TABLE ONLY public.library_book
    ADD CONSTRAINT library_book_pkey PRIMARY KEY (google_book_id);


--
-- Name: library_book_subjects library_book_subjects_book_id_subject_id_ccaaeb24_uniq; Type: CONSTRAINT; Schema: public; Owner: postgres
--

ALTER TABLE ONLY public.library_book_subjects
    ADD CONSTRAINT library_book_subjects_book_id_subject_id_ccaaeb24_uniq UNIQUE (book_id, subject_id);


--
-- Name: library_book_subjects library_book_subjects_pkey; Type: CONSTRAINT; Schema: public; Owner: postgres
--

ALTER TABLE ONLY public.library_book_subjects
    ADD CONSTRAINT library_book_subjects_pkey PRIMARY KEY (id);


--
-- Name: library_subject library_subject_name_key; Type: CONSTRAINT; Schema: public; Owner: postgres
--

ALTER TABLE ONLY public.library_subject
    ADD CONSTRAINT library_subject_name_key UNIQUE (name);


--
-- Name: library_subject library_subject_pkey; Type: CONSTRAINT; Schema: public; Owner: postgres
--

ALTER TABLE ONLY public.library_subject
    ADD CONSTRAINT library_subject_pkey PRIMARY KEY (id);


--
-- Name: auth_group_name_a6ea08ec_like; Type: INDEX; Schema: public; Owner: postgres
--

CREATE INDEX auth_group_name_a6ea08ec_like ON public.auth_group USING btree (name varchar_pattern_ops);


--
-- Name: auth_group_permissions_group_id_b120cbf9; Type: INDEX; Schema: public; Owner: postgres
--

CREATE INDEX auth_group_permissions_group_id_b120cbf9 ON public.auth_group_permissions USING btree (group_id);


--
-- Name: auth_group_permissions_permission_id_84c5c92e; Type: INDEX; Schema: public; Owner: postgres
--

CREATE INDEX auth_group_permissions_permission_id_84c5c92e ON public.auth_group_permissions USING btree (permission_id);


--
-- Name: auth_permission_content_type_id_2f476e4b; Type: INDEX; Schema: public; Owner: postgres
--

CREATE INDEX auth_permission_content_type_id_2f476e4b ON public.auth_permission USING btree (content_type_id);


--
-- Name: auth_user_groups_group_id_97559544; Type: INDEX; Schema: public; Owner: postgres
--

CREATE INDEX auth_user_groups_group_id_97559544 ON public.auth_user_groups USING btree (group_id);


--
-- Name: auth_user_groups_user_id_6a12ed8b; Type: INDEX; Schema: public; Owner: postgres
--

CREATE INDEX auth_user_groups_user_id_6a12ed8b ON public.auth_user_groups USING btree (user_id);


--
-- Name: auth_user_user_permissions_permission_id_1fbb5f2c; Type: INDEX; Schema: public; Owner: postgres
--

CREATE INDEX auth_user_user_permissions_permission_id_1fbb5f2c ON public.auth_user_user_permissions USING btree (permission_id);


--
-- Name: auth_user_user_permissions_user_id_a95ead1b; Type: INDEX; Schema: public; Owner: postgres
--

CREATE INDEX auth_user_user_permissions_user_id_a95ead1b ON public.auth_user_user_permissions USING btree (user_id);


--
-- Name: auth_user_username_6821ab7c_like; Type: INDEX; Schema: public; Owner: postgres
--

CREATE INDEX auth_user_username_6821ab7c_like ON public.auth_user USING btree (username varchar_pattern_ops);


--
-- Name: dashboard_connectionsbookentry_book_id_8fcdfbea; Type: INDEX; Schema: public; Owner: postgres
--

CREATE INDEX dashboard_connectionsbookentry_book_id_8fcdfbea ON public.dashboard_connectionsbookentry USING btree (book_id);


--
-- Name: dashboard_connectionsbookentry_book_id_8fcdfbea_like; Type: INDEX; Schema: public; Owner: postgres
--

CREATE INDEX dashboard_connectionsbookentry_book_id_8fcdfbea_like ON public.dashboard_connectionsbookentry USING btree (book_id varchar_pattern_ops);


--
-- Name: dashboard_connectionsbookentry_group_id_4ceb6bd6; Type: INDEX; Schema: public; Owner: postgres
--

CREATE INDEX dashboard_connectionsbookentry_group_id_4ceb6bd6 ON public.dashboard_connectionsbookentry USING btree (group_id);


--
-- Name: dashboard_connectionsdraft_created_by_id_2d7b35e6; Type: INDEX; Schema: public; Owner: postgres
--

CREATE INDEX dashboard_connectionsdraft_created_by_id_2d7b35e6 ON public.dashboard_connectionsdraft USING btree (created_by_id);


--
-- Name: dashboard_connectionsgroup_puzzle_id_b449725f; Type: INDEX; Schema: public; Owner: postgres
--

CREATE INDEX dashboard_connectionsgroup_puzzle_id_b449725f ON public.dashboard_connectionsgroup USING btree (puzzle_id);


--
-- Name: dashboard_connectionspuzzle_created_by_id_f127ba89; Type: INDEX; Schema: public; Owner: postgres
--

CREATE INDEX dashboard_connectionspuzzle_created_by_id_f127ba89 ON public.dashboard_connectionspuzzle USING btree (created_by_id);


--
-- Name: django_admin_log_content_type_id_c4bce8eb; Type: INDEX; Schema: public; Owner: postgres
--

CREATE INDEX django_admin_log_content_type_id_c4bce8eb ON public.django_admin_log USING btree (content_type_id);


--
-- Name: django_admin_log_user_id_c564eba6; Type: INDEX; Schema: public; Owner: postgres
--

CREATE INDEX django_admin_log_user_id_c564eba6 ON public.django_admin_log USING btree (user_id);


--
-- Name: django_session_expire_date_a5c62663; Type: INDEX; Schema: public; Owner: postgres
--

CREATE INDEX django_session_expire_date_a5c62663 ON public.django_session USING btree (expire_date);


--
-- Name: django_session_session_key_c0390e0f_like; Type: INDEX; Schema: public; Owner: postgres
--

CREATE INDEX django_session_session_key_c0390e0f_like ON public.django_session USING btree (session_key varchar_pattern_ops);


--
-- Name: game_category_display_name_83d35a4d_like; Type: INDEX; Schema: public; Owner: postgres
--

CREATE INDEX game_category_display_name_83d35a4d_like ON public.game_category USING btree (display_name varchar_pattern_ops);


--
-- Name: game_category_logic_code_60648f3f_like; Type: INDEX; Schema: public; Owner: postgres
--

CREATE INDEX game_category_logic_code_60648f3f_like ON public.game_category USING btree (logic_code varchar_pattern_ops);


--
-- Name: game_dailypuzzle_col_1_id_9539ae4f; Type: INDEX; Schema: public; Owner: postgres
--

CREATE INDEX game_dailypuzzle_col_1_id_9539ae4f ON public.game_dailypuzzle USING btree (col_1_id);


--
-- Name: game_dailypuzzle_col_2_id_cf16a570; Type: INDEX; Schema: public; Owner: postgres
--

CREATE INDEX game_dailypuzzle_col_2_id_cf16a570 ON public.game_dailypuzzle USING btree (col_2_id);


--
-- Name: game_dailypuzzle_col_3_id_31788db8; Type: INDEX; Schema: public; Owner: postgres
--

CREATE INDEX game_dailypuzzle_col_3_id_31788db8 ON public.game_dailypuzzle USING btree (col_3_id);


--
-- Name: game_dailypuzzle_row_1_id_5886fc02; Type: INDEX; Schema: public; Owner: postgres
--

CREATE INDEX game_dailypuzzle_row_1_id_5886fc02 ON public.game_dailypuzzle USING btree (row_1_id);


--
-- Name: game_dailypuzzle_row_2_id_09f48ecd; Type: INDEX; Schema: public; Owner: postgres
--

CREATE INDEX game_dailypuzzle_row_2_id_09f48ecd ON public.game_dailypuzzle USING btree (row_2_id);


--
-- Name: game_dailypuzzle_row_3_id_9d4c1f79; Type: INDEX; Schema: public; Owner: postgres
--

CREATE INDEX game_dailypuzzle_row_3_id_9d4c1f79 ON public.game_dailypuzzle USING btree (row_3_id);


--
-- Name: library_author_debut_novel_id_8ea1095a; Type: INDEX; Schema: public; Owner: postgres
--

CREATE INDEX library_author_debut_novel_id_8ea1095a ON public.library_author USING btree (debut_novel_id);


--
-- Name: library_author_debut_novel_id_8ea1095a_like; Type: INDEX; Schema: public; Owner: postgres
--

CREATE INDEX library_author_debut_novel_id_8ea1095a_like ON public.library_author USING btree (debut_novel_id varchar_pattern_ops);


--
-- Name: library_book_author_id_d9a3b67e; Type: INDEX; Schema: public; Owner: postgres
--

CREATE INDEX library_book_author_id_d9a3b67e ON public.library_book USING btree (author_id);


--
-- Name: library_book_google_book_id_37312869_like; Type: INDEX; Schema: public; Owner: postgres
--

CREATE INDEX library_book_google_book_id_37312869_like ON public.library_book USING btree (google_book_id varchar_pattern_ops);


--
-- Name: library_book_subjects_book_id_405c13c6; Type: INDEX; Schema: public; Owner: postgres
--

CREATE INDEX library_book_subjects_book_id_405c13c6 ON public.library_book_subjects USING btree (book_id);


--
-- Name: library_book_subjects_book_id_405c13c6_like; Type: INDEX; Schema: public; Owner: postgres
--

CREATE INDEX library_book_subjects_book_id_405c13c6_like ON public.library_book_subjects USING btree (book_id varchar_pattern_ops);


--
-- Name: library_book_subjects_subject_id_8bdfd9a3; Type: INDEX; Schema: public; Owner: postgres
--

CREATE INDEX library_book_subjects_subject_id_8bdfd9a3 ON public.library_book_subjects USING btree (subject_id);


--
-- Name: library_subject_name_bdc70622_like; Type: INDEX; Schema: public; Owner: postgres
--

CREATE INDEX library_subject_name_bdc70622_like ON public.library_subject USING btree (name varchar_pattern_ops);


--
-- Name: auth_group_permissions auth_group_permissio_permission_id_84c5c92e_fk_auth_perm; Type: FK CONSTRAINT; Schema: public; Owner: postgres
--

ALTER TABLE ONLY public.auth_group_permissions
    ADD CONSTRAINT auth_group_permissio_permission_id_84c5c92e_fk_auth_perm FOREIGN KEY (permission_id) REFERENCES public.auth_permission(id) DEFERRABLE INITIALLY DEFERRED;


--
-- Name: auth_group_permissions auth_group_permissions_group_id_b120cbf9_fk_auth_group_id; Type: FK CONSTRAINT; Schema: public; Owner: postgres
--

ALTER TABLE ONLY public.auth_group_permissions
    ADD CONSTRAINT auth_group_permissions_group_id_b120cbf9_fk_auth_group_id FOREIGN KEY (group_id) REFERENCES public.auth_group(id) DEFERRABLE INITIALLY DEFERRED;


--
-- Name: auth_permission auth_permission_content_type_id_2f476e4b_fk_django_co; Type: FK CONSTRAINT; Schema: public; Owner: postgres
--

ALTER TABLE ONLY public.auth_permission
    ADD CONSTRAINT auth_permission_content_type_id_2f476e4b_fk_django_co FOREIGN KEY (content_type_id) REFERENCES public.django_content_type(id) DEFERRABLE INITIALLY DEFERRED;


--
-- Name: auth_user_groups auth_user_groups_group_id_97559544_fk_auth_group_id; Type: FK CONSTRAINT; Schema: public; Owner: postgres
--

ALTER TABLE ONLY public.auth_user_groups
    ADD CONSTRAINT auth_user_groups_group_id_97559544_fk_auth_group_id FOREIGN KEY (group_id) REFERENCES public.auth_group(id) DEFERRABLE INITIALLY DEFERRED;


--
-- Name: auth_user_groups auth_user_groups_user_id_6a12ed8b_fk_auth_user_id; Type: FK CONSTRAINT; Schema: public; Owner: postgres
--

ALTER TABLE ONLY public.auth_user_groups
    ADD CONSTRAINT auth_user_groups_user_id_6a12ed8b_fk_auth_user_id FOREIGN KEY (user_id) REFERENCES public.auth_user(id) DEFERRABLE INITIALLY DEFERRED;


--
-- Name: auth_user_user_permissions auth_user_user_permi_permission_id_1fbb5f2c_fk_auth_perm; Type: FK CONSTRAINT; Schema: public; Owner: postgres
--

ALTER TABLE ONLY public.auth_user_user_permissions
    ADD CONSTRAINT auth_user_user_permi_permission_id_1fbb5f2c_fk_auth_perm FOREIGN KEY (permission_id) REFERENCES public.auth_permission(id) DEFERRABLE INITIALLY DEFERRED;


--
-- Name: auth_user_user_permissions auth_user_user_permissions_user_id_a95ead1b_fk_auth_user_id; Type: FK CONSTRAINT; Schema: public; Owner: postgres
--

ALTER TABLE ONLY public.auth_user_user_permissions
    ADD CONSTRAINT auth_user_user_permissions_user_id_a95ead1b_fk_auth_user_id FOREIGN KEY (user_id) REFERENCES public.auth_user(id) DEFERRABLE INITIALLY DEFERRED;


--
-- Name: dashboard_connectionsbookentry dashboard_connection_book_id_8fcdfbea_fk_library_b; Type: FK CONSTRAINT; Schema: public; Owner: postgres
--

ALTER TABLE ONLY public.dashboard_connectionsbookentry
    ADD CONSTRAINT dashboard_connection_book_id_8fcdfbea_fk_library_b FOREIGN KEY (book_id) REFERENCES public.library_book(google_book_id) DEFERRABLE INITIALLY DEFERRED;


--
-- Name: dashboard_connectionsdraft dashboard_connection_created_by_id_2d7b35e6_fk_auth_user; Type: FK CONSTRAINT; Schema: public; Owner: postgres
--

ALTER TABLE ONLY public.dashboard_connectionsdraft
    ADD CONSTRAINT dashboard_connection_created_by_id_2d7b35e6_fk_auth_user FOREIGN KEY (created_by_id) REFERENCES public.auth_user(id) DEFERRABLE INITIALLY DEFERRED;


--
-- Name: dashboard_connectionspuzzle dashboard_connection_created_by_id_f127ba89_fk_auth_user; Type: FK CONSTRAINT; Schema: public; Owner: postgres
--

ALTER TABLE ONLY public.dashboard_connectionspuzzle
    ADD CONSTRAINT dashboard_connection_created_by_id_f127ba89_fk_auth_user FOREIGN KEY (created_by_id) REFERENCES public.auth_user(id) DEFERRABLE INITIALLY DEFERRED;


--
-- Name: dashboard_connectionsbookentry dashboard_connection_group_id_4ceb6bd6_fk_dashboard; Type: FK CONSTRAINT; Schema: public; Owner: postgres
--

ALTER TABLE ONLY public.dashboard_connectionsbookentry
    ADD CONSTRAINT dashboard_connection_group_id_4ceb6bd6_fk_dashboard FOREIGN KEY (group_id) REFERENCES public.dashboard_connectionsgroup(id) DEFERRABLE INITIALLY DEFERRED;


--
-- Name: dashboard_connectionsgroup dashboard_connection_puzzle_id_b449725f_fk_dashboard; Type: FK CONSTRAINT; Schema: public; Owner: postgres
--

ALTER TABLE ONLY public.dashboard_connectionsgroup
    ADD CONSTRAINT dashboard_connection_puzzle_id_b449725f_fk_dashboard FOREIGN KEY (puzzle_id) REFERENCES public.dashboard_connectionspuzzle(id) DEFERRABLE INITIALLY DEFERRED;


--
-- Name: django_admin_log django_admin_log_content_type_id_c4bce8eb_fk_django_co; Type: FK CONSTRAINT; Schema: public; Owner: postgres
--

ALTER TABLE ONLY public.django_admin_log
    ADD CONSTRAINT django_admin_log_content_type_id_c4bce8eb_fk_django_co FOREIGN KEY (content_type_id) REFERENCES public.django_content_type(id) DEFERRABLE INITIALLY DEFERRED;


--
-- Name: django_admin_log django_admin_log_user_id_c564eba6_fk_auth_user_id; Type: FK CONSTRAINT; Schema: public; Owner: postgres
--

ALTER TABLE ONLY public.django_admin_log
    ADD CONSTRAINT django_admin_log_user_id_c564eba6_fk_auth_user_id FOREIGN KEY (user_id) REFERENCES public.auth_user(id) DEFERRABLE INITIALLY DEFERRED;


--
-- Name: game_dailypuzzle game_dailypuzzle_col_1_id_9539ae4f_fk_game_category_id; Type: FK CONSTRAINT; Schema: public; Owner: postgres
--

ALTER TABLE ONLY public.game_dailypuzzle
    ADD CONSTRAINT game_dailypuzzle_col_1_id_9539ae4f_fk_game_category_id FOREIGN KEY (col_1_id) REFERENCES public.game_category(id) DEFERRABLE INITIALLY DEFERRED;


--
-- Name: game_dailypuzzle game_dailypuzzle_col_2_id_cf16a570_fk_game_category_id; Type: FK CONSTRAINT; Schema: public; Owner: postgres
--

ALTER TABLE ONLY public.game_dailypuzzle
    ADD CONSTRAINT game_dailypuzzle_col_2_id_cf16a570_fk_game_category_id FOREIGN KEY (col_2_id) REFERENCES public.game_category(id) DEFERRABLE INITIALLY DEFERRED;


--
-- Name: game_dailypuzzle game_dailypuzzle_col_3_id_31788db8_fk_game_category_id; Type: FK CONSTRAINT; Schema: public; Owner: postgres
--

ALTER TABLE ONLY public.game_dailypuzzle
    ADD CONSTRAINT game_dailypuzzle_col_3_id_31788db8_fk_game_category_id FOREIGN KEY (col_3_id) REFERENCES public.game_category(id) DEFERRABLE INITIALLY DEFERRED;


--
-- Name: game_dailypuzzle game_dailypuzzle_row_1_id_5886fc02_fk_game_category_id; Type: FK CONSTRAINT; Schema: public; Owner: postgres
--

ALTER TABLE ONLY public.game_dailypuzzle
    ADD CONSTRAINT game_dailypuzzle_row_1_id_5886fc02_fk_game_category_id FOREIGN KEY (row_1_id) REFERENCES public.game_category(id) DEFERRABLE INITIALLY DEFERRED;


--
-- Name: game_dailypuzzle game_dailypuzzle_row_2_id_09f48ecd_fk_game_category_id; Type: FK CONSTRAINT; Schema: public; Owner: postgres
--

ALTER TABLE ONLY public.game_dailypuzzle
    ADD CONSTRAINT game_dailypuzzle_row_2_id_09f48ecd_fk_game_category_id FOREIGN KEY (row_2_id) REFERENCES public.game_category(id) DEFERRABLE INITIALLY DEFERRED;


--
-- Name: game_dailypuzzle game_dailypuzzle_row_3_id_9d4c1f79_fk_game_category_id; Type: FK CONSTRAINT; Schema: public; Owner: postgres
--

ALTER TABLE ONLY public.game_dailypuzzle
    ADD CONSTRAINT game_dailypuzzle_row_3_id_9d4c1f79_fk_game_category_id FOREIGN KEY (row_3_id) REFERENCES public.game_category(id) DEFERRABLE INITIALLY DEFERRED;


--
-- Name: library_author library_author_debut_novel_id_8ea1095a_fk_library_b; Type: FK CONSTRAINT; Schema: public; Owner: postgres
--

ALTER TABLE ONLY public.library_author
    ADD CONSTRAINT library_author_debut_novel_id_8ea1095a_fk_library_b FOREIGN KEY (debut_novel_id) REFERENCES public.library_book(google_book_id) DEFERRABLE INITIALLY DEFERRED;


--
-- Name: library_book library_book_author_id_d9a3b67e_fk_library_author_id; Type: FK CONSTRAINT; Schema: public; Owner: postgres
--

ALTER TABLE ONLY public.library_book
    ADD CONSTRAINT library_book_author_id_d9a3b67e_fk_library_author_id FOREIGN KEY (author_id) REFERENCES public.library_author(id) DEFERRABLE INITIALLY DEFERRED;


--
-- Name: library_book_subjects library_book_subject_book_id_405c13c6_fk_library_b; Type: FK CONSTRAINT; Schema: public; Owner: postgres
--

ALTER TABLE ONLY public.library_book_subjects
    ADD CONSTRAINT library_book_subject_book_id_405c13c6_fk_library_b FOREIGN KEY (book_id) REFERENCES public.library_book(google_book_id) DEFERRABLE INITIALLY DEFERRED;


--
-- Name: library_book_subjects library_book_subjects_subject_id_8bdfd9a3_fk_library_subject_id; Type: FK CONSTRAINT; Schema: public; Owner: postgres
--

ALTER TABLE ONLY public.library_book_subjects
    ADD CONSTRAINT library_book_subjects_subject_id_8bdfd9a3_fk_library_subject_id FOREIGN KEY (subject_id) REFERENCES public.library_subject(id) DEFERRABLE INITIALLY DEFERRED;


--
-- PostgreSQL database dump complete
--

\unrestrict 0cgNTwRQbreM03fr2wP1oAWraYXByPNqKezIKVseLMK2RppurgXoEfMlZbdqWFP

